4713,攸尔啊,女,2018-01-26 20:49:14,&#39;唉，冲着洛神赋图来的，真不应该看完的，好心情都没有了,3,0
4711,代号K76103,保密,2018-01-26 19:32:56,"这期怎么说呢？举报了几十个（20个以上?）,又屏蔽了不少......
然而还是放弃了，真心看不成，建议关闭弹幕食用......
正如有一条弹幕所说“这期弹幕毁了”......
对了，希望后来人多多举报......拜托了！！！(苦笑)",7,1
4710,老和山人,女,2018-01-26 19:10:52,这里看的是国宝，别一个个都是戛纳电影节评委了，内涵些别的有的没的有意思吗，有些人做个人吧(?￣△￣)?,4,0
4709,白R非Rp,男,2018-01-26 18:02:39,弹幕影响心情  我很恼火 本想争执  但我懒 。,1,0
4708,你靓靓的过Leslie,保密,2018-01-26 15:04:45,怪不得怪不得烂片有人看，我不是说陈晓演的不好，说实话他演的很好但真没助演好，但是因为陈晓帅啊，所以都说陈晓绝了........我是很服气的,1,0
4706,柿子饼小贩王夫人,女,2018-01-26 13:39:37,怎么次次讲说都有弹幕逼逼提词器，好好好你知道这个你真了不得，屡次讲这玩意就很烦人了啊,7,0
4704,寒川静司,男,2018-01-26 12:02:10,给舞台剧跪了。意境和内涵都完美震撼。,5,0
4703,信鲤鲂,保密,2018-01-26 07:14:50,你们怎么可以这样说晓彤！没有她怎么能突出助演本领的高超！【小电视_笑】,25,2
4702,hehuan_go,保密,2018-01-26 02:30:43,差点因为gxt错过华天，错过国宝，安利华天的访谈av5710021,4,0
4701,海森堡的阿波连同学,保密,2018-01-26 01:22:13,这期弹幕挺睿智的。。。建议关闭弹幕食用。。。,0,0
4700,Azer杠一点,保密,2018-01-25 22:31:42,洛神赋图，想起阿堵的，红尘有幸识丹青！！！,2,0
4699,啊厕所,女,2018-01-25 22:23:19,9.9分的央视爸爸,2,0
4698,五代黑山老妖,保密,2018-01-25 21:47:26,建议关闭弹幕食用！！！！！！！,4,3
4697,记忆不蠢一点都不蠢,女,2018-01-25 21:30:39,乾隆盖章的事情成梗了?,3,0
4696,青瓷艳酒,保密,2018-01-25 20:11:38,我感觉把马的名字命名为古代帝王的称号，感觉很不尊重中国历史文化啊！他在英国如果把马起名叫伊丽莎白一世，英国人是啥感受？哎。。。这期节目真是。。。感觉这一段可以说是整期节目一大败笔了,1,4
4695,青瓷艳酒,保密,2018-01-25 19:31:28,实在对关晓彤喜欢不起来，希望央视办这些节目时要慎重选择明星！选一些有涵养的，风评比较好的，争议少的明星来做这样的文化传播，这样让众多观众接受起来会比较舒心。要不看个节目，弹幕啊评论啊啥的会出演撕b言论，观看节目也受影响！相信央视的节目以后更会做得精益求精。,23,0
4694,小言午?,保密,2018-01-25 18:53:05,这集真的绝了 跑来央视来撕明星了 涩会涩会,6,0
4693,叶秣陵,保密,2018-01-25 18:24:54,如果真是写给甄宓的，人家国宝守护人不救直接告诉你了吗，人家博物院的人不就直接和你说了吗，还有洛神不是甄宓，甄宓好比洛神,4,0
4692,叶秣陵,保密,2018-01-25 18:22:49,《洛神赋》，别名是《感鄄x》不是感甄x，他有别的说法是写给亡妻，跟曹丕的，甄宓比曹丕大几岁，曹丕又比曹植大5岁，别提到洛神就甄宓，人家只是打个比喻，形容甄宓长的多好看，类似的，还有说有证据的那个，甄宓听了都要气活了，你就敢说人家的所谓的证据不是自己的猜测吗，证据感情方面的事还要证据，几千年前的感情方面的事你要讲证据，呵呵,10,1
4691,叶秣陵,保密,2018-01-25 18:19:57,《洛神赋》，别名是《感鄄x》不是感甄x，他有别的说法是写给亡妻，跟曹丕的，甄宓比曹丕大几岁，曹丕又比曹植大,2,0
4690,蝴蝶君的收音机,男,2018-01-25 16:38:10,一直觉得宁静和梅婷有点像啊,0,0
4689,蝴蝶君的收音机,男,2018-01-25 16:03:23,真是无语……乱喷嘉宾干什么，国宝节目好不好？人家是应邀来的，一群人酸个什么劲。就是这群人拉低了b站观众素质。,6,0
4688,桃夭霏,保密,2018-01-25 15:41:45,看到很多朋友买了杉泽《观山海》，现在这本书不是很好买了，想问入手了的各位都是哪里买到的，求链接！,0,0
4687,长颈鹿cr,保密,2018-01-25 14:00:51,好感是互相的，,0,0
4686,Plumise小姐姐,女,2018-01-25 12:38:31,里面的bgm都好好听！,1,0
4685,在汪星要好好的,男,2018-01-25 11:19:07,要不然这集就删了吧。反正你们也不要看文物，那还留着有什么用。(???),0,0
4684,倚天照海,保密,2018-01-25 10:47:13,那些鹿晗的粉丝们以及自称“路人”的朋友们，不管你们处于什么目的讨厌关晓彤，请你们不要恶意在弹幕里进行人身攻击以引起他人观看不适。谢谢。你们这些行为只会让人降低好感，顺便牵连到你们的爱豆。谢谢。,14,3
4683,米鸣,保密,2018-01-25 10:36:08,为什么每一条有关gxt的评论都有一个牙尖嘴利叫秀丽吃鸡的老兄疯狂护，一粉顶十黑，贵饭圈真可怕战斗力非凡，bbbb你家格格素质不高演技还尬，怎么嘛事实还不让人说啦,10,0
4682,狂神卢卡尔,男,2018-01-25 07:55:19,哎 。如果换成唐国强来主持这个节目那么会怎么样？天下万物都我的。23333,5,0
4681,欧阳扶风,女,2018-01-25 06:55:28,再刷~,0,0
4680,东条☆冠希,女,2018-01-25 01:32:40,(｀?ω??)每天来刷一遍咸菜坛，另外求别把黑GXT的打为女友粉，不知道为啥黑她的请用心看看她这期表现再去搜索一下极光之恋、GXT 空姐、GXT 站着说话不腰疼 等关键词，鹿嫂这点有啥好黑,4,0
4679,tf_lili,保密,2018-01-25 01:20:18,一周播两集吧！真好看。,0,0
4678,长安卿卿,女,2018-01-25 00:58:17,仙才叹真的好听啊！每天都来重复听啊！另外我不觉得跳过关晓彤是对国宝的不尊重哦，因为从关小姐身上并没有看到她在用心诠释这件国宝呢。跳过前世，看华天的今生就可以啦，因为这件国宝重在源头久远传承渐丰不是吗，与其看不走心的前世故事，不如多关注今生传奇吧！,12,0
4677,撒卡拿君,保密,2018-01-24 23:35:07,说空降成功的，你们因为一个不怎么重要的人，而错过了一件非常重要的国宝。替你们觉得不值。这节目的最终目的是国宝，别揪着演员不放好吗。很烦。,9,0
4676,大白软咩圆滚滚,男,2018-01-24 22:25:30,善用举报,0,0
4675,大白软咩圆滚滚,男,2018-01-24 22:21:35,国宝不为世俗所累！虽然我可能不喜欢一些明星，但是我不会因此跳过某个国宝。我觉得国宝的目的和铜镜一样，鉴古今，知兴替，明得失，重要的是继承与发扬吧！为华天小哥哥打call！人家从小生长在英国还知道报效祖国，比有些赚粉丝的钱还改国籍的明星强多了！当然也比我生长在中国但是什么也不会的人强多了……(???????)最后请大家善用举报功能，清理键盘侠，守护你我他ω,7,0
4674,WOGN,保密,2018-01-24 22:07:04,看这个节目还要喷演员的 我只想说 微博出门左拐,2,0
4673,何夜无辰,男,2018-01-24 21:08:40,这回复要是能带图片的话，我真是能把那些**弹幕一个一个揪出来婊,0,0
4672,何夜无辰,男,2018-01-24 20:49:20,我天真的意味在马镫那段会是中亚的骑兵和南北朝时期的骑兵之争，马镫发源之间互喷互相甩脸。。。我真是太天真了。。女友粉真厉害，这屏幕刷的不要不要的。,2,0
4671,沫筱洛,男,2018-01-24 17:33:43,以前姥爷们练字从五六岁开始双手吊麻袋肩窝放鸡蛋扎马步，一练就是十几年，现在人，想练好真的不太可能,4,0
4670,姓个叶子,女,2018-01-24 17:07:26,b站弹幕越来越不能看了,1,0
4669,沫筱洛,男,2018-01-24 16:44:10,全程就看到三个弹幕刷剑三居然还能把基三从头黑到尾，你们跟郭炜炜什么仇什么怨,0,1
4668,释尘sama,女,2018-01-24 16:03:37,本觉得b站弹幕素质自然要高很多，现在一看也没高到哪去了。算了，b站这么多用户，不出几个素质低的怕不是活在天堂？,6,0
4667,释尘sama,女,2018-01-24 15:53:22,也是服气，本来弹幕不多，一到关晓彤弹幕瞬间刷起来了。不是所有人都关注娱乐圈的，好好看看国宝。,0,0
4666,freeSnowman,保密,2018-01-24 13:27:20,对于那些刷屏gxt的人：那请你去制作组投递意见函，或反对意见什么的！就算在评论区公开骂她、发表意见也没问题！在弹幕里刷屏是什么意思？体现存在感？表达自己的意见？抱歉，gxt恶不恶心我不知道，但我很确定你的行为恶心到我了！这个视频不是给你一个人看的！你一个人的意见也不是最重要的！还有千千万万个观看者，你严重影响到我们的观看了！别说什么关弹幕，在公众场所，望每个人注重自身素质修养，不然根本不配看这档节目！望每个人带着对传统文化的敬畏之心来看这节目，也以传统美德来规范自己的言行！,16,0
4665,freeSnowman,保密,2018-01-24 13:09:15,我看个国宝守护节目，是来感受正能量的！不是来看你们饭圈撕逼的！想问问这些人还有点素质吗？撕逼在这里撕合适吗？！虽说言论自由，但也不能干扰别人吧？！一定要别人都和你一样去抵制、甚至唾骂某人才开心？！这就是你的言论自由？只能说你的素质、家教让人质疑！,18,1
4664,孤独时代的特洛洛洛洛,保密,2018-01-24 13:07:26,还有有的人说什么空降走，空降成功的，很自豪是吧？你们来到底是看国宝还是看明星的？好，退一步说，你们单纯为了明星而来，那可不可以麻烦你们不要影响正常人的观感？把自己的态度带到弹幕里喷很好玩是吧？,8,0
4663,Joker丶zm,保密,2018-01-24 10:14:06,一群说画里的洛神很漂亮的，是要笑死我吗？你们是真的看出来美了？真的get到了？恕我看不出来,1,6
4662,三生梦兰,保密,2018-01-24 05:05:13,我看不下去《画江湖之不良人》的一个重要原因就是里面温韬的造型人设偏美化，我不反对历史人物的二次创作，每个人都可以对历史人物有自己的理解和刻画，但温韬也算是人？画江湖既然打出历史传统的招牌，就有义务让年轻一代知道温韬在历史上是怎样一个罪孽滔天的畜生，是如何十恶不赦的禽兽！大唐盛世的地下遗风被其尽毁，仅有乾陵幸存，十八座皇陵，十八座盛唐文化宝库，何等可惜！,3,0
4661,上官依然6689,保密,2018-01-23 23:11:01,这期真的的很不错啊，咸菜坛真的把我圈的死死的，单曲循环了半个月，男神华天都有人黑我也是醉了，大静静的气质更不用说了。不知道那些弹幕一直黑个什么劲，不想看就扛起键盘滚蛋就完了，每期都撕逼，心理别那么扭曲不行吗,4,0
4660,孤独时代的特洛洛洛洛,保密,2018-01-23 21:36:03,"我就一路人，说说看到弹幕里喷关晓彤的我的个人想法。
她作为一个公众人物，有人粉就有人黑。加上前阵子鹿晗的事，黑她的更多了。关晓彤一出镜弹幕就开始喷，喷这里不对那里不对。但是喷子们喷人麻烦看场合，大部分人之所以来b站看视频不是为了看你们喷人的是为了普及和接受普及知识的。结果呢？弹幕礼仪都过了的人却依然一直贬低关晓彤，不顾其他人的感受，说她恶心，你们就不恶心了吗？喷人的地方有很多，但是不是在这里。",23,12
4659,你家老公玩死你,保密,2018-01-23 21:09:05,"关晓彤那句我为什么要守护它的意思应该是为什么是这件文物而不是其他的。这句话就别黑了
但是请关小姐磨练一下自己的演技与挑戏的水平还有情商",11,16
4658,大bug,女,2018-01-23 20:49:16,这期的播放量得加加油啦，都快被后面的赶上啦,0,1
4657,Pl?tzchen,保密,2018-01-23 19:04:53,千万不要和弹幕里的知识青年们认真，他们能知道浮世绘已经很了不起了，较真下去只有个生气的份儿。,2,0
4656,锦鲤不是咸鱼,女,2018-01-23 13:15:50,如果关晓彤没有成为鹿晗女朋友，那么评论立刻就是另外一个风向了。“晓彤好可爱！”“国民女儿真性情”“这个古物和她好配，喜欢”怎么在哪都有一群恶心至极的人刷存在感呢？鹿晗就算不和她在一起，难道就看得见你们？好好看个节目，赞美央视爸爸，非要有一群脑子有坑的人在上面bb“哎呀gxt一生黑”“不看不看，跳了！”你们爱怎么样谁在意？人家还是甜甜蜜蜜过得比你们好。到处挑人骨头缝，你们这么厉害怎么还只是在下面发弹幕？,14,36
4655,十二月不一样的雪天,保密,2018-01-23 12:21:08,"赝品主要是2种，第一近代书法或字画的大师所作，采用现代技术使得作画，字很还原，创作时间很短，区区几十年甚至就几年；第二种年代是久远，有的甚至就是同一时期，但作画，字人可能就只是当时一个普通的作画，字家，其虽年代久远，但价值就很一般。
摹本不仅要有一定的年代，创作者还要是史书上有记载有名的书法字画大家，或者皇室组织临摹。（如有误或补充请留言）",1,0
4654,楚陆离mio,女,2018-01-23 12:12:37,我想对那些嘴上说着:我要好好练字了。那些人说:如果你真的打算好好练那就练，如果只是为了跟风那请你不要侮辱书法，为什么这么说，因为我是一名书法专业的学生，我想说，书法并不是所有人能够写的，这并不是我很自负，骄傲，我的说法是有理有据的，古代人人提笔写字，能叫得上名字的书法家寥寥无几，所以，对于现在这种书法社会体横行，我表示很心痛，如果真的想学书法，那就看一下《沈尹默学术有法》《白蕉论艺》这样的有理有据的书，别听现在的培训班的老师的说法，因为他们真的是耽误人，那不是从秦小篆传下来的正统的方法，真的，希望那些真正热爱书法的人不要被耽误了,6,4
4653,大王的椒香鱼饭,女,2018-01-23 09:59:15,既然是宋人临摹的，那原版真迹呢？,0,4
4652,御姐养成导师,男,2018-01-23 08:18:11,酸民什么时候什么地方都有，烦不胜烦,0,0
4651,蓝色盒子里的住户,男,2018-01-23 05:52:19,啊啊啊啊啊啊啊啊啊啊啊啊啊啊啊啊啊啊啊啊啊啊啊啊啊Doctorwho的BGM啊啊啊啊啊啊啊啊啊啊啊啊啊啊啊啊啊啊啊啊啊啊啊啊啊,0,0
4650,展嘟嘟w,保密,2018-01-23 03:36:44,"我就想说，请了gxt就请了吧，演技不好也算了，毕竟人家说了，要对现在的青年演员别太吹毛求疵了，行，可以，不挑演技。
那我能不能说说gxt的素质？
这回喷子们不会说我是某女友粉了吧？？？
1.细数前几期所有演员，我从来没见过跟馆长说话坐在展台上的，你能不能放尊重一点？就算您大小姐厉害极了，但是馆长即便从年龄上说，也是长辈了吧，一位长辈站着跟你说话的时候你要斜坐着？你确定你有家教这东西？可能是我们家小门小户，但是我们家从来没有长辈站着我坐着说话的时候。
2.什么叫【我为什么要守护它】怎么着，你来这个节目连自己做什么的都不知道？那你来干嘛？来蹭热度？还是觉得国宝配不上你格格的高贵身份？
不追星不怎么看电视剧，我不是某男星粉丝，也不是什么网络暴力喷子，我只想说，这么一个很好的节目，我特意带上我上小学的弟弟一起观看的，在我看来教育意义很强的节目，不该找这样的人出演，她的素质让人惊叹，也希望gxt不要再卖国民闺女人设了，如果现在的女孩都跟你一样的素质，那才是滑天下之大稽，令人咂舌。
中国号称泱泱大国礼仪之邦，从古至今都极为在意礼数，gxt配不上这个节目。",30,18
4649,hw_寒絮丶,男,2018-01-22 23:54:05,南博不会是压轴吧,1,3
4648,扶桑大帝,保密,2018-01-22 21:20:09,37:12是我看错了嘛，关还坐靠在展台架上？？？还我为什么要守护它？？？[小电视_嘟嘴],8,1
4647,哈哈哈核uu,女,2018-01-22 21:16:11,注意仙才叹歌词，每句最后一个音都是an,2,0
4646,瓜瓜瓜瓜爷ww,女,2018-01-22 20:06:50,宁静演技爆炸！！！,5,0
4645,用尽我的生命,保密,2018-01-22 19:21:40,看完大明宫中再来看这期的国家宝藏，我只能说索然无味（不是说这节目不好）。,0,0
4644,断脊之王八,保密,2018-01-22 19:20:18,光捡马镫有屁用，不捡马鞍子能骑马吗,1,1
4643,夜的章程,男,2018-01-22 14:57:06,辣鸡弹幕从开始刷到结尾，很难想象是怎样的深仇大恨，本期的确有恶心人的地方，就是那些辣鸡弹幕,9,6
4642,夜的章程,男,2018-01-22 14:33:56,难道不是一群某娘炮的**粉失恋导致的？,2,5
4641,七月空折枝,男,2018-01-22 12:42:28,小时候家里喊练字，老是不耐烦没耐心，现在写的字真的自己都嫌弃……,5,0
4640,阿胎带人家上12段,保密,2018-01-22 12:19:57,"我本来是想给这期刷个播放量的，没想到
看到了关在节目里的细节，馆长先生在和她讲宝贝，她靠还是坐在玻璃柜外的栏杆上。
起来！你没他们值钱！
港真我们上课也不会趴着听老师上课啊，就这种对节目对观众对国宝不尊重不负责任的态度，还想观众对她有好态度？
至于说某些圣母心说可怜关小姐被黑的，可怜之人必有可恨之处，就这处事态度，反正我是黑一辈子了。(;?_?)(;?_?)",29,11
4639,二植叔,男,2018-01-22 10:01:05,我一直记得这首歌叫仙人叹，百度出来的全是仙人跳。。。我也很尴尬,3,1
4638,PQ九州,男,2018-01-22 08:11:37,"我X得《家藏》一年都有的忙！
第一季度：
1.C目《家藏》放送！
2.大/微影《家藏》27部IK_⑴z！
第二季度：
1.故m古物所《家藏》特展I洳贾茫
2.大/微影《家藏》27部uu地拍z完成！
第三季度：
1.在暑假，故m古物所《家藏》特展_始！
2.《家藏》≡诠m古物所演出！
3.大/微影《家藏》27部在中央放送！
4.新一季《家藏》古物列所接洽KI洌
第四季度：
新一季《家藏》制！",0,0
4637,西瓜钥匙,保密,2018-01-22 07:59:10,跳过关晓彤那段来看，国宝魅力可比关晓彤大啊～(￣￣～),4,0
4636,关键我叫陈纯洁啊,女,2018-01-22 07:45:28,跪求辽宁博物馆具体位置 想去玩,0,0
4635,关键我叫陈纯洁啊,女,2018-01-22 07:45:14,求问 辽宁博物馆的具体位置,2,2
4634,谁动了我的芝士年糕,女,2018-01-22 00:54:19,虽然我对关晓彤也没有很大好感，但是我觉得她是真可怜，她是干了什么伤天害理的事让弹幕王者们这样子骂她？？你觉得她演的烂那你就别看她的剧不就好了，你不爽她你别关注她的信息不就好了？？？某些弹幕的明嘲暗讽、捧一踩一真的有够恶心的。退一万步讲，她再怎么样也只是个20左右的小姑娘，你们这样向一个小姑娘网络暴力良心不会痛的吗？,12,8
4633,川建国同志,保密,2018-01-22 00:42:41,北京一件陕西出土，上海到好，两件[小电视_笑],1,0
4632,DDwaiting,保密,2018-01-21 23:04:14,"心疼我大辽博
没有定语不说，还被各种“diss”
先是90后美术老师的“洛神赋图”被评论“我又不是来看你的图”
然后就是gxt引起的si bi高潮，然后diss人家华天从语言到赤子中心
然后就是万岁通天帖，一群刷“万通筋骨贴”的也是醉了
最厉害的是diss两个临摹本的，也真是厉害了，对临摹都不是真迹都是假的。
还有，那些说辽博凑数的我也呵呵了
应该请你们来看冰溜子就好了",24,3
4631,肖战女友,保密,2018-01-21 20:36:29,不发在弹幕里影响观看，特来评论区说一句：日哦，都不提醒我这期有gxt？,12,4
4630,左左iii溢溢,女,2018-01-21 19:36:12,哈哈哈助演贼可爱,5,0
4629,APH什么时候出第七季,保密,2018-01-21 15:46:48,www您好，您在视频#{ 【央视/人文】《国家宝藏》第五期：新中国的第一座博物馆――辽宁省博物馆}{&#34;http://www.bilibili.com/av18079100&#34;}中举报的弹幕『真.老九门  可以』已被删除，原因是『视频不相关』，感谢您对bilibili社区秩序的维护，哔哩哔哩 (b-b)つロ 干杯~,10,2
4628,也萧萧萧,保密,2018-01-21 13:11:27,"忽然摸回这一期留一句评论…
这是我第一次听说花木兰在营中管自己叫花木兰。",18,0
4627,九系风,男,2018-01-21 12:54:39,华天这个人我在2008年的华人故事节目里就听说过了。当时中国还没有马术运动员。他在采访节目中就说过自己将在本届奥运会上代表中国参加马术比赛。虽然那一届他失败了。（当时他也说过，这项体育比赛非常耗费人力物力财力，属于典型的贵族运动，就算放眼全世界，那普及程度也不能和其他热门项目比较。）,10,0
4626,在汪星要好好的,男,2018-01-21 11:50:42,第五集弹幕素质极差，你们是看人还是看文物，你自己跳非要说出来，刷存在感?你讨厌她并不代表所有人都能纵容你的行为。,11,0
4625,开花的moummm,女,2018-01-21 11:39:45,看完第六期，还是忍不住来补第五期，虽然有那谁，可是今生讲述人是华天啊啊啊，冲着他我要来看。,6,0
4624,红豆饼M,男,2018-01-21 06:17:46,听到“我为什么要守护它呢”这话的时候。抱歉，打扰了(??_?`),15,0
4623,窒相,保密,2018-01-21 03:14:34,到现在还有好多弹幕在说国博，拜托真的是可以了啊，国博的国不是中国吗，国宝的国不是中国吗，怎么搞的好像被外国人拿去了一样，那么多真的在国外的还心疼不过来呢啊，更别提那些已经永远被毁了的………,9,2
4622,晓易易,女,2018-01-21 02:30:51,太心痛了，，，，现在能留下来的，多不容易啊，就冲着这些，怎么能不自信呢,3,0
4620,弟弟洗洗也能用,女,2018-01-21 02:19:15,关晓彤演技是有的，动作语气自然不做作，但是语气行为缺乏气势没能驾驭花木兰这个角色。,2,0
4619,五路拖拉曼兔子,男,2018-01-21 02:15:37,这期其实不是很喜欢。弹幕各种撕X，焦点是关晓彤。我倒是真想说道说道关晓彤，但是怕吵起来，还是算了吧。只一点，关晓彤，真的不配。,21,0
4617,紫竹林雾,女,2018-01-21 01:45:44,"看一期文博节目涨涨知识都无辜躺枪……
小学生阅历浅没错但是我们也在不断的努力学习啊
是，我们的文化水平的确没你们高，但是我们也在学习
我今天找姥爷学篆字，明天早老师临摹仕女图
我们还要做什么才能不让你们这些大人骂我们？！
小学生一开始指的是无知的人，但是又为什么把无知的人比做我们？！
小学生也是人，也需要尊重
请各位自重谢谢",9,9
4616,晓易易,女,2018-01-21 01:44:59,怎么说呢。。看完之后觉得我更会怼人了？？[2233娘_喝水]真心希望键盘侠少一点,3,0
4615,云寻墨,女,2018-01-21 01:30:26,我感觉那个关晓彤颜值可以演技不行啊，台词念得没啥感觉啊，满是英气的花木兰愣是被养成了骄里娇气的大小姐，尤其是最后一个杀字，我的天呐喊的软绵绵的完全没有那种杀气腾腾的感觉，就跟玩儿似的→_→,17,0
4614,周七不是cp,男,2018-01-21 01:25:21,这些鹿晗的女友粉真的好没意思啊！唉真是一家人不入一家门！,9,0
4613,晓易易,女,2018-01-21 00:50:02,为什么一直纠结陈晓的演技。。真当某诞生了？？本来就是要突出曹植难不成他去抢戏吗，而且我觉得演的蛮好啊，可能有些大佬看不上吧[小电视_无语],11,0
4612,AIchester,男,2018-01-20 23:33:11,近代的中国人是没有民族大义的，现在还好，但在晚清以及民国时期，随着清长达几百年的思想上的遏制，致使当时的中国人完全意识不到自己是个中国人，没有作为华夏民族的自豪感，致使我国文物、古建筑的流失以及思想上的奴性。欲灭其国，先去其史；欲夺其人，先夺其心。如今要想实现中华民族的伟大复兴，思想上要做到的，首先是文化自信和民族自豪感，然后要做的，就是合理地域外来文化的入侵，清朝虽然亡了，但有人的辫子还在，不过我们无需过多关心，先辈们用鲜血走出来的路，量他们也不敢用自己的血再走一次,11,4
4611,月七少,女,2018-01-20 23:08:22,要撕逼来评论好吗？！！！！,1,0
4610,陌少川,保密,2018-01-20 21:04:29,天辽地宁，壮哉辽宁,6,0
4609,樱实雨,女,2018-01-20 21:04:03,我求求你们了好不好～这个节目的初衷是让我们了解国宝，了解中华上下五千年的。暂且不说制作组多么良心，只说其中的国宝就已经很震撼了。你们难道不会因此而骄傲吗？演员的介入，是为了激发我们的兴趣，更好的让我们了解历史，就算演员本身怎么怎么不好，就算演员演技怎么怎么样，我祈求你们，不要因为个别原因而错过了美好的东西。辽博还有很多很多更好的东西，求求你们不要再喷我大辽博了好不好～马**************也特别有意义。求求你们了！作为一个地地道道的辽宁人，樱樱在这里请求你们:请不要因为某些原因就错过了这么好的节目，请不要因为某些原因就错过了国宝的价值，请不要因为某些原因就遗忘了最初的真谛！请允许我我在这里，代表我大辽宁，向你们发出请求，期待你们对辽博的支持！大恩不言谢！,27,0
4608,一杯不科学的冻柠,男,2018-01-20 20:50:58,我觉得铜鎏金木芯马镫的票数不会多，你们看啊，历期不管是瓷母、越王勾践剑、千里江山图、洛神赋图等这些国宝级文物，加上众位明星演绎的前世故事，以及今世故事，都让人感动不已，甚至感动到流泪都有！而铜鎏金木芯马镫这个国宝级文物的“前世今生”，本身是好，看前面的那些国宝级文物，不管是所请的明星、演绎以及今生讲述人都有莫大关联，同为是中国人（不是歧视混血儿），以中国传统的观念去想的话，这一期的中段安排得完全不如其它的，怎么说呢！因为对于不熟悉的国宝而言（旁观者角度），不管它的历史含义或者对人类的贡献有多么重要，只要是用口传历史的方式来表现的话，在中国传统中以一个非国人的态度去传艺，虽然会感动有一丝丝自豪感，却没有为自己身为中华民族的子民而感到无限的自豪感，********的好感度大打扣折！其它国宝都有着一点的共同点，它的前世与它的今生，和哪些人有所联系着，虽说西方马术起源于中国马镫的基础上发展出的新文明，换个角度去想：这不是以咱们自个的国宝为题，讲述西方的文明吗？（以上是我个人的见解）,6,2
4607,云鬼灵,保密,2018-01-20 20:44:18,关晓彤她的作品人品我都不清楚，也不喜欢鹿晗，只是觉得她不适合来这里，之前的国宝守护人都是有资历还有演技的（而且气质都很好），关有吗？其实没资历也还好，但是她演技。。。。简介里花木兰是个有想法有担当的少年人，关演的起来却是个不知天高地厚的小子，台词功底也很差劲，一点感染力都没有，我。。。。,19,3
4606,呀少吃点,保密,2018-01-20 19:02:01,我天，居然有华天，激动,5,0
4605,未来科技有限公司后勤部部长,保密,2018-01-20 18:56:20,其实emmm感觉gxt那个小剧场的氛围太儿戏了 毕竟是战场呀,6,0
4604,未来科技有限公司后勤部部长,保密,2018-01-20 18:26:59,有没有合七的小伙伴呀～陈晓的高中校友看这里～～学长最帅hhhhh(｀?ω??),5,0
4603,T_T蠢狗,保密,2018-01-20 18:22:43,仙才叹越听越好听，被朱峰大大圈粉的如此猝不及防……(???),5,0
4602,欧の彼岸,男,2018-01-20 17:56:54,国家宝藏真的是一个很好的节目，可是花木兰的选角的确应该斟酌斟酌。,15,0
4601,伊万不拆cp不舒服斯基,女,2018-01-20 17:31:06,洛神赋图。真迹木有了。太可惜了啊,8,2
4600,斯芬克斯达,保密,2018-01-20 17:03:38,[小电视_汗]安静看国宝 行呗[小电视_思索],2,0
4599,远山鹤起汝不归,保密,2018-01-20 16:43:06,谁能告诉我片头出现的那副草书是哪个作品，我看着眼熟，麻烦了,0,0
4598,百年组大旗我来扛,女,2018-01-20 16:40:33,这个花木兰完全一个娇里娇气还撒娇的大小姐( ?_f｀)久经沙场的女英雄演成这个样子实在…为了国宝我没跳一点，但说实话我看完后很后悔，不如把gxt演的地方跳了去，单看华天可能更好些。不是分不清轻重，但gxt作为国宝守护人和文物是扯不开关系的，没有那个底蕴和气场，偏偏来了，简直糟蹋国宝…,13,4
4597,某兔狲狂热粉-阿影,女,2018-01-20 14:28:21,催更！嘻嘻,0,0
4596,窃酵舟,男,2018-01-20 13:49:33,这节目有你们所说的那么好？难怪会有“古剑粉”。,1,1
4595,Ifruit236,男,2018-01-20 13:10:01,有全程不跳的吗？,13,0
4594,苏辰abby,女,2018-01-20 12:41:15,最让我憾然的是还有嘲笑辽博没国宝的弹幕，先不说这几样笔墨真迹最早马镫的价值就已经完全称得上国宝级别了，辽博里陈列的簪花仕女图、辽代陶瓷、历代碑志等，都是举世无双的珍品，这种文博探索类节目果然最能体验出观众的文化水平以及道德素质，有些“小学生”还是不要口出狂言，暴漏自己的无知本性了。,28,0
4593,2019我最棒,女,2018-01-20 09:16:48,仙才叹，,3,0
4592,三径荒,保密,2018-01-20 01:51:47,关于关晓彤这位女明星的是非之争，各位请在评论区尽情撕，不要发弹幕好吗？本来这段节目就要因为演技问题尽可能的集中精神，你们这么吵真的很……唉。很喜欢马蹬，如果没有马蹬，骑兵文化真的会被大大削弱光彩啊。,14,1
4591,砂砾米瞳,保密,2018-01-19 21:35:06,曹植这段是所有之中最喜欢的了！！刷了好多遍！,11,0
4590,妖异龙梦,男,2018-01-19 21:32:33,我在想，西方在没有马镫传入之前他们是怎么作战的。,1,8
4589,虞玉,女,2018-01-19 21:21:09,。。。。gxt，请了就请了吧，但是我怀疑他们老师是不是没给她讲过《木兰诗》，在这个小短剧中她给我们展现的只有一个有点任性的小姑娘的形象，但是花木兰是个战士，是个军人，还有。。。。能说好普通话么(;?_?)。,17,2
4587,秘制我锥,女,2018-01-19 20:36:22,大家别被某花影响了情绪，国宝还是要看的,11,1
4585,我真不是那种人e,男,2018-01-19 20:26:49,唉，还希望央视能请一些名声比较好的演员明星,11,0
4584,白曦月明,保密,2018-01-19 20:16:26,有些弹幕能不能消停点，没人说她演技差不能说，能不能别在弹幕里讨论，别人没那么闲不想在乎她演技好不好，大家是来看国宝的，不要影响别人看节目了。[2233娘_喝水],15,1
4583,云起无归期,女,2018-01-19 18:59:25,关需要努力沉淀磨炼，继续走流量小花路线，真的把自己大好优势磨没了。真的一个好的故事讲述人能够更引领观众去感受国宝内在的韵味，节目组考虑到了关可以吸引关注但到底她还是缺了底蕴,9,0
4582,秘密小彬,保密,2018-01-19 18:58:03,点赞！！中国万岁！！！华夏万岁！！！！！！！！,1,0
4581,论百川胖次的重要性,保密,2018-01-19 18:05:05,→_→因为GXT拖到现在都没看的只有我一个人吗？,8,12
4580,空丸☆,男,2018-01-19 17:50:47,宁静演的太好，台词非常棒，这期其他人都黯然失色…,6,0
4579,纯黑骑士团,女,2018-01-19 15:36:46,关晓彤?再见,8,1
4578,山鬼吟诗,女,2018-01-19 15:07:01,(=?ω?=)国家宝藏,1,0
4577,他大爷白,保密,2018-01-19 14:15:17,有些人国籍是中国，但心已经不是中国了,6,1
4576,他大爷白,保密,2018-01-19 13:53:43,央视爸爸：bgm不够用了,9,0
4575,Gekront,女,2018-01-19 13:01:17,绘本为什么某宝没有卖,0,1
4574,回忆の鹿,男,2018-01-19 12:23:40,这期的播放量真是优点惨，感觉后面湖南那期马上就赶上来了。。。（￣￣）,6,4
4573,cassilf,保密,2018-01-19 12:21:28,节目组以后别请这种光有流量没有演技的小花了。。。。。,19,0
4572,推土机101,保密,2018-01-19 12:01:16,以后还是不要请小鲜肉小鲜花了，这一期的播放量啊感觉生生拉低了啊(;?_?),13,0
4571,雨余烟草弄春柔,保密,2018-01-19 11:32:36,这一期的播放量……[小电视_赞],6,0
4569,无限溃烂,保密,2018-01-19 00:01:07,突然看到gxt，吓得我迅速跳过。（最近这么到处都是她……后台硬到底是不一样呢科科简直是玷污了国宝……）,23,0
4568,夜晨咏天,女,2018-01-18 23:57:09,看到很多弹幕撕关，为啥感觉很多人都是人云亦云，自己就听说几件事就以为自己很了解，然后就鄙视人家……你们自己不想看，跳就行，真的也是十分心烦了。有路人想好好看,21,2
4567,呆傻1997,女,2018-01-18 23:52:26,大静静演的那么好，你们怎么都去关注关晓彤了？不喜欢直接跳过不就行了…→_→,16,2
4566,atandt1047,保密,2018-01-18 23:36:50,gxt的台词真的很差，都不用和宁静比,4,0
4565,Yasandre,保密,2018-01-18 23:13:33,我一直觉得台词是最低调的亮点 上下五千年 华夏之中上古文明开源之地  （对，看谁再黑我大河南！）龙 生则腾跃于宇宙间 隐则伏于波涛内，通俗易懂而不拘于俗，反正我觉着好,3,0
4564,冰染的秋天,保密,2018-01-18 23:10:58,为宁静打call,2,0
4563,DoctorRiver,保密,2018-01-18 22:02:20,循环几天了 看陈晓的眼神 总觉得视频里顾恺之是洛神转世 为了再见子建[小电视_哭泣],19,0
4562,林三十四,保密,2018-01-18 21:27:49,曹植：嫂嫂~[狐妖_脸红],0,0
4561,lividite,女,2018-01-18 21:14:28,不行了馆长的口音太熟悉了……出戏?,1,0
4560,固兰生,保密,2018-01-18 21:02:48,很想看到甘肃博物馆的铜奔马啊，可能没有。。。。,1,0
4559,迩月生,保密,2018-01-18 20:27:53,"佛曰:人生有八苦:生，老，病，死，爱别离，怨长久，就不得，放不下。
                                      DD仓央嘉措",8,1
4558,西沙考古队,保密,2018-01-18 20:09:20,好喜欢武则天,2,0
4557,西沙考古队,保密,2018-01-18 19:56:28,华天的家世真是……小说都不敢这么写……人家中文不好，为了更好的表达说英文怎么了？事儿不事儿？,18,0
4556,越意拙溪,男,2018-01-18 19:30:38,好喜欢大静静，可惜她没演老秦人的虎符233333,2,0
4555,七时为念,女,2018-01-18 19:04:41,弹幕戾气真重 你没文化没去了解过相关的安静看就是了 如果感兴趣就去找书看看 不懂装懂显得你很厉害吗 你自己文化不自信不代表所有人都这样,8,13
4554,西沙考古队,保密,2018-01-18 19:01:00,国立叔的咬字好清楚，听着舒服。,1,0
4553,t卷小,男,2018-01-18 17:08:25,曹植之才不值八斗，曹操值，谢灵运之论不足观。,2,8
4552,留待舞人归,保密,2018-01-18 15:38:52,陈晓好帅，以前竟然没觉得,2,0
4551,Sweet-Matcha,保密,2018-01-18 15:21:12,看完陈晓，看宁静，emmm跳过一段，中间跑去看了下华天,10,0
4550,墨子花烟香,男,2018-01-18 14:18:58,mark,0,0
4549,不想洗脸,女,2018-01-18 14:16:19,我大辽宁(?；ω；`)洛神的故事好动人 还有书法真的是太美了,2,0
4548,Ms顾ve,女,2018-01-18 12:47:57,只想问国家宝藏选择明星的是什么呢？为什么辽宁这期都没用辽宁人呢？,7,0
4547,不一样的一样人,男,2018-01-18 12:14:49,有没有大神将每集的BGM整理出来呀，谢谢,0,1
4546,欧阳扶风,女,2018-01-18 11:23:42,再刷~,0,0
4545,英雄母亲曹孟德,保密,2018-01-18 11:09:08,小时候从来不看央视，觉得刻板又无聊，长大了以后才发现最有味道的还是央视。,12,0
4544,哎呀我好卡,男,2018-01-18 10:58:29,评论戾气真重啊,5,0
4543,阿香的雪非烟,保密,2018-01-18 09:47:39,各种釉彩评论(???),5,0
4542,孤坟君,保密,2018-01-18 07:10:13,人身攻击的皆已举报,2,0
4541,君子瑟兮,保密,2018-01-18 02:51:27,烦关晓彤，更烦弹幕里某些喷粪的人。嘴从弹幕一直脏到评论区也是够够的，人家说句台词都能被键盘侠们扯到床上的事去。关晓彤是尴尬，你们是恶心。好好的国宝节目弹幕被搞得像某区垃圾场一样。,11,0
4540,处理大忽悠了吗,女,2018-01-18 02:24:34,这期播放实在是不行，湖南省博物馆那期几天就起来了，唉，国宝守护人不能乱找啊,7,0
4537,花花花冠晨,男,2018-01-18 01:27:04,弹幕里那句“我们东北的狍子可难骑了”真是太搞笑了！哈哈哈哈哈哈哈！,7,0
4536,拾壹楼的疯子馆主,男,2018-01-18 00:41:20,"三款文物，各有底蕴
洛神图：艺术造诣
鎏金蹄：军事影响
万词赋：文笔传承",6,0
4535,只因有你,保密,2018-01-18 00:04:06,半个辽宁人路过(=?ω?=)很喜欢洛神赋,1,0
4534,一叶精灵,保密,2018-01-17 23:37:17,"这一期估计是观看量最少的了。
原因估计就两点，国宝选的不太走心，流量鲜肉尬演，没感情",11,0
4533,松子笑不语,男,2018-01-17 23:18:37,乾隆一世英名，毁于国家宝藏哈哈哈哈哈,13,3
4532,夜o0鱼儿0o,保密,2018-01-17 22:27:16,回来N刷突然发现央视爸爸把辽博的前缀给补上啦,1,0
4531,前路在心里,保密,2018-01-17 22:23:17,好心痛，傅仪真的该……我国的文物啊,0,0
4530,不喜欢你呐,男,2018-01-17 21:32:16,[小电视_嘟嘴][小电视_嘟嘴][小电视_嘟嘴]噗嘿嘿,0,0
4528,雨椤melody,女,2018-01-17 20:17:00,这些弹幕真的是。。。你们是来看人还是看国宝的？？？？？这么在意人家干嘛啊。。。本来是来看国宝的结果弹幕一直在说gxt怎么怎么样，真的很烦啊，而且很多说的还不是在这个节目上的，真的是。？？,13,0
4527,阿音的小娘子,保密,2018-01-17 19:43:45,洛神赋图的绘本求问哪里有卖？某宝没看见啊,0,2
4526,修小呆,男,2018-01-17 19:06:20,不说GXT好不好，只是真的好尬,0,0
4525,青山厄洛斯,女,2018-01-17 19:04:07,gxt和其粉丝真是绝了，还在扯那一套“你行你上”，我不行所以我不上，你上了你就得行，这段小剧场真是最糟糕没有之一了，全程双眼无神台词无感情，作为一个观众难道还不能对不够好的演员提出问题了，还说什么对女生的偏见，怎么没弹幕说宁静呢，因为人家比你高到不知道哪去了嘻嘻。在这样的节目下面说这么多无关话题真挺没劲的，但是这期弹幕看得我很气了，如果真如一些弹幕所说她的演技没问题的话，ojbk了以后大家一起看极光之恋吧(⌒⌒),34,4
4523,徐子依,女,2018-01-17 18:38:32,(｀?ω??)(｀?ω??),0,0
4522,冀北昀易南,女,2018-01-17 17:54:33,膜拜静女王~,2,0
4521,人间视察,保密,2018-01-17 16:08:16,才擦了水乳，又被鼻涕眼泪糊上了(s°口°)s(┴―┴,3,0
4520,粽子酱QvQ,保密,2018-01-17 15:41:43,一念台词，求不得那一段立即想到伊墨和沈清轩，幸好殊途而同归，而不是与曹植与洛神那般。歌真的好听好应景,5,0
4519,叫我殿下,保密,2018-01-17 14:51:43,对华天路转粉,2,0
4518,刘易超傻鲍鱼,男,2018-01-17 14:46:30,"我来晚了不好意思，请大家跟我学东北话：
太阳热(yè)，日(yì)头足，晒(sài)得（dei)人(yín)肉(yòu)疼。",1,0
4517,Letic,男,2018-01-17 14:33:39,刷新了这个节目尬演下限 看不到一丝感情带入,7,0
4516,白马即墨,女,2018-01-17 14:23:20,其实不需要每一位国宝守护人都要是流量明星，关晓彤守护的鎏金马镫，台词演技都尬，她自己都没能认真去感受这件文物，真是让人不舒服,32,0
4515,沧洱・山河,保密,2018-01-17 13:52:49,关的演技emmmmmmmm好尬啊，群演的演技甩她好几条街了( ?_f｀),13,0
4514,肇骊hjm,女,2018-01-17 13:12:44,西安人，很喜欢辽宁历史，尤其是五胡十六国时的慕容家族，以后一定要去辽宁看看。,1,0
4513,他大爷白,保密,2018-01-17 13:04:09,洛水佼人？,0,0
4510,Claire86,保密,2018-01-17 12:07:23,关晓彤代表辽博简直是地域歧视，辽博可是新中国第一个博物馆，至少找个走心的人不行吗！,19,0
4509,妹妹你不要这样放开我,保密,2018-01-17 12:06:35,千里江山图不虚任何书画作品，有本事你兰亭序出土,0,1
4508,妹妹你不要这样放开我,保密,2018-01-17 11:11:30,以前百家讲坛科普过，三国演义里的将军动不动马上大战300回合纯属胡扯，因为那时候还没有马镫，根本不可能马上作战,0,10
4507,木芙蓉花膏,女,2018-01-17 10:46:32,最后那个中国古代书画巡回鉴定组看得我泪目?,2,0
4506,sugerzx,女,2018-01-17 08:25:43,有关晓彤，这一期明显观看量不如以前啊哈哈哈哈哈哈哈哈哈,15,3
4505,梅子黄石雨,保密,2018-01-17 08:11:25,"关真是不知轻重！
演技不行台词背好啊？
看提词板那么明显……明显不把国宝放心上。(s°口°)s(┴―┴",9,0
4504,大概有种情绪叫失落吧,男,2018-01-17 08:05:28,乾隆：玩梗一次两次就够了啊，每期都拉朕出来鞭尸什么意思？小心朕让你们做一遍各年高考大题集c(`Д?)?,12,0
4502,王小鱼的发带,保密,2018-01-17 00:58:01,为什么总有人会觉得讨厌关就是因为她是鹿的女友？？就不能俩人都讨厌吗？而且为什么路人缘那么差自己心里没点b数吗？她表现不好就说年龄小？都成年了谈恋爱了还说年龄小，年龄小回学校读书去啊，有本事像张一山一样认真读书，充实自己提高自己，然后让像我这样我这样讨厌她的人打脸啊。,50,0
4501,嗜睡的泛泛,女,2018-01-17 00:17:02,看动漫看娱乐的东西弹幕喷起来也就算了，国家宝藏不是春晚小品，居然有人说不说中文还敢说自己爱国，别再说自己为了爱国了，都不够丢人的，总比你用键盘爱国强吧,6,0
4500,上神且慢,保密,2018-01-16 23:48:49,"首先我不是某关或者某鹿的粉丝！之前看了好先生对关的印象还不错，然之后的剧……
生气在于她把国宝名字几次三番读错，丝毫没有对国宝的敬畏之心！对比第一期的梁家辉老师，高低立现！！别说什么当红小花旦不能跟大前辈比那种洗白的话！没做好就是没做好，倘若她真的有心岂会连名字都念错！
希望她能摆正态度，好好磨练自己的演技！
      ――来自“新手网络喷子”我
第一次喷人有点不好意思啊(??_?`)",45,1
4499,匀强气场,保密,2018-01-16 23:15:20,天，宁静姐姐的声音太好听了太好听了太好听了！！！！！！表白！！！！心都给她啊！！！！！,1,0
641,陌mimo,保密,2018-01-08 00:25:52,明天期末考的举个手r(￣￣)q,6,3
640,木子三三-Dr,保密,2018-01-08 00:25:49,电视演完了，就等着这儿更新呢,0,0
639,putizi2009,保密,2018-01-08 00:25:48,没有超清吗？怎么对得起那些国宝们！！(???),0,0
638,小原理事长,女,2018-01-08 00:25:48,终于来了,0,0
637,叶不修OvO,女,2018-01-08 00:25:47,打call！！,0,0
636,昵称已狗带,保密,2018-01-08 00:25:30,非常突然的更新,0,0
635,无心插柳柳成林,男,2018-01-08 00:25:26,官方也开始修仙啦？,0,1
634,会跑步的西瓜霜糖浆2017,女,2018-01-08 00:25:24,陈晓演出了魏晋名士顾恺之的风骨23风流儒雅，博古通今，可谓修才，修德，修兴，古有诗书气自华～ 大概就是这样了吧 ，而且陈晓台词也很稳，果然人长的好看穿这么朴素的衣服还是那么有气质哈哈哈。,53,2
633,Endora小太阳,保密,2018-01-08 00:25:23,喜欢这类节目，古代与现代的结合，中华文化的力量，文化洗礼(((*°°*)八(*°°*)))?,2,0
632,红尘有幸识丹青a,女,2018-01-08 00:25:20,你们都是修仙党吗？那么快就六百楼了哈哈哈哈哈哈(?Д?≡?д?)!?,0,0
631,万事屋老板的银子,女,2018-01-08 00:25:19,等了好久了,0,0
630,dsyb14747,男,2018-01-08 00:25:18,没有人吗,0,0
629,伍河千代,男,2018-01-08 00:25:17,还要考试呢[小电视_发愁],1,0
628,腰X,保密,2018-01-08 00:25:07,( ?_f｀)啊啊啊难受我是要赶作业还是看国家宝藏啊,0,0
627,乐乐家的肉包,女,2018-01-08 00:25:06,"顺手整理了这一期出现过的古剑奇谭BGM

一、洛神赋图（陈晓）
张国立讲背景：古二《月明沧海》
故事开场：古二《鹧鸪天》
陈晓跪坐画画：古二《空山灵雨》
陈晓梦醒找子健：古一《青冥剑誓》
小剧场结束后张国立和陈晓介绍洛神赋图：古二《沧海飞尘》
妹子说自己出国学习过：古一《旭日初照 变调》

二、马蹬（关晓彤）
小剧场关晓彤带回马蹬：古二《陆离调》
剧场结束张国立关晓彤介绍马蹬：古一《旭日初照 变调》
华天介绍马蹬：古二《桃源仙居 变奏》


三、（宁静）
小剧场结束张国立宁静介绍：古二《帝京盛景》
杨老拼碎纸片的故事：古二《桃源仙居》",35,2
626,赵日天MKII,保密,2018-01-08 00:25:01,来b站好的不学，倒是学会了鬼畜和拖更,5,0
625,Dear玖遇,女,2018-01-08 00:25:00,一千以内占个座,0,0
624,摸头杀,保密,2018-01-08 00:24:53,[小电视_哭泣]想想距离看上一集都已经是上一年的事情了[小电视_赞],6,0
623,乘风飒沓,男,2018-01-08 00:24:43,来了来了，终于更新了,0,0
622,夏骆驼_,保密,2018-01-08 00:24:43,修仙的胜利。,0,0
621,水后翻身漂亮,保密,2018-01-08 00:24:42,我看还是不看233,0,0
620,一杯雪利酒儿,女,2018-01-08 00:24:37,耶嘿，就等你,0,0
619,短的id,女,2018-01-08 00:24:34,我是来表白陈晓的，表白完就睡觉了,2,0
618,月[,女,2018-01-08 00:24:21,终于更了,1,0
617,小道僧人,保密,2018-01-08 00:24:02,陈晓的表演很自然生动，有灵气，不过助演更有舞台经验；宁静很厉害????,10,0
616,lilynisakura,保密,2018-01-08 00:24:00,1000？,0,0
615,真爱卤蛋祺,保密,2018-01-08 00:23:59,留爪，好靠前啊,1,0
614,小青蛙_呱呱,男,2018-01-08 00:23:56,深夜放毒,1,0
613,ayuu_j,女,2018-01-08 00:23:54,我是来听BGM的！听完就睡！,2,0
612,DoctorRiver,保密,2018-01-08 00:23:54,先投个币 考完试再看[正经人_欢呼],0,0
611,arrens,保密,2018-01-08 00:23:47,明天要早起，先来投个币(?￣△￣)?,0,0
610,苦柘先生,保密,2018-01-08 00:23:42,黑屏只是我一个人吗qwq,1,0
609,黑夜有所斯,保密,2018-01-08 00:23:41,抢个前排[洛天依_前排],1,0
608,雪儿-ywl,女,2018-01-08 00:23:36,啊这个骑士奥运会的时候有注意过,0,0
607,木色槿华,女,2018-01-08 00:23:34,为我大辽宁疯狂打电话(°?°)?,0,0
606,fiy凌云羽翼,男,2018-01-08 00:23:23,关上前六百的大门。,0,0
605,晤言Coy-,女,2018-01-08 00:23:15,12分钟前emmmm,0,0
604,阿湫湫湫湫湫,保密,2018-01-08 00:23:14,开心！！！,0,0
603,宓目祭,保密,2018-01-08 00:23:11,卧槽你们都是蹲点的吗？？,0,0
602,八教八教,保密,2018-01-08 00:23:03,本来打算睡的，发现更新了国家宝藏，等我看完就睡。,0,0
601,沫沫的小仓仓,保密,2018-01-08 00:23:01,六百！,0,1
600,肯定看不见我吧,保密,2018-01-08 00:23:00,哇！前排打电话！！！现在直接看！,0,0
599,猪精_qq,女,2018-01-08 00:22:58,还好封面是陈晓…要是是那gxt……真的是要tu,3,0
598,淡竹寺扫地僧,保密,2018-01-08 00:22:55,600楼内的板凳，支持支持,0,0
597,海到无边天作崖,保密,2018-01-08 00:22:52,600(=?ω?=),0,0
596,23小太阳,保密,2018-01-08 00:22:48,封面温润如玉本玉了,4,0
595,纪梵苏酥,保密,2018-01-08 00:22:34,上个礼拜为啥停了啊,0,3
594,和子233,女,2018-01-08 00:22:32,感觉央视这个b站号主是不是陈晓粉啊 预告和正片的封面都是陈晓 哈哈哈哈哈,5,0
593,AphoticThea,保密,2018-01-08 00:22:30,为什么时黑屏,0,0
592,飞翔的无花果,保密,2018-01-08 00:22:26,又可以看了！好久不见！,0,0
591,傲慢似火i,男,2018-01-08 00:22:26,黑屏。这是为什么,0,0
590,年轻的Mika,保密,2018-01-08 00:22:23,前一千,0,0
589,我老公叫夏目,保密,2018-01-08 00:22:20,签到????,0,0
588,平芜碧,保密,2018-01-08 00:22:13,沙发没有了，板凳没有了，地板也没有了……,0,0
587,Leinad_Evol_I,保密,2018-01-08 00:22:13,(｀?ω??),0,0
586,我de天哪,保密,2018-01-08 00:22:02,为陈晓打call,5,0
585,束竹宝宝,保密,2018-01-08 00:21:58,为晓晓打CALL????????????,4,0
584,南月站巍澜,保密,2018-01-08 00:21:57,终于更新了！！！新年快乐！,0,0
583,chuzhiguo射手,男,2018-01-08 00:21:57,"武则天:怀英，你怎么看
狄仁杰:陛下，这是我和元芳的台词我还能怎么看
武则天:方庆，你怎么看
王方庆:怀英兄，我该怎么看呢
狄仁杰:陛下，老是抢我台词，还能怎么看",2,0
582,带带潮戈er,女,2018-01-08 00:21:52,终于等到你,0,0
581,双双成对,女,2018-01-08 00:21:51,陈晓很帅啊,4,0
580,余景中,女,2018-01-08 00:21:50,演曹植的那位演员好有气质[小电视_笑],2,1
579,董姒君,女,2018-01-08 00:21:48,晓儿~,1,0
578,_深蓝鲸_,保密,2018-01-08 00:21:39,修仙党福利！为国宝打call！（￣￣）,1,0
577,森の魔女,女,2018-01-08 00:21:33,终于更新了！！,0,0
576,金彡彡king,女,2018-01-08 00:21:30,看看我刷出了什么！……(?￣△￣)?,1,0
575,常德人,保密,2018-01-08 00:21:30,休仙万岁\(RQ)/,0,0
574,云若天青,男,2018-01-08 00:21:29,终于更新了，央视爸爸为啥好的不学，学会了拖更！,2,0
573,蓝调瓶子,保密,2018-01-08 00:21:24,(???),0,0
572,年年为谁死,保密,2018-01-08 00:21:21,终于！！！姗姗来迟的陈晓！！！,1,0
571,千岛梅花鹿,女,2018-01-08 00:21:19,宁静给人的感觉就像一张静止的上弦拉满的弓，但攻击性很强，一个眼神，一句话都能让人感觉到满满的霸气，出演这种大女主的角色再适合不过了，直接被女王大人掰成蚊香(? ???ω??? ?)。关人设一开始炒得太好了，炒人设容易红但崩起来也是要命的，自从人设崩塌后不知道拉了多少路人黑。讲真这一段演的其实还是有演技的，但放在这里真的不够看，这样子看很有本季演技垫底的危险啊。关还年轻也很有底子，要颜值有颜值要资源有资源的，如果能认真打磨自己的演技，不愁没有真正大火起来的时候。最后让我舔一波陈晓的颜|?ω?｀)这版曹植太棒了。,2,0
570,Esprika,保密,2018-01-08 00:21:18,(1)35:25-47:28 (2)48:44-51:38 (3)前面两段是什么大家懂的(。 其他部分有华天还是可以看一看的。我已经不信邪地以身试毒过了还是接受不能...就这样吧...我辽博和木兰是招谁惹谁了(。,4,0
569,那不然嘞,保密,2018-01-08 00:21:13,"天下大事，合久必分，分久必合。
天下情人，合久必分，分久必分。。。等等，我没有情人。(??_?`)",0,0
568,咕嘟嘟天空鱼,男,2018-01-08 00:21:05,辽宁人前来报道!,0,0
567,余独未觉,保密,2018-01-08 00:21:01,哇，大半夜更新。,0,0
566,晟冰l,男,2018-01-08 00:20:49,那个问下下期是湖南吗。。,1,0
565,yufan4321,保密,2018-01-08 00:20:45,陈晓真的称得上风雅二字,121,0
564,ALexieDOMM,男,2018-01-08 00:20:45,终于来了，大家一起看！,0,0
563,杰瑞鼠96,女,2018-01-08 00:20:38,"emmmmmm,",0,0
562,雪剑寒晨,男,2018-01-08 00:20:35,？？？一片黑？？,2,0
561,一朵尘埃,保密,2018-01-08 00:20:34,这么快600楼了都,0,0
560,佐天BUG魔,男,2018-01-08 00:20:30,惊了！8分钟六百楼！,0,0
559,灯暖暖,保密,2018-01-08 00:20:26,太害怕了，这才凌晨零点二十分，已经450多条评论了,0,1
558,嫣嫣一兮,女,2018-01-08 00:20:26,来了，等了好久，和我一样从第一集开始跟着看的点个赞吧，有眼光啊,0,0
557,蛋炒饭君，呆斯ki～,女,2018-01-08 00:20:16,(⌒⌒),0,0
556,人家家,女,2018-01-08 00:20:11,终于更新了！！,0,0
555,云淡风轻喵,女,2018-01-08 00:20:07,_(:з」∠)_怎么没超清了[小电视_发愁][小电视_发愁],0,0
554,非正确不正常,男,2018-01-08 00:20:03,修仙党的福利！,0,0
553,寒柳堂下走狗,男,2018-01-08 00:20:02,看完这一期辽博，我必须隆重介绍一位大家张伯驹先生，张先生为民国四公子之一，一生藏品无数，举一二例，中国现存最早的书法作品陆机《平复帖》，中国现存最早的绘画作品展子虔《游春图》，李白唯一传世书法《上阳台帖》等等，不胜繁举。张先生在民国期间荡尽家财，为的是不让国宝流失。建国后，先生尽捐赠给国家。当我看到辽博的介绍中国古代书画鉴定组的时候成立于1983年，而张先生在一年前1982年仙逝。当时医院以张先生级别不够不给换单人间，以致使先生由普通感冒转成肺炎，于1982年2月26日仙逝，享年85岁。据潘素先生（张先生妻子）讲，张先生逝后，有人跑到北大医院，站在大门口叫骂：‘你们医院知道张伯驹是谁吗？他是国宝！你们说他不够级别住高干病房？呸，我告诉你们――他一个人捐献给国家的东西，足够买下你们这座医院！把那些住高干病房的人，都扒拉一遍，看看哪个的贡献，能赶上张伯驹？详情可见**和所著《往事并不如烟》，这皆是后话。我之所以介绍张先生，是我当时看民国时期国宝沉浮，多少藏家为国留宝，做出了多少努力。我希望大家能够记住他们，他们是中国文化传承的脊梁！,521,19
552,斯科皮麻麻,保密,2018-01-08 00:20:02,[小电视_害羞]突然被陈晓圈粉，这个造型好适合他啊[小电视_笑]等了半个月终于有新一期了，攒到考完期末考试来看,41,0
551,重名无法显示,保密,2018-01-08 00:20:01,绅士华天,1,0
550,子十水,保密,2018-01-08 00:20:01,国家宝藏是不是上周没更？,1,1
549,海澜月,男,2018-01-08 00:20:00,果然宁静才能镇场，这演技炸裂，万岁通天帖也是集大成者,3,0
548,子规哒,保密,2018-01-08 00:19:51,啊啊啊为什么这么晚才更新QAQ,0,0
547,大大大红神,保密,2018-01-08 00:19:47,先投币明天再看,0,0
546,弃治花花,保密,2018-01-08 00:19:45,看完直播先diss一下关晓彤，助演都比她演得好就算了，表现简直拖累助演，台词一个字一个字蹦，断句还很迷,4,0
545,Charon月光,男,2018-01-08 00:19:43,10分钟评论区爆炸！,0,0
544,炒蛋加饭,保密,2018-01-08 00:19:42,挤挤(σ?ω?)σYO?,0,0
543,米娜唔,女,2018-01-08 00:19:36,看我刷出了什么(?o?;  还睡觉吗？反正明天不考试,0,0
542,德古拉大公主,保密,2018-01-08 00:19:32,哇，终于等到你！！！,0,0
541,拂樱作雪,女,2018-01-08 00:19:26,妈呀等好久了,0,0
540,飞燕菽图,保密,2018-01-08 00:19:21,[小A和小B_应援]大赞一个,0,0
539,xiaoguagua,保密,2018-01-08 00:19:11,陈晓的顾恺之也太好看了吧！！！封面好帅,56,0
538,妖怪你往哪里逃,女,2018-01-08 00:19:05,哇！！！！！！,0,0
537,一只么么兔儿,女,2018-01-08 00:19:01,给陈晓的扮相跪了，太美,118,0
536,亓柒七,保密,2018-01-08 00:18:56,大半夜,0,0
535,从前有条老咸鱼,女,2018-01-08 00:18:56,哇原来央视爸爸也修仙[芮小凸小凹_666][芮小凸小凹_666][芮小凸小凹_666]mark先睡啦,1,0
534,怎么才能不重名,保密,2018-01-08 00:18:53,真准时…,0,0
533,二二好烦啊,女,2018-01-08 00:18:50,啊啊啊又是睡前刷到宝贝！先投个币 ，明天早上考完影视美学再来看⊙ω⊙,0,0
532,正宫不倒新欢不少,保密,2018-01-08 00:18:47,终于等到了！！！,0,0
531,炸鸡少女x,保密,2018-01-08 00:18:47,感动[小电视_害羞]终于可以看了,0,1
530,captain_知否1973,保密,2018-01-08 00:18:43,为陈晓打call,0,0
529,青士报三春,保密,2018-01-08 00:18:34,陈晓陈晓陈晓,28,0
528,陵川归藏,保密,2018-01-08 00:18:30,晚睡福利,0,0
527,清i影,男,2018-01-08 00:18:28,6分钟前(｀?ω??),0,0
526,八千年椿湫,女,2018-01-08 00:18:26,[小电视_笑](=?ω?=),0,0
525,dsyb14747,男,2018-01-08 00:18:26,哈哈哈,0,0
524,阿米哲,女,2018-01-08 00:18:21,从小偏爱舞台剧，今日一睹顾画神风采，也算一尝夙愿。陈晓的表演精髓应该在于他的自然，一旦走进人物，他就是那个痴黠参半的顾恺之，不露表演痕迹。与家人对话时的随意戏谑、初见子建时的惊讶调侃、被点中心事时的引为知音、倾听曹植叙说时的探究思索、作画时的专注自信，直至最后对人生八苦之顿悟，所有情绪、眼神、微表情都转换自如不着痕迹。,166,8
523,晴天的撑伞人,男,2018-01-08 00:18:16,一下子就这么多评论,0,0
522,五之于四小透明,保密,2018-01-08 00:18:14,弹幕养肥了再刷(=?ω?=),0,0
521,柠月思织,男,2018-01-08 00:18:14,来了来了，终于更新了,0,0
520,凌鸠Ling9,男,2018-01-08 00:18:13,你们都好快！嘤嘤嘤~,0,0
519,起一个名叫你的小猫咪,女,2018-01-08 00:18:11,你你你你什么时候更新的！,0,0
518,抬头望望天,男,2018-01-08 00:18:09,修仙路上你我他[小电视_赞],1,0
516,吃不了的大西瓜,保密,2018-01-08 00:17:57,求央视爸爸赶紧上线仙才叹！！！！！！,1,0
515,a=gsinθ-μgcosθ,男,2018-01-08 00:17:54,我早就想说了，国家宝藏是我见过唯一一个主角不是小鲜肉台下却坐着全是20多小年轻的综艺节目,2,3
514,碎裂的小木子,男,2018-01-08 00:17:53,唯一去过的博物馆…,0,0
513,souisen,保密,2018-01-08 00:17:45,晚睡的福利,0,0
512,isabel是你爸,女,2018-01-08 00:17:44,期末考试了，攒一攒再看,0,0
511,裁尘予风,男,2018-01-08 00:17:43,耶 更新了,0,0
510,雪儿-ywl,女,2018-01-08 00:17:36,啊看起来,0,0
509,翔炎飞凤,保密,2018-01-08 00:17:36,来晚了，来了几分钟小差只能前500了,0,0
508,雷斯垂德探长,保密,2018-01-08 00:17:34,我今晚在爸爸同意下可以看二十分钟电视，但我妹妹不乐意，藏遥控，闹翻天。于是我爸历史上第一次主持公道。之后的结果是我妹妹嚎啕大哭了一个小时，寻死觅活；而看不了电视的我把电脑拿到了手。终于，千辛万苦，我等来了《国家宝藏》。(?；ω；`),2,2
507,歌芮,女,2018-01-08 00:17:30,"首先表白晓彤，这是blx的我不敢开弹幕的一期。
喜欢的节目遇上喜欢的人，这是本期给我最大的惊喜。
刚才关于台词的问题上了热搜，评论方面，批评建议的评论居多。其实这次挺欣慰的，虽然恶意抹黑人身攻击的声音依然存在，但确实也有很多人在认真的提出建议。话说现在营销号黑人那么不走心的么，看了几个还算大号的稿子都一样……
不可否认，晓彤和前辈们还是有很大差距的（为宁静姐打call，无论是演技还是人品都超赞了）。尤其是台词方面，气不足是个问题。以及还是有些紧张。相信在大家的严格要求下，晓彤会有针对的提升。（现在京腔已经改了很多啦，以前超明显的）
其实个人看来，除却台词，晓彤这期总体表现还是稳的。（当然有一点粉丝滤镜加成～）
作为和她同龄的粉丝，最幸福的莫过于和她一起成长。关于晓彤的争议很多，但在我眼中她是个很优秀的女孩，是我努力的榜样。
加油，20岁的晓彤!
最后，节目的主角还是我们的国宝。从中了解历史，传承文化和精神才是我们看节目的最主要目的。大家还是要更关注国宝本身
最后的最后，虽然总是说不喜欢晓彤可以跳过，但还是推荐大家看一下华天小哥哥!他能来真的超级惊喜了",9,18
506,阿寂-段氏,保密,2018-01-08 00:17:27,更新了也,0,0
505,Ginevra,保密,2018-01-08 00:17:25,"洛神赋图那首插曲名叫《仙才叹》

@老汤的微微博: 海报太美，实在是舍不得不发。另外，问歌名的我就直接答了《咸菜坛》，哦哦哦，不，《仙才叹》【允悲】【允悲】【允悲】 ???

听说马上就会发mvε=ε=(ノR?Q)ノ",2,0
504,精分萌大奶,保密,2018-01-08 00:17:23,这又得肝RnQ在看和保养之间挣扎，我就看一会,1,1
503,花痴蠢猫,保密,2018-01-08 00:17:20,迅速抢占前排！,0,0
502,魔法少女伊泽,女,2018-01-08 00:17:13,明天挂了科啊不，考完试了再看,3,1
501,别点赞别回复,保密,2018-01-08 00:17:12,今天的投币和赞给华天，第一次知道他还是2004年的时候，从此记住了盛装舞步,1,0
500,广寒宫的仙子,保密,2018-01-08 00:17:09,表白封面的陈晓(???)(???)终于等到你,62,0
499,空扰大人,保密,2018-01-08 00:17:06,"(转载于舌尖上的中国第二季Armin叔评论)
1. 我在故宫修文物av3924328
2. 国脉・中国国家博物馆av4152415
3. 御膳房av4004813
4. 帝陵 av4619981
5. 中国通史av5670296
6. 北京中轴线av4378167
7. 大明宫av1730716
8. 大运河av4139898
9. 超级工程av6456542
10.航拍中国av8320409
11.舌尖上的中国第一季av3585546， 
第二季av4231881
12.长城av3122019
13.楚国八百年****2037
14.台北故宫av3578648
15.汉字五千年av250263
16.河西走廊av2229874
17.新丝绸之路av1242179
18.史说汉字av2483589
19.海昏侯大墓av3563428
20.复活的军团av522440
21.圆明园av1563053
22.东方帝王谷av2484328
23.望长安av4686831
24.布衣中国av8802176
25.大汉帝国av5332988
26.中华文明av3479721
27.历史的拐点av5957522
28.世界遗产在中国av4734362
29.再说长江av2120529
30.美丽中国av2251606
31.敦煌av5031538
32.敦煌画派****40353
33.与全世界做生意av2837502
34.留住手艺av3193310
35.第三极av8668069 
36.当卢浮宫遇见紫禁城av1458232
37.天河av2933029
38.光阴・西藏的西藏av4471131
39.中国高铁av9701763
40.筑梦路上av5053430
41.故宫100av4114589
42.我们诞生在中国av7346616
43.锦绣纪av6294513
44.古兵器大揭秘av5838576
45.大国重器av1806333
46.寻味顺德av4673559
47.味道云南av3692768
48.客从合出来av1088790
49.南宋av3613036
50.神秘的西夏av4670883",628,15
498,明庭主人,女,2018-01-08 00:17:06,前一千留名！！,0,0
497,桃小蓁,女,2018-01-08 00:17:06,为什么审核了10min?_?我的国宝贝儿呀，我来啦?^v^?嘿嘿,2,0
496,叶知柔_,女,2018-01-08 00:17:04,看了直播可以先占个楼安心睡了,0,0
495,宋先森sen_,保密,2018-01-08 00:16:59,开始修仙(??????)??,0,0
494,喝牛奶会死星人,保密,2018-01-08 00:16:59,哇！等了半个月,0,0
493,香菇又又,女,2018-01-08 00:16:57,深夜福利,0,0
492,kenn老爹,女,2018-01-08 00:16:57,复习一会在看[芮小凸小凹_哎],0,0
491,逍遥沐雨,保密,2018-01-08 00:16:54,耶耶耶,0,0
490,大大的反义词,保密,2018-01-08 00:16:51,终于等到了！！！但是为啥没有超清的呀,1,0
489,花飞花满天999,保密,2018-01-08 00:16:46,你们都不睡觉的吗？,0,0
488,壹号账号,保密,2018-01-08 00:16:42,第一。,0,0
487,冰箱o,保密,2018-01-08 00:16:42,终于更新了！！！,0,0
486,织蛋糕,保密,2018-01-08 00:16:33,！！！睡不睡,0,0
485,5947l,女,2018-01-08 00:16:33,dacall,0,0
484,冰帝学园三年A组,保密,2018-01-08 00:16:32,明天就去辽博参观,0,0
483,水水呵呵,女,2018-01-08 00:16:28,更新了，封面图????,0,0
482,锦衣夜行漫步春天,保密,2018-01-08 00:16:23,先去刷牙，一会修仙~,0,0
481,LiYuss,男,2018-01-08 00:16:19,养肥弹幕再看・・・,0,0
480,nonnon剑法,男,2018-01-08 00:16:19,来了(?￣△￣)?,0,0
479,HAC鲨鱼坏旭旭,保密,2018-01-08 00:16:17,"(转载于舌尖上的中国第二季Armin叔评论)
1. 我在故宫修文物av3924328
2. 国脉・中国国家博物馆av4152415
3. 御膳房av4004813
4. 帝陵 av4619981
5. 中国通史av5670296
6. 北京中轴线av4378167
7. 大明宫av1730716
8. 大运河av4139898
9. 超级工程av6456542
10.航拍中国av8320409
11.舌尖上的中国第一季av3585546， 
第二季av4231881
12.长城av3122019
13.楚国八百年****2037
14.台北故宫av3578648
15.汉字五千年av250263
16.河西走廊av2229874
17.新丝绸之路av1242179
18.史说汉字av2483589
19.海昏侯大墓av3563428
20.复活的军团av522440
21.圆明园av1563053
22.东方帝王谷av2484328
23.望长安av4686831
24.布衣中国av8802176
25.大汉帝国av5332988
26.中华文明av3479721
27.历史的拐点av5957522
28.世界遗产在中国av4734362
29.再说长江av2120529
30.美丽中国av2251606
31.敦煌av5031538
32.敦煌画派****40353
33.与全世界做生意av2837502
34.留住手艺av3193310
35.第三极av8668069 
36.当卢浮宫遇见紫禁城av1458232
37.天河av2933029
38.光阴・西藏的西藏av4471131
39.中国高铁av9701763
40.筑梦路上av5053430
41.故宫100av4114589
42.我们诞生在中国av7346616
43.锦绣纪av6294513
44.古兵器大揭秘av5838576
45.大国重器av1806333
46.寻味顺德av4673559
47.味道云南av3692768
48.客从合出来av1088790
49.南宋av3613036
50.神秘的西夏av4670883",1,0
478,Pinkacid,保密,2018-01-08 00:16:15,愁死我了。搜陈晓那段背景音乐一晚上了 各大网站都没有？[小电视_发愁],1,1
477,长安九月人微凉,男,2018-01-08 00:16:15,为宁静疯狂打call!!,0,0
476,之子扶桑,保密,2018-01-08 00:16:13,吓死，以为不更了,0,0
475,游人醉之,男,2018-01-08 00:16:12,[2233娘_喝水] 带好小板凳开始观看,0,0
474,天上地下绝无仅有的高,保密,2018-01-08 00:16:09,前前前,0,0
473,询博望君兮,保密,2018-01-08 00:16:09,为啥我黑屏了,0,0
472,超高校级的太阳厨,保密,2018-01-08 00:16:09,"六分钟500楼……害怕
不过终于更了！！！",0,0
471,醉酒老司机王正经,男,2018-01-08 00:16:04,等半天了，终于更新了！！,0,0
470,划语圈首位锟妻junko,保密,2018-01-08 00:16:03,？？？？你们住在这破站吗？？这才00:15啊？？？？？？都是修仙党,0,0
469,Pagasuss,男,2018-01-08 00:15:56,"天下大事，分久必和和久必分
人类文明，盛极必衰衰极必盛
华夏文明在近代已经经历了重重考验，跌低谷而不绝，现在是时候让这些珍贵的宝物见证我们文明的复兴了！",6,0
468,镜轮回,男,2018-01-08 00:15:56,修仙福利！！,0,0
467,a=gsinθ-μgcosθ,男,2018-01-08 00:15:56,怎么才出来，憋死我了都要,0,0
466,你会请我喝山城啤酒,男,2018-01-08 00:15:54,(=?ω?=),0,0
465,窈窕淑女,保密,2018-01-08 00:15:45,修仙党无所畏惧～我～我去睡了[蛆音娘_die],1,0
464,曳无痕,男,2018-01-08 00:15:44,更新了  （ &#39;? &#39; ）不过太晚了 明天再看,0,0
463,凡Az,男,2018-01-08 00:15:43,睡啦，明天看，貌似已经是明天了哈哈哈( ?_f｀),0,2
462,后宫春色,保密,2018-01-08 00:15:43,(=?ω?=),0,0
461,古利六,女,2018-01-08 00:15:41,啊静静，我的静静,0,0
460,琴歌月姬,女,2018-01-08 00:15:37,6分钟前！,0,0
459,阿惩惩惩爷,女,2018-01-08 00:15:34,前!!!,0,0
457,希娜娜不吃鱼,女,2018-01-08 00:15:30,你们都是住在这个破站的吗！,1,0
456,要不你就叫我xxx吧,保密,2018-01-08 00:15:25,来了！,0,0
455,你的贱衬托朕的帅,男,2018-01-08 00:15:24,央视爸爸，我来了，看到我了么。,2,0
454,欧皇的小酒窝,女,2018-01-08 00:15:24,你们为什么这么快(⊙o⊙)！一个两个都不睡觉吗？明天不用上学/上班吗？,0,0
453,3cH0三秋,保密,2018-01-08 00:15:22,刚下飞机就看到,0,0
452,流星的Lay,男,2018-01-08 00:15:17,上下五千年，一起修仙(⌒⌒),2,0
451,大北向南,保密,2018-01-08 00:15:14,……等了一晚上……结果凌晨……一口老血，上班狗伤不起啊[那兔_],0,3
450,浅蓝色好美,男,2018-01-08 00:15:12,好久不见(??BoB)?,0,0
449,青二才的说,男,2018-01-08 00:15:10,更了更了！！浸水浸水！！,1,0
448,\猫局长,男,2018-01-08 00:15:09,终于来了！,0,0
447,妄想症就是好,保密,2018-01-08 00:15:08,刷出了啥子,0,0
446,命逆录,保密,2018-01-08 00:15:08,来了，唉snt,0,0
445,超级爱你_,女,2018-01-08 00:15:08,前排前排,0,0
444,黑纸鸢,女,2018-01-08 00:15:07,！！！都星期一了才发！！,0,0
443,猴子吃香蕉吧啦吧啦,保密,2018-01-08 00:15:03,更新了更新了,0,0
442,薄暮茗,男,2018-01-08 00:15:02,等了好久,0,0
441,cd2xz,保密,2018-01-08 00:15:00,为辽博打call！,0,0
440,神泉,保密,2018-01-08 00:14:59,大半夜的更新 明天怎么上班啊……,0,0
439,chzhero11,保密,2018-01-08 00:14:56,今早上在罗马的火车上被抢了相机加三个镜头和护照，万念俱灰时刻只有国家宝藏的更新能给我一丝慰藉和亮色了(&gt;_&gt;),1,1
437,那年回眸,保密,2018-01-08 00:14:48,前500，五分钟前！！！,0,0
436,暗裔者,男,2018-01-08 00:14:42,我擦嘞，更了，激动\(RQ)/！,0,0
435,琴音in,女,2018-01-08 00:14:39,5分钟！,0,0
434,四水斋主,保密,2018-01-08 00:14:37,终于来了,0,0
433,丶宫永D,女,2018-01-08 00:14:32,lei了lei了，半夜没睡就等今天复播,1,0
432,天绝傲狂,男,2018-01-08 00:14:31,终于等到了,0,0
431,注视着树叶的卡比,男,2018-01-08 00:14:28,前500！！,0,0
430,番豆君,女,2018-01-08 00:14:25,终于等到你c(`Д?)?,0,0
429,对面有沟必火,保密,2018-01-08 00:14:22,先来位老哥告诉我一下关格格什么时候出现 我好跳过她 感谢 （抱拳）,14,5
428,种花家的腹黑兔子,男,2018-01-08 00:14:19,国宝背后的文化更是我们要继承发扬的精神国宝,0,0
427,彼此彼此_,女,2018-01-08 00:14:18,刷出来了！,0,0
426,星空还无,男,2018-01-08 00:14:16,前五百！,0,0
425,可乐搽,保密,2018-01-08 00:14:15,我一定是前500。,0,0
424,槐沭,女,2018-01-08 00:14:12,(=?ω?=)不睡觉的官方,0,0
423,久不见夏天22,保密,2018-01-08 00:14:12,虽然是央视爸爸，但真心觉得请xx彤简直是辣眼睛，别说什么看国宝就好了，这种转移话题的方式还能再明显一点吗？就问一句，此女哪方面配得上？哦，或许是背景。( ?_f｀),6,0
422,东方听暖,女,2018-01-08 00:14:08,决定了 ，考完试去辽博参观,2,0
421,九州照影,男,2018-01-08 00:14:08,终于更新啦！弹幕刷起！比心！[狐妖_心],0,0
420,长安sweetheart,保密,2018-01-08 00:14:08,竟然半夜偷偷发,1,0
419,瑞瑞兽,保密,2018-01-08 00:14:08,终于等到你！！,0,0
418,是罗十八,保密,2018-01-08 00:14:07,哇，大家都没睡啊,0,0
417,纵酒区,女,2018-01-08 00:14:05,手速。。。,0,0
416,Lemelon,保密,2018-01-08 00:14:04,客观评价某些人，演技都不如蔡国庆儿子，还夹在陈晓和宁静中间被吊打，把主角演成路人第一人，白玉兰奖获得者。把她放在华天前面，是为了抛砖引玉，华天当之无愧是马术界的白玉无瑕。,8,0
415,二公主的鹿角头盔,女,2018-01-08 00:13:59,前500(●―●),0,0
414,谁抢了我的苏大A,保密,2018-01-08 00:13:57,先留个位再看,0,0
413,老菜嫩菜我全都要,男,2018-01-08 00:13:55,洛神图，等很久了！,1,0
412,当大王的感觉真好,男,2018-01-08 00:13:54,刚准备睡觉。。。真是磨人的小妖精,2,0
411,深蓝色海藻,男,2018-01-08 00:13:54,前排围观,0,0
410,布谷荇草歌,男,2018-01-08 00:13:51,为了啥，先缓存，碎觉，晚安。,0,0
409,晓黎卿,保密,2018-01-08 00:13:42,前排打电话，喜欢陈晓，央视爸爸加油,51,0
408,红不不让,保密,2018-01-08 00:13:45,对华天最深的印象就是这个耿直boy奥运出赛时恨不得把国旗贴满身【笑cry】，别的选手只有头盔和坐垫有国旗，他的马头，胸囗，裤子，帽子连马屁股上都纹了个五角星，特可爱 ???,1233,16
407,灯笼中的时之砂,保密,2018-01-08 00:13:44,哇终于更新了,0,0
406,恩约翰,男,2018-01-08 00:13:48,开更了[小电视_太太喜欢],0,0
405,moysakura,保密,2018-01-08 00:13:41,你们好快,0,0
404,李小疯子vi,保密,2018-01-08 00:13:46,今天刚刚去了辽博，辽博参观不要门票的哦，可是地方有点偏僻，先坐地铁再坐电车，看了明清玉器和瓷器，还有墓志碑，去的有点晚了，其他的还没看就闭馆了，大家要是去的话要早点去哦，下午四点半左右就要关门了，真的感觉什么都还没看到时间就过去了，有机会再去一次！认真对比了康熙雍正乾隆三位爷的审美hhhhhh,2,2
403,奶昔23333,保密,2018-01-08 00:13:41,终于更了！！！,1,0
402,曹孟德vs刘玄德,男,2018-01-08 00:13:36,在35:25处关晓彤出现，大家做好心理准备，咱们是看国宝的，所以。。。能忍就忍吧！[2233娘_郁闷][2233娘_无言][2233娘_吐魂],61,6
401,bibbiubiu,男,2018-01-08 00:13:34,先养养弹幕……,1,0
400,只为你钟琴哥哥,保密,2018-01-08 00:13:32,大静静太流弊了,0,0
399,淮蘩,保密,2018-01-08 00:13:29,占座占座,0,0
398,氟化铝钠,保密,2018-01-08 00:13:27,好困啊[小电视_发愁],2,0
397,风流月千秋,保密,2018-01-08 00:13:26,啊啊啊啊啊啊啊啊啊明天就要考试了我是看节目还是睡觉啊啊啊啊好纠结,0,0
396,辣酱家的夏葵,保密,2018-01-08 00:13:26,前四百，占座，明儿考完思政再看,0,0
395,青花,保密,2018-01-08 00:13:24,更了更了～鸡冻,0,0
394,小雪的红头绳,女,2018-01-08 00:13:23,打破我的早睡计划,1,0
393,愿在发而为泽,男,2018-01-08 00:13:23,前五百,0,0
392,北白川蛋蛋子,女,2018-01-08 00:13:22,"复制了段陈晓粉丝的科普：
几个关于顾恺之的小知识点：
①甘蔗：《世说新语》传顾恺之爱吃甘蔗，却一反常态每次都从尾慢慢吃到甘蔗头，有人问他为什么反着吃，顾恺之答曰：“这样吃才能渐至佳境呀！”所以“倒吃甘蔗”一词可以形容事物“逐渐进入好状态”( 恺之每食甘蔗，恒自梢至根。人或怪之，云：&amp;quot;渐入佳境。&amp;quot;)
②点睛：顾恺之曾云：“点睛之节，上下、大小、浓薄有一毫小失，则神气与之俱变也。”当时南京瓦官寺建成之时，二十出头囊中羞涩的顾恺之在寺庙的捐资簿上大笔一挥写下“捐钱一百万”，众僧不解之时，顾恺之要求寺庙粉刷一面白墙，让他潜心作画。一个月内他绘制出一幅维摩诘的像，并让人参观他为维摩诘像点睛，人们都想对“开光点眼”一睹为快，纷纷涌入寺庙布施，顾恺之当众提笔点睛，整个维摩诘画像便如真人一样突然大放异彩，很快便筹够一百万钱。
③痴黠：东晋末年是一个士族争霸，社会人生极不安定的时代，东晋大司马桓温之子桓玄阴险歹毒权倾内外，曾多次试探刁难于顾恺之，顾恺之曾将一箱自己画作封存于桓玄处。桓玄私自将画作全部窃取，并原样封存箱子。待顾恺之索还画作时，拿到一个空箱子，顾恺之便装痴道：“妙画通灵，变化而去，亦由人之登仙。”（《晋书・顾恺之传》）乱世之中痴黠参半，明哲保身，潜心作画。
《洛神赋图》画中描绘了曹子建与洛神的爱情故事，而这一副绮丽的长卷背后的故事亦令人心动，洛水翻卷的波浪，洛神飘飞的衣袂，曹子建不舍的回首...这些美好的线条，皆因原作者及一代代精心临摹的作者才历久弥新，流传至今[心]守护国宝，守护妙笔丹青。 为@陈晓 守护的《洛神赋图》打call",1205,58
391,白衣卿相少年顾,女,2018-01-08 00:13:22,表白宁静！！,0,0
390,我真卡了,男,2018-01-08 00:13:22,终于等到你，还好我没放弃(=?ω?=)(=?ω?=),1,0
389,SupernovaZ,保密,2018-01-08 00:13:20,哇，更了更了,0,0
388,初雨凉,保密,2018-01-08 00:13:19,前500,0,0
387,Lilithccc,保密,2018-01-08 00:13:19,3分钟就300多楼了，这么多少修仙[芮小凸小凹_哎],0,0
386,酱醋花生,保密,2018-01-08 00:13:19,更新啦,0,0
385,蔷薇小天使,保密,2018-01-08 00:13:18,哇这么多人贼恐怖,0,0
384,MER_yu,保密,2018-01-08 00:13:17,等等只有我黑屏吗,1,1
383,高TAKA,保密,2018-01-08 00:13:15,过年回家一定要去辽博逛一天！,0,0
382,无秧苗,保密,2018-01-08 00:13:14,为陈晓打电话,0,0
381,花飞花满天999,保密,2018-01-08 00:13:14,不是吧，我这么快都没第一？,0,0
380,纪梵苏酥,保密,2018-01-08 00:13:12,为我大辽宁打call,0,0
379,Ink1997,女,2018-01-08 00:13:12,为什么看不了？只有我一个人这样吗,0,0
378,小暖l,男,2018-01-08 00:13:11,哇[小电视_赞]5分钟,0,0
377,懒在沙发上,男,2018-01-08 00:13:11,最靠前的一次(°?°)?,0,0
376,_NoLifeKing,男,2018-01-08 00:13:08,不想让我睡觉吗，明天还有课啊,1,0
375,武丁,保密,2018-01-08 00:13:05,封面是陈晓啊~[小电视_赞],26,0
374,乖--摸摸头,女,2018-01-08 00:13:03,可赶上了,0,0
373,薛去病,女,2018-01-08 00:13:01,终于能看了，等得很辛苦,0,0
372,NgKeiFung,保密,2018-01-08 00:12:52,你终于更了,0,0
371,黑崎X一护,男,2018-01-08 00:12:51,为我大辽博打CALL！[小A和小B_应援],0,0
370,懒残大师,男,2018-01-08 00:12:49,先占个座，有WIFI了再看,0,0
369,云卷云亦舒,男,2018-01-08 00:12:46,太困了,0,0
368,一龙哥哥的小娇妻景湮,女,2018-01-08 00:12:46,先占个位_(:з」∠)_,0,0
367,朴zjz,女,2018-01-08 00:12:44,好前啊这次,0,0
366,痒局长的轰炸姬,保密,2018-01-08 00:12:42,为陈晓打call,29,0
365,我是三辰,保密,2018-01-08 00:12:38,厉害！,0,0
364,草莓味的史努比,女,2018-01-08 00:12:37,有考试的人啊，刷出来更新没办法看。希望保佑考个好成绩[2233娘_第一],3,1
363,旭旭宝宝呀,保密,2018-01-08 00:12:33,4前排,0,0
362,让蛐蛐身怀六甲的大爷,保密,2018-01-08 00:12:32,啊啊啊啊啊前排！！！两个星期啊天哪！！！,0,0
361,给你一个momo达,女,2018-01-08 00:12:32,前四百！！←_←,0,0
360,栀兀罔,女,2018-01-08 00:12:31,真・拖了一年系列,2,0
359,霜华2333,女,2018-01-08 00:12:27,卧槽我刷出了什么！！！这个点啊啊啊啊啊！！！！,0,0
358,堂本光一的衩要考,保密,2018-01-08 00:12:26,今天为什么更慢啦？,1,0
357,啃德饭,男,2018-01-08 00:12:25,看不到我(??ω??)??,1,0
356,刀锋之影的刀,男,2018-01-08 00:12:24,终于更新了啊，，( ?_f｀),1,0
355,程慕荣,保密,2018-01-08 00:12:24,终于等到你,0,0
354,吃巧克力的单身汪,男,2018-01-08 00:12:19,(=?ω?=),0,0
353,gbzwgbz,保密,2018-01-08 00:12:19,前500,0,0
352,黄昏惩戒,保密,2018-01-08 00:12:19,好的我从优酷回来了[小电视_嘟嘴],0,0
351,隆-美-尔,男,2018-01-08 00:12:19,这楼害得，不得了不得了,0,0
350,我永远等秋雨,男,2018-01-08 00:12:18,叽叽叽叽挤一挤,0,0
349,懒夏花,保密,2018-01-08 00:12:13,[小电视_笑]央视也修仙的嘛。,0,0
348,仙女本人是我没错了,女,2018-01-08 00:12:12,不知道第几,0,0
347,岁月是朵两生花iii,保密,2018-01-08 00:12:11,前排！！！！天哪我刚看到第二期，第五期都出来啦・！！,0,0
346,zoe415,女,2018-01-08 00:12:09,2分钟就300楼了????,0,0
345,糖粒子224,保密,2018-01-08 00:12:09,啊啊啊，见封进，陈晓古装扮相肿么可以这么帅！！！,1,0
344,drhy1992,保密,2018-01-08 00:12:08,国宝才是主角，希望大家更多去关注国宝。,1,0
343,Ceama喵君,保密,2018-01-08 00:12:06,卧槽这个点！,0,0
342,栀兀罔,女,2018-01-08 00:12:06,前前前排,0,0
341,不需要宣言,男,2018-01-08 00:12:05,3分前,0,0
340,万肾王,男,2018-01-08 00:12:04,华天哥哥!!!,1,0
339,岁末花,保密,2018-01-08 00:12:03,来了(｀?ω??),0,0
338,StGanymede,男,2018-01-08 00:12:03,评论刷得好快。。。,1,0
337,安若少年梦,保密,2018-01-08 00:12:03,才2分钟啊！300评论  我去,0,0
336,小帅哥hsj,男,2018-01-08 00:11:59,我，我，我想上热评,1,0
335,堂本光一的衩要考,保密,2018-01-08 00:11:59,"看各家卫视跨年，都在惊叹请了谁谁谁好大牌呀，哇哇哇⊙?⊙； 
看国家宝藏，大家都在嫌弃，这都请的是什么人啊完全配不上我们的国宝，哼哼哼s^t",600,16
334,沁北尚书,男,2018-01-08 00:11:58,先评论，明天再看！,0,0
333,非也2000,保密,2018-01-08 00:11:58,哟哈哈,0,0
332,面对疾风吧疾燃少年,保密,2018-01-08 00:11:58,修仙修仙(￣ε(#￣) Σ,0,0
331,亦亦亦亦亦亦亦亦云,保密,2018-01-08 00:11:57,！！！,0,0
330,灵如水月,女,2018-01-08 00:11:57,"前排，表白宁静的女皇，真的太有天子气度了
另外怀椎潮硎炯词故翘悄┮彩呛贸缘",0,0
329,待到山川暮时,保密,2018-01-08 00:11:56,吓死我了还以为没了呢,0,0
328,ballade,保密,2018-01-08 00:11:56,你们什么手速,0,0
327,哈哈哈老板呀,保密,2018-01-08 00:11:55,前300--,0,0
326,隅寒yu,女,2018-01-08 00:11:55,前排前排？,1,0
325,翩叶惊鸿,保密,2018-01-08 00:11:54,海外党迫不及待,0,0
324,月月月雨君,保密,2018-01-08 00:11:52,猝不及防的更新,0,0
323,飘荡的芦苇,保密,2018-01-08 00:11:52,更新慢了,0,0
322,随风Whisper,保密,2018-01-08 00:11:51,好爸爸爸爸,1,0
321,云起西楼,保密,2018-01-08 00:11:51,不睡觉的嘛？,0,0
320,孑子孓了丁,保密,2018-01-08 00:11:50,审核君速度蛮快的(⌒⌒),0,0
319,沐风ユカリ,保密,2018-01-08 00:11:50,封面好帅啊啊啊！！,1,0
318,哥哥今天发自拍了吗,女,2018-01-08 00:11:49,前排前排[洛天依_前排],0,0
317,我如星君如月流光相皎洁,保密,2018-01-08 00:11:48,有毒有毒,0,0
316,龙い魂,保密,2018-01-08 00:11:47,熄灯没网了(°?°)?,0,0
315,苏逸兰,女,2018-01-08 00:11:46,前多少？,0,0
314,风荷入清瑶,保密,2018-01-08 00:11:45,前300 打call,0,0
313,此恨了了,女,2018-01-08 00:11:45,前排啦咔咔,0,0
312,哗哗哗哗月月,女,2018-01-08 00:11:42,哇终于等到了！！！,0,0
311,dz0101,男,2018-01-08 00:11:37,前排！,0,0
310,dys捣大蒜,女,2018-01-08 00:11:36,没有夜生活的央视君,0,0
309,帅你一脸的撒旦Sama,女,2018-01-08 00:11:36,哇，大家都不睡觉的啊[2233娘_汗],0,0
308,路遥知九,保密,2018-01-08 00:11:36,哇！！！前排！,0,0
307,日向,男,2018-01-08 00:11:35,来看我们的代言人,0,0
306,酥梨酥梨麻,女,2018-01-08 00:11:34,哇！这么多人不睡觉吗？,1,0
305,冷色小可爱QWQ,女,2018-01-08 00:11:33,前排！！！！,0,0
304,嘿咻嘿咻Lay蛋蛋,保密,2018-01-08 00:11:33,前排！！礼拜五去上博逛的时候看到李仲谋副馆长了！！ε=ε=(ノR?Q)ノ,1,0
303,橘子味的橙子C,男,2018-01-08 00:11:33,卧槽。。,0,0
302,bearonhill,保密,2018-01-08 00:11:33,不管先评论！明早上班路上看,0,0
301,MER_yu,保密,2018-01-08 00:11:31,我的问题吗，黑屏啊,0,0
300,菜花②,女,2018-01-08 00:11:30,为陈晓哥哥打call,0,0
299,恋糖酱,保密,2018-01-08 00:11:29,更新迟了啊。。。。说好的0点呢。[小电视_哭泣],0,0
298,好名都被gou取了,保密,2018-01-08 00:11:29,**，前排！！！,0,0
297,Leugeu,保密,2018-01-08 00:11:27,"以下是摘抄自杨仁恺先生所著《国宝沉浮录》，年轻人所带残片相关选段，楼主手打，可能有疏漏，阅读不够详尽，未能找到年轻人所带数卷残片背后的故事，有知道的小伙伴务必告知。感谢杨老先生！
  “此处所记北宋书画名作数卷，都是厄后幸存下来的国宝！它们的发现，是在一九****月中的一个中午，由黑龙江哈尔滨一位青年男子携带一个“破烂”字画到北京琉璃厂荣宝斋门市部求售，适业务科田宜生出面接待，当时觉得布包内横七竖八，紊乱不堪，但上面印有清内府印玺，知是“东北货”――当时一般对长春伪宫佚出的书法名画的统一称谓。即是破烂不堪，也不能随便应付。我那时正在他们经理**办公室午休，因之，他到后院经理室唤醒我。听说有一包哈尔滨来的“东北货”，使我顿时有一种预感，与十年前长春的那一段工作猛然连接起来。于是，逐件逐件耐心地展开，上面有几件国宝就是从包裹里三十七件“东北货”中挑选出来的。其余的还有南宋牟益《西岳降灵图》，前面残缺，似非真迹；元杨恒，萧?，赵孟\《尚书 无逸篇》合卷，已经分离，真，隶，篆三体书，赵为真书，前段残；陆居仁，杨维祯数卷合卷已残，仅存陆氏书十六行半；明王绂《万竹秋深图》已残；沈周《辛夷花图》后有作者长题已残。此外尚有明清人数卷，拓本，所谓御笔等，真真假假，见著和不见著录的，玉石混杂，总的不外是伪满“国兵”在溥仪逃走后，经过一番劫夺，剩下来的“破烂”，竟有人把它收拾起来，纹丝未动，全部拿出来卖与文物店，二十年来保管之劳，应当予以酬谢。”――《国宝沉浮录》第三章第四节",47,10
296,改名能中奖吗切拜,女,2018-01-08 00:11:26,你们都长在B站了吗！！！,0,0
295,半冷半热杨,男,2018-01-08 00:11:24,前排lol,0,0
294,大柠檬哟,保密,2018-01-08 00:11:23,2分钟,0,0
293,善良的叽,保密,2018-01-08 00:11:22,啊啊啊啊啊啊啊啊啊陈晓古装是公子本子了啊啊啊!为您打call!,33,0
292,锦衣夜行漫步春天,保密,2018-01-08 00:11:21,朱峰老师演的子健太好了，看哭了。。。,0,0
291,白衣卿相少年顾,女,2018-01-08 00:11:21,感觉等了一个世纪！,1,0
290,名字要随便,保密,2018-01-08 00:11:21,修仙党的胜利（￣￣）,1,0
289,贝加尔湖畔的土豆,女,2018-01-08 00:11:20,这开场曲在哪儿能下载啊(=?ω?=)想做起床铃声,0,1
288,一期一振的太太,保密,2018-01-08 00:11:19,刷新无数次终于出来了,0,0
287,纯洁的方德,男,2018-01-08 00:11:19,对《云梦秦简》感兴趣的小伙伴可以点我头像进来看云梦秦简《秦律十八种》中的《田律》、《仓律》、《金布律》、《关市》和《工律》啦！平时还要上夜班，更新频率不是很稳定，不过一定会坚持更下去的。我也不为点赞什么的，只想把老祖宗留下来的东西分享出去，学习、交流、思考、传承。(｀?ω??),2,0
286,阿米哲,女,2018-01-08 00:11:19,晓迷给陈晓哥哥打电话！,7,0
285,长い沼吏ジュ`ル,男,2018-01-08 00:11:18,嗯(⊙_⊙)拖更了一年终于舍得更新了…,0,0
284,墨小忘哟,男,2018-01-08 00:11:18,哇(=?ω?=),1,0
283,菜花②,女,2018-01-08 00:11:17,看我刷出了什么,0,0
282,酒单窝,保密,2018-01-08 00:11:17,可以可以等到了,0,0
281,凌玉晏,女,2018-01-08 00:11:17,前耶！！！！！,0,0
280,青城山下一线天233,女,2018-01-08 00:11:16,两分钟前两分钟前！两分钟前,1,0
279,诗歌华,保密,2018-01-08 00:11:16,好前哦表白所有宝藏(?￣△￣)?,0,0
278,hinyhiny,男,2018-01-08 00:11:16,万岁通天帖上面第一眼就看到乾隆御赏之宝,0,0
277,大日琉璃,保密,2018-01-08 00:11:15,哎呀，出来了,0,0
276,不若忘7,女,2018-01-08 00:11:14,我没有硬币了！！哭,0,0
275,Holmoak1108,男,2018-01-08 00:11:14,好快啊Σ(|||||| ),0,0
274,烨郇_玖,保密,2018-01-08 00:11:13,"政治周测做了一道关于国家宝藏的主观题qwq
超级激动
由于之前我在班里的疯狂安利，今天老师讲到那道大题的时候班里一大堆人都往我这看????
（然后现在我代替班里的住宿生来抢楼来了）",3,1
273,柠檬蜂蜜VS柚子茶,女,2018-01-08 00:11:12,哇哇哇！终于等到你！,1,0
272,山宝水灵,保密,2018-01-08 00:11:11,好快！,0,0
271,天琴玖歌,女,2018-01-08 00:11:08,表白宁静陈晓表白辽宁省博物馆,5,0
270,殊念清宇,男,2018-01-08 00:11:08,前排前排,0,0
269,ぁ,女,2018-01-08 00:11:07,(?￣△￣)?,0,0
267,单手倒车的柔韧性,保密,2018-01-08 00:11:05,拖更这个习惯不好 亲,0,0
266,henryyanyh,保密,2018-01-08 00:11:04,66666,0,0
264,白衣卿相少年顾,女,2018-01-08 00:11:02,前排！！！！,0,0
263,嘤嘤嘤LK,男,2018-01-08 00:11:00,250[小电视_笑],0,0
262,唐啊唐哈,保密,2018-01-08 00:10:59,没有网看不成，伤心,0,0
261,脉脉此情谁可诉,男,2018-01-08 00:10:59,好前啊,0,0
260,Hilvcha,保密,2018-01-08 00:10:58,哇哇哇,0,0
259,T-een,保密,2018-01-08 00:10:58,上热搜是不可能的,1,0
258,名字要随便,保密,2018-01-08 00:10:56,来啦来啦来啦,2,0
257,一只撸狗,保密,2018-01-08 00:10:55,250,0,0
256,兰陵萧公子,男,2018-01-08 00:10:54,6666,0,0
255,老板来一包去污粉,保密,2018-01-08 00:10:53,哇哇哇哇哇哇,0,0
254,ARSRAMSEY,男,2018-01-08 00:10:53,前排前排,0,0
253,一期一会Ci,保密,2018-01-08 00:10:52,啾咪(｀?ω??),0,0
252,九沧杯月,男,2018-01-08 00:10:52,前300名,0,0
251,自然醒喂狗,保密,2018-01-08 00:10:52,更新啦！！！,0,0
250,两对滚,保密,2018-01-08 00:10:51,来来来了！,3,2
249,Lenhar60,男,2018-01-08 00:10:51,你们手速也太快了8[2233娘_大哭],0,0
248,下雨天睡觉的短,保密,2018-01-08 00:10:51,250,0,0
247,米奇安也,女,2018-01-08 00:10:50,睡不着的原因，好好d ^_^?,0,0
246,股间奇谈,保密,2018-01-08 00:10:50,前排表白陈晓,6,0
245,第八个受害者,保密,2018-01-08 00:10:49,wow！天也，盼的我好苦。,0,0
244,卡农初号机,男,2018-01-08 00:10:48,沈阳发来贺电[小电视_赞],0,0
243,我叫江浙沪,保密,2018-01-08 00:10:48,啊啊啊为央视爸爸打call,0,0
242,风中暴走,保密,2018-01-08 00:10:47,前排！！！！！,0,0
241,-青椒炒饭,保密,2018-01-08 00:10:47,等的我好苦啊～(￣￣～),0,0
240,lxclove6,女,2018-01-08 00:10:47,前300！,0,0
239,L满楼丶,保密,2018-01-08 00:10:44,****,0,0
238,下雨天睡觉的短,保密,2018-01-08 00:10:43,250,0,0
237,鳝变的勋夫人,女,2018-01-08 00:10:43,前排(=?ω?=),0,0
236,弘豆Lee,女,2018-01-08 00:10:43,来啦来啦,0,0
235,三岁的少女格,女,2018-01-08 00:10:42,前排没了,0,0
234,山|sZ煎,男,2018-01-08 00:10:42,你让我等的有多辛苦你知道吗？你又不是我的初恋，搞得我这么激动,0,0
233,阿欢欢呐,女,2018-01-08 00:10:42,留名！！！！！,0,0
232,梦周先生,女,2018-01-08 00:10:42,终于等到你！！！！,0,0
231,阮天思,保密,2018-01-08 00:10:42,该来的总会来的,0,0
230,阿拉阿,保密,2018-01-08 00:10:41,222,0,0
229,hxxzzz,保密,2018-01-08 00:10:40,来了~,0,0
228,gem_cc,保密,2018-01-08 00:10:40,终于更了。。。,0,0
227,博弈人间,保密,2018-01-08 00:10:40,前200自信,0,0
226,幽月兰溪,男,2018-01-08 00:10:40,修仙党的福利 什么时候才到湖南博物馆啊,0,0
225,卫仕乳钙片,保密,2018-01-08 00:10:39,"【我看好多小伙伴有误解，认为辽宁除了满清没什么文化，位列九门名不副实：其实除了书画 追溯历史还有兴隆洼文化，红山文化这种*****的文化遗址，是华夏文明的最早痕迹之一。其中出土的红山女神像 也位列首批禁止出境名单。作为龙的传人，玉猪龙更是号称中华第一龙！
     
历史学者傅斯年的名言：“商之兴也，从东北来，商之亡也，向东北去。”

商为中国信史之第一章，亦即为东北史之第一页。东夷是红山人南下混合后的民族，包括大汶口文化等都是红山人南迁的证据，红山人在华东形成东夷集团，东夷集团的殷商人灭了夏，建立了商朝。燕国 赵国 魏国等国家的主体都是殷商人。东夷的首领少昊，是黄帝的嫡长子，姬姓。 少昊有个孙子叫帝喾，姬姓。 帝喾的长子叫后稷，姬姓。后稷被派往西部边疆。 周王室是后稷的子孙，姬姓。周王室灭商后将没搞定的部落称为东夷、西戎、北狄、南蛮。详见傅斯年《东北史纲》。】

而且这节目选什么并不是自己说了算。
“比如节目组选择了辽宁博物馆馆藏的鎏金木芯马镫，但辽博一直不屈不挠地给于蕾打电话，希望换一件文物：马镫在外形上就不是一件可以先声夺人、引人赞叹的珍宝，甚至因为历史太久，外面的鎏金基本都褪色了――显然，不足以代表辽博的馆藏实力。”
于三娘采访 原文地址 http://ent.qq.com/a/20171221/027568.htm
     
一直以来缺乏宣传，不被人了解，甚至误解，辽宁渴望为自己正名。虽然这次没能借机展示本土古物，让大家了解东北的古老文明，但是通过书画马镫 引申出一带一路，宣扬书画传承，演绎出弘扬民族文化，立意深远的好故事来，节目的目的也就达到了。

都说自己家的被借走了，辽宁也一样。沈阳故宫博物院11万件藏品散落在南京，台北等地。文溯阁内的《四库全书》被甘肃博物馆拿走，公然要价三亿，至今书阁两地。 即便如此，辽宁的书画藏品放眼全国也是仅次于故宫的。位列九门实至名归。欢迎同学到辽博参观。",137,34
224,哔哩0099号,男,2018-01-08 00:10:39,200楼,0,0
223,请叫我不知名好心人,女,2018-01-08 00:10:39,250,0,0
222,啊圆圆圆圆,女,2018-01-08 00:10:39,前300！！！,0,0
221,君兮和她的猫,女,2018-01-08 00:10:37,来了来了！,0,0
220,久不见夏天22,保密,2018-01-08 00:10:35,看我发现了什么！！！,0,0
219,我就叫这个名字吧,女,2018-01-08 00:10:34,前排啾咪,0,0
218,下雨天睡觉的短,保密,2018-01-08 00:10:34,250,0,0
217,纯情基,男,2018-01-08 00:10:33,哇塞等到了,0,0
216,踏雪朱印曼珠沙华,男,2018-01-08 00:10:33,！！！,0,0
215,今天灵笼更新了吗,男,2018-01-08 00:10:33,关晓彤，心痛[小电视_哭泣],1,0
214,国家队-烟雨-楚云秀,女,2018-01-08 00:10:32,为我大辽宁打call！,1,0
213,米奇安也,女,2018-01-08 00:10:32,喔喔喔,0,0
212,盛世A章,男,2018-01-08 00:10:31,评论的真快啊,0,0
211,二次纱宇婷,保密,2018-01-08 00:10:29,汪汪汪汪～哇哇!头一次这么前!话说大家手速不慢呀～,0,0
210,下雨天睡觉的短,保密,2018-01-08 00:10:28,250,0,0
209,阿米哲,女,2018-01-08 00:10:28,陈晓哥哥帅死了！！,0,0
208,大白or小白,保密,2018-01-08 00:10:28,来了来了,0,0
207,DXD白菜,女,2018-01-08 00:10:28,哇，为央视爸爸打电话。,1,0
206,大梦仙尊凤金煌,男,2018-01-08 00:10:27,(=?ω?=)看看我刷新出了什么,0,0
205,红旗不倒啦啦啦啦,保密,2018-01-08 00:10:26,播放量一，评论一百零七是认真的吗？,0,0
204,作死的吧啦哔,保密,2018-01-08 00:10:25,啊啊啊终于出了！！！！,0,0
203,Naruto23249,男,2018-01-08 00:10:24,深夜福利,0,0
202,动感光波TAT,男,2018-01-08 00:10:23,335,0,0
201,啊咧个神冬瓜,保密,2018-01-08 00:10:22,啦啦啦啦,0,0
200,臣妾不是受,女,2018-01-08 00:10:22,熬夜党的胜利！！,0,0
199,苍爹在我怀里,保密,2018-01-08 00:10:22,前排！！！！！,0,0
198,奇拉玛蒂,保密,2018-01-08 00:10:22,啊啊啊啊啊，等到了(*^^)/★*☆,0,0
197,雪色W,保密,2018-01-08 00:10:20,竟然在考试前发（/TДT)/这两天考完再看考完在看（￣￣）,0,0
196,唔姆嚯嚯嚯,男,2018-01-08 00:10:20,来了，抓紧看,0,0
195,下雨天睡觉的短,保密,2018-01-08 00:10:19,哇前排！！！！,0,0
194,西-,保密,2018-01-08 00:10:18,前两百,0,0
193,随遇而安勿忘心安,男,2018-01-08 00:10:17,200前,0,0
192,sakurazjh,保密,2018-01-08 00:10:17,啊啊啊啊,0,0
191,受教多年,保密,2018-01-08 00:10:17,这更新时间，一脸仙气(｀?ω??),0,0
190,jojo0101,保密,2018-01-08 00:10:16,好快啊，来了,0,0
189,小阳不见了,男,2018-01-08 00:10:15,厉害了,0,0
188,盛开的夏野,男,2018-01-08 00:10:14,居然更了……,0,0
187,贝加尔湖畔的土豆,女,2018-01-08 00:10:13,哇哇哇，我来了,0,0
186,孟小\,保密,2018-01-08 00:10:13,前300,0,0
185,一叶之秋的叶不羞,男,2018-01-08 00:10:12,前200！,0,0
184,墨迹盒饭,女,2018-01-08 00:10:11,前排！！！修仙福利,0,0
183,机智的小鹿犬,男,2018-01-08 00:10:11,我来啦，哈哈哈,0,0
182,喜欢你宛如大海,保密,2018-01-08 00:10:10,******,0,0
181,隔壁大白,男,2018-01-08 00:10:09,大家好啊。,0,0
180,giao先辈,男,2018-01-08 00:10:09,来了来了,0,0
179,边缘的局外人,保密,2018-01-08 00:10:09,看我刷出了什么！,0,0
178,贝啊贝呀贝,女,2018-01-08 00:10:09,更新了！！！超激动(=?ω?=)看之前说一声，大家都是四期追过来的真爱了，节目的重点在国宝本身，请勿本末倒置了，谢谢_(:3」∠)_,3575,66
177,吸猫狂魔龙大侠,男,2018-01-08 00:10:09,前200！！！,0,0
176,山岭矮人,保密,2018-01-08 00:10:08,（￣￣）,0,0
175,水永远冷,保密,2018-01-08 00:10:08,！！！,0,0
174,就是要赖在站里不出去,男,2018-01-08 00:10:07,哇，第一个抢到了一楼。r(￣￣)q修仙党的胜利。,1,0
173,B璇与你壹路同行,保密,2018-01-08 00:10:07,终于等到你！,0,0
172,p刀pj,男,2018-01-08 00:10:06,我刷出了啥,0,0
171,王帅至上,保密,2018-01-08 00:10:06,6666[芮小凸小凹_超棒],1,0
170,阿米哲,女,2018-01-08 00:10:05,千三百,0,0
169,我是啾咪怪,女,2018-01-08 00:10:05,前排！！,0,0
168,Satis-,保密,2018-01-08 00:10:04,(⌒⌒)[蛆音娘_睡觉觉]明天看,0,0
167,旭日大道,男,2018-01-08 00:10:04,第110是吗？,0,0
166,UI永不秃头,保密,2018-01-08 00:10:04,天！！！！,0,0
165,沈长泽呀,保密,2018-01-08 00:10:03,emmmm,0,0
164,救世主あ内海,男,2018-01-08 00:10:03,本来想睡觉的突然更新了,0,0
163,贝贝向上,女,2018-01-08 00:10:03,真快啊啊啊吧,0,0
162,蠢胖儿,男,2018-01-08 00:10:03,[2233娘_大笑]占座占座,0,0
161,KDA_Akali,保密,2018-01-08 00:10:02,哇简直就是半夜福利啊！,0,0
160,boom卧槽,保密,2018-01-08 00:10:02,前1000,0,0
159,落英扶K,女,2018-01-08 00:10:01,终于等到你～～～,0,0
158,一多,男,2018-01-08 00:10:01,终于等到你,0,0
157,简安不简单,女,2018-01-08 00:10:01,啊啊啊！！,0,0
156,魂归朝野,男,2018-01-08 00:10:00,大半夜的,0,0
155,居居龙次火锅不,保密,2018-01-08 00:09:58,熬夜复习中，顺便看一下(⌒⌒),2,2
154,昭水函数,保密,2018-01-08 00:09:57,赶来缓存????,0,0
153,梦醉人间一场空,保密,2018-01-08 00:09:56,你们什么速度,0,0
151,龅牙君爱吃糖,保密,2018-01-08 00:09:56,修仙党前来报道,0,0
150,Tonymus,男,2018-01-08 00:09:55,哇哇哇！！！更新啦！,0,0
149,TheLittleAirport,保密,2018-01-08 00:09:55,修仙党来了,0,0
148,章回z,保密,2018-01-08 00:09:54,前一百？,1,1
147,rF乃,保密,2018-01-08 00:09:54,终于等到你！！！！,0,0
146,流岚垂雾,男,2018-01-08 00:09:53,前两百！！！,0,0
145,霖霖霖二,保密,2018-01-08 00:09:53,深夜福利！！！前排！,0,0
144,你炮姐还是你炮姐,保密,2018-01-08 00:09:52,前排前排,1,0
143,用户已开通呼叫转移,保密,2018-01-08 00:09:52,啊啊啊啊啊啊,0,0
142,夏楚翔的日常,保密,2018-01-08 00:09:52,这么多人……,0,0
141,FEIwwFEI,男,2018-01-08 00:09:52,哈哈 好前,0,0
139,大脸猫的猫脸大,保密,2018-01-08 00:09:51,更新啦！,0,0
138,撒哈拉的橘子,保密,2018-01-08 00:09:51,一百一类,0,0
137,你制杖吗不我贩剑www,女,2018-01-08 00:09:50,前排！！,0,0
136,小灯茶凉,保密,2018-01-08 00:09:50,这是上周的？,1,0
135,北方的馒头爱包子,保密,2018-01-08 00:09:49,[小电视_赞](°?°)?,0,0
134,表情不能用,保密,2018-01-08 00:09:48,前一百,0,0
133,狗叶今天脱贫了吗,保密,2018-01-08 00:09:48,虽然看完了直播，但是还要占个座2333,0,0
132,好丫头～,保密,2018-01-08 00:09:47,能不能把关格格删掉，影响我二刷！！！！！！,0,0
131,圣熊,女,2018-01-08 00:09:47,前排!!!,0,0
130,新垣结衣情人,保密,2018-01-08 00:09:47,前排！,0,0
129,会飞的大象12,男,2018-01-08 00:09:47,前排第一次啊,0,0
128,巴黎香颂,保密,2018-01-08 00:09:46,前排合影！,0,0
127,漓江塔塔霸,女,2018-01-08 00:09:44,哈哈哈哈哈,0,0
126,路过一只D菌,保密,2018-01-08 00:09:44,100以内！！,0,0
125,帝I祖,男,2018-01-08 00:09:44,一百之前,0,0
124,小Y又在睡懒觉,保密,2018-01-08 00:09:44,我是第几,0,0
123,-青椒炒饭,保密,2018-01-08 00:09:43,啦啦啦啦啦啦,0,0
122,思小七吖,女,2018-01-08 00:09:43,报到(⌒⌒),0,0
121,蜻蜓蜓蜓蜓384,保密,2018-01-08 00:09:42,前一百？,0,0
120,自闭言和,男,2018-01-08 00:09:42,我，不想熬夜看了……,0,0
119,专治不服1997,男,2018-01-08 00:09:42,前一百(｀?ω??),0,0
118,萌生自爆叔,男,2018-01-08 00:09:41,哈哈哈我来听歌了,0,0
117,HAC鲨鱼坏旭旭,保密,2018-01-08 00:09:41,"(转载于舌尖上的中国第二季Armin叔评论)
1. 我在故宫修文物av3924328
2. 国脉・中国国家博物馆av4152415
3. 御膳房av4004813
4. 帝陵 av4619981
5. 中国通史av5670296
6. 北京中轴线av4378167
7. 大明宫av1730716
8. 大运河av4139898
9. 超级工程av6456542
10.航拍中国av8320409
11.舌尖上的中国第一季av3585546， 
第二季av4231881
12.长城av3122019
13.楚国八百年****2037
14.台北故宫av3578648
15.汉字五千年av250263
16.河西走廊av2229874
17.新丝绸之路av1242179
18.史说汉字av2483589
19.海昏侯大墓av3563428
20.复活的军团av522440
21.圆明园av1563053
22.东方帝王谷av2484328
23.望长安av4686831
24.布衣中国av8802176
25.大汉帝国av5332988
26.中华文明av3479721
27.历史的拐点av5957522
28.世界遗产在中国av4734362
29.再说长江av2120529
30.美丽中国av2251606
31.敦煌av5031538
32.敦煌画派****40353
33.与全世界做生意av2837502
34.留住手艺av3193310
35.第三极av8668069 
36.当卢浮宫遇见紫禁城av1458232
37.天河av2933029
38.光阴・西藏的西藏av4471131
39.中国高铁av9701763
40.筑梦路上av5053430
41.故宫100av4114589
42.我们诞生在中国av7346616
43.锦绣纪av6294513
44.古兵器大揭秘av5838576
45.大国重器av1806333
46.寻味顺德av4673559
47.味道云南av3692768
48.客从合出来av1088790
49.南宋av3613036
50.神秘的西夏av4670883",4,0
116,梦泽大大,保密,2018-01-08 00:09:41,前排围观,0,0
115,佛曰无量天尊,保密,2018-01-08 00:09:41,666666,0,0
114,龙い魂,保密,2018-01-08 00:09:41,前一百,1,0
113,没头脑和不高兴478,男,2018-01-08 00:09:41,b站尿性100楼,0,0
112,默大猫的小可爱,保密,2018-01-08 00:09:41,天啦啊[芮小凸小凹_超棒],0,0
110,全世界最好的江澄,保密,2018-01-08 00:09:40,前排前排前排[小电视_害羞],0,0
109,灰灰女皇,女,2018-01-08 00:09:40,哈哈哈刚参观了辽宁博物馆回来的我，有点骄傲,0,0
108,天殇就是天天,男,2018-01-08 00:09:39,"前100
！！！！",0,0
107,服装排版,男,2018-01-08 00:09:39,一百，,0,0
106,BlastShoto,保密,2018-01-08 00:09:38,前排!,0,0
105,佛曰无量天尊,保密,2018-01-08 00:09:37,666666。,0,0
104,三千二,女,2018-01-08 00:09:37,求洛神赋的bgm单投啊爸爸！！！！！,4,1
103,鸿沟w,保密,2018-01-08 00:09:37,前排！！！！,0,0
102,侏罗儿纪,女,2018-01-08 00:09:36,前100,0,0
101,苌Ｉ,女,2018-01-08 00:09:36,前排！！,0,0
100,芨坞谙卷,保密,2018-01-08 00:09:36,100！,5,0
99,爱唱小虫的歌,男,2018-01-08 00:09:35,哈哈哈  慢了一步啊,0,0
98,武昭宣荒,保密,2018-01-08 00:09:35,前100,0,0
97,AingLnyHal,保密,2018-01-08 00:09:35,洛神赋图！,0,0
96,merda,男,2018-01-08 00:09:34,天啦噜,0,0
95,柯丶筱澜,男,2018-01-08 00:09:34,哇哈哈哈哈哈哈哈打完游戏刚好更新 看完这个我就睡觉!,0,0
94,_牛奶罐,女,2018-01-08 00:09:34,！！！留名,0,0
93,剑雪浮生1989,保密,2018-01-08 00:09:33,前一百！,0,0
92,花海静,男,2018-01-08 00:09:32,一百以前,0,0
91,鱼火锅锅贴,女,2018-01-08 00:09:32,留名心,0,0
90,男孩男孩卖珠宝,男,2018-01-08 00:09:31,前60,0,0
89,皮皮琳,女,2018-01-08 00:09:31,前排！,0,0
88,MicKui,保密,2018-01-08 00:09:30,Bahahaha前排预定！,1,0
87,Tail-devourer,男,2018-01-08 00:09:30,前排。。。,0,0
86,铭记历史砥砺前行,男,2018-01-08 00:09:29,修仙党的胜利,2,0
85,即刻_,保密,2018-01-08 00:09:29,（￣￣）,0,0
84,玲木文元香,保密,2018-01-08 00:09:29,慢了一步,0,0
83,进击的小夜君,保密,2018-01-08 00:09:28,终于等到了，欢呼～,0,0
82,糖h柯德,女,2018-01-08 00:09:27,前排？,0,0
81,玄枵子,男,2018-01-08 00:09:26,前排(?????),0,0
80,永夜终寂,保密,2018-01-08 00:09:26,来了！！,0,0
79,小便尿一手,保密,2018-01-08 00:09:26,前排留名,0,0
78,浅\嗳,男,2018-01-08 00:09:26,前前前,0,0
77,朗月无声_,保密,2018-01-08 00:09:25,前一百,1,0
76,扣子ya,保密,2018-01-08 00:09:25,前10,0,0
75,世纪末的吉旦,女,2018-01-08 00:09:24,来了，,0,0
74,下里楚人,男,2018-01-08 00:09:23,前一百！！！,0,0
73,铭记历史砥砺前行,男,2018-01-08 00:09:23,封面儿好帅,2,0
72,魅族科技-,男,2018-01-08 00:09:23,我要前排,1,0
71,月夜既无殇,保密,2018-01-08 00:09:21,嘛也终于。。学什么不好学拖更。。,0,0
70,柏诺柏诺,男,2018-01-08 00:09:21,前一百,0,0
69,四月本命,女,2018-01-08 00:09:20,这手速啊！r(￣￣)q,0,0
68,@十三年蝉,保密,2018-01-08 00:09:20,前20不过分把,1,0
67,g大器碗盛g,女,2018-01-08 00:09:20,来了来了,0,0
66,是幻觉吗,男,2018-01-08 00:09:20,哼哼哼！,0,0
65,moxunexo,女,2018-01-08 00:09:19,(⌒⌒),0,0
64,丶风继续吹z,保密,2018-01-08 00:09:19,终于来了,0,0
63,沙僧不杀生,保密,2018-01-08 00:09:18,来啦！！！,0,0
61,腿毛二厘米,保密,2018-01-08 00:09:18,来了！！！华天啊啊啊啊啊啊啊啊啊啊啊啊！！！,0,0
60,谢莫寒,女,2018-01-08 00:09:18,缓存……,0,0
59,无奈小涔哥,保密,2018-01-08 00:09:17,前十嘻嘻,0,0
58,鱼YU啊,女,2018-01-08 00:09:16,前排！！！！！,0,0
57,悠幽Yuria,女,2018-01-08 00:09:15,天哪我居然抢到了第一 还是热门国宝 惊了,0,0
56,夙昔不溯,女,2018-01-08 00:09:15,前三十,0,1
55,铭记历史砥砺前行,男,2018-01-08 00:09:15,(=?ω?=),1,0
54,忘忧草樱花祭,保密,2018-01-08 00:09:15,来啦！,0,0
53,Ravage～,男,2018-01-08 00:09:14,深夜更新还能行23333[小电视_赞][小电视_赞][小电视_赞],1,0
52,苏格兰的洛锡安,保密,2018-01-08 00:09:14,差点以为又鸽了,0,0
51,原上川,男,2018-01-08 00:09:14,我来啦！！！,0,0
50,海豹君丶,男,2018-01-08 00:09:14,前一百！！！,0,0
49,ID被召回,保密,2018-01-08 00:09:14,前排第20,0,0
48,Scarlet丶花小道,保密,2018-01-08 00:09:13,前排，前排，前排,1,0
47,温暖抱抱熊,女,2018-01-08 00:09:13,看我刷出来了什么(°?°)?,0,0
46,烨郇_玖,保密,2018-01-08 00:09:13,"政治周测做了一道关于国家宝藏的主观题qwq
超级激动
由于之前我在班里的疯狂安利，今天老师讲到那道大题的时候班里一大堆人都往我这看????
（然后现在我代替班里的住宿生来抢楼来了）",1,0
45,港记追不上林舒晴,保密,2018-01-08 00:09:12,(°?°)?,0,0
44,我不骄傲我傲娇,保密,2018-01-08 00:09:12,更新啦,1,1
43,死宅明,保密,2018-01-08 00:09:11,第一沙发,0,0
42,Easme,保密,2018-01-08 00:09:11,前排第十前排,0,0
41,男孩男孩卖珠宝,男,2018-01-08 00:09:11,前排留名,0,0
40,雪泣,女,2018-01-08 00:09:11,来了！！！,0,0
39,一顾千年辞长安,保密,2018-01-08 00:09:10,前二十啊啊啊啊,0,0
38,人生导师漳湿淋,保密,2018-01-08 00:09:10,前排！,1,0
37,灼琳,保密,2018-01-08 00:09:09,前(｀?ω??),0,0
36,弗斯科,男,2018-01-08 00:09:09,第二！,0,0
35,刘昊然的身上攻,男,2018-01-08 00:09:09,好巧！！！！,0,0
34,锦衣听风,女,2018-01-08 00:09:09,第几？,0,0
33,MrGilbert,男,2018-01-08 00:09:08,第一么,0,0
32,楼莫熙,男,2018-01-08 00:09:08,哇  更新了,0,0
31,sylrio,保密,2018-01-08 00:09:08,前排啊啊啊,0,0
30,大吃好几鲸,保密,2018-01-08 00:09:07,到了！！！！！！,0,0
29,普遍真理,保密,2018-01-08 00:09:07,第一名，先抢个评论位（⌒⌒）,0,0
28,诶呀哟哈,保密,2018-01-08 00:09:06,哈哈哈！！！我！！沙发！！,0,0
27,小小四五六,男,2018-01-08 00:09:05,马克一下睡觉,0,0
26,三千二,女,2018-01-08 00:09:05,啊啊啊啊,0,0
25,灰灰女皇,女,2018-01-08 00:09:05,第五！？,0,0
24,爱大盾的妮妮-,女,2018-01-08 00:09:04,第一啊啊啊啊,0,0
23,一名非洲人路过,保密,2018-01-08 00:09:04,爸爸！！！,0,0
22,妄图一夜暴富,女,2018-01-08 00:09:04,哈（￣￣）,0,0
21,一只撸狗,保密,2018-01-08 00:09:03,哇前十,0,0
20,林红喜,保密,2018-01-08 00:09:03,前排有吗,0,0
19,哒哒哒吧哒哒,保密,2018-01-08 00:09:03,(⌒⌒),0,0
18,TATTTTTTKA,男,2018-01-08 00:09:03,嘻嘻嘻 前排,0,0
17,琥珀の剑,男,2018-01-08 00:09:03,哇！前排,0,0
16,甘SZ,女,2018-01-08 00:09:03,前排留名,0,0
15,卡死糖宝,男,2018-01-08 00:09:00,哇，第三,1,0
14,云丶yun,男,2018-01-08 00:09:01,第一次第一,0,0
13,帕迪星的小王子,保密,2018-01-08 00:09:00,?????,0,0
