2183,苏卿,女,2018-02-04 22:24:00,[小电视_赞]任重不错！,0,0
2182,苏卿,女,2018-02-04 22:16:46,任重不错啊！以前不太认识。现在觉得真的不错呢。,0,0
2181,疏疏倩影旧曾谙,女,2018-02-04 21:47:42,(｀?ω??),0,0
2180,付艺宽,男,2018-02-04 20:04:12,(=?ω?=),0,0
2179,小珂儿123,女,2018-02-04 20:00:04,听着bgm又想刷一遍仙剑古剑和秦时，有一起的吗,1,0
2178,吱吱支F,女,2018-02-04 19:14:36,"看弹幕真的恶意太多了 我不是粉丝 就纯粹 忍不住想说话
说实话 冬雨妹子演的挺好 台词的确不足 本来舞台剧对台词的要求就比较高 她舞台剧经验不足 电视剧电影表现得不错啊 不然金马影后是假的吗？否认她的成绩的人是不是有点过分了？另外问一句她的作品你们看过吗？ 请你们对青年女演员多一点包容吧。
再来 这不是演员的诞生 看的是国宝不是演技 请年轻的演员也是为了吸引更多年轻人来关注国宝认识国宝。
以上。",14,0
2177,一个超萌的苏O城,女,2018-02-04 18:52:07,我想说如果是汉式婚礼，我们是不是很多情节都要自己完成，毕竟婚庆公司应该也不是特别明白步骤r(￣￣)q。,4,2
2176,爆菊Sama,保密,2018-02-04 18:48:04,浙博真是个文艺的博物馆，中国美院也在杭州！??,6,0
2175,小室-,保密,2018-02-04 17:58:53,发现无论哪里对女明星是相对苛刻了，好奇这些键盘侠性别比例分布如何，周演技如何不讨论，舞台和摄影机呈现不同的表演形式和演绎技巧，真想顺着网线看看这些人是些啥德行,7,0
2174,童话叙述者,男,2018-02-04 17:19:45,好久之前常看到有人评论b站普遍存在厌女症，我还在想这种说法有点偏激，可能那个人或者是那个角色也真的有些许问题，后来才发现无论是谁 只要是个年轻少漂亮的女性，一定会有人喷，总是要找出一点缺点来喷，有些理由真是莫名其妙。我特别想知道b站厌女症的那些人中男女比例有多大。嫉妒让人丑陋，照照镜子 看看自己是有多脏,14,0
2173,只为星星,女,2018-02-04 17:17:46,讨论浪费钱的，讨论演员演技的，讨论乱七八糟的，说当时人作的，你们可以原地爆炸了??完全没有学过弹幕礼仪吗？,12,0
2172,只为星星,女,2018-02-04 17:15:22,是因为好多人放假了吗？弹幕素质真的不敢恭维了……,3,0
2171,幸福在悄悄蔓延,男,2018-02-04 16:09:03,关弹幕保智商,5,0
2170,尧菲啊啊,女,2018-02-04 15:55:30,关弹幕保智商，一群傻子,4,0
2169,桃树上的小叶子,女,2018-02-04 15:38:54,其实我觉得周冬雨演的挺好的，就是台词还需要更努力点,4,0
2168,腐静子,保密,2018-02-04 14:55:21,这个播放量真的一集比一集少啊……,2,0
2167,晏几道弯,保密,2018-02-04 14:33:01,觉得名字实在太好听了,0,0
2166,风尘雨露,保密,2018-02-04 14:02:50,果然精彩，不愧是中华文化呀，博大精深，被小伙伴安利了一波,0,0
2165,金卡门,保密,2018-02-04 13:47:41,这么好看的国宝，这么美的国宝，弹幕有些大神不看国宝一直掐嘉宾掐台词，你们怎么不去竞选呢？礼仪两个字怕是被狗吃了？闭嘴吧每一期都掐有完没完，要看演技看台词去隔壁戏精诞生，别特么逮着个国宝节目使劲儿掐！,12,0
2164,疯猴子菌,保密,2018-02-04 12:54:31,悄悄说一下，我名字里就有个琮呢哈哈,1,1
2163,Mo_辞,保密,2018-02-04 11:16:50,诸暨人给我大浙江打call！,2,0
2162,落叶萧然,保密,2018-02-04 10:43:40,为什么开头在争论压轴啊…每个博物馆都很棒我觉得没有压轴不压轴的说法吧。南京放最后可能是和北京第一个对应一下的，一直看到这个压轴好烦啊…,4,2
2161,橙子焦糖果冻,女,2018-02-04 10:07:51,我作为一个浙江人，我觉得有些人的弹幕配不上我们浙江博物馆，也不配看国家宝藏，可能央视爸爸以后做个节目ky的诞生，你们适合这种(=?ω?=),12,1
2160,黑框大战老佛爷,保密,2018-02-04 10:00:53,从优酷来的，快吐了，一群小学生占领下的弹幕。“和埃及比良渚就是垃圾”，“五千年？就吹吧”，“全靠yy，我还敢说良渚是黑人文化”，这群睿智要自卑到什么地步啊。,46,8
2159,刘晨溪,男,2018-02-04 09:16:58,仇女癌也太多了吧，对女性也太苛刻了。每次女嘉宾都被弹幕骂的很惨。真是够了。,12,0
2158,雪落缘灭,保密,2018-02-04 09:15:44,唉，个人觉得这种综艺节目才应该被学习，然而播放量却越来越惨淡，是我老了吗？年轻人不好这口吗？,3,1
2157,fu符与,女,2018-02-04 09:06:10,乾隆真的过不去了,0,1
2156,千茶_,保密,2018-02-04 08:57:35,请问弹幕有没有答过题啊？？？？动不动就撕起来。怎么每个年轻的演员上来都要说一通？尊重一下各位演员不行吗？不喜欢，看不下去可以跳，而不是在弹幕里随意指指点点。,5,4
2155,我关注的都是大帅比,保密,2018-02-04 02:46:48,都说周冬雨的演技不好，但是这个前世故事还是打动了我。。还有人说剧本写的不好太迷信，也不想想说的是什么时代的故事，在一个极度信仰神明的年代谈神马科学，麻烦不要用现代的眼光看古人好吗！能不能少点指点江山的“大神”，好好看节目不行吗？,3,0
2153,冥月葬梦,保密,2018-02-04 02:19:08,乾隆：都8期了还不放过我，求求各位大佬能不能让我歇一期！,2,0
2152,立志不拖后腿的师傅-,女,2018-02-04 01:11:09,"弹幕互相骂的都是怎么通过弹幕测试的？？疑问？？我觉得国宝守护人，对国宝报以尊重，认真的演绎前世传奇，就不该接受弹幕大神低端恶意的评价。
恕我直言，觉得台词差，来评论指点江山可不可以？觉得剧本不好，来评论大侃特侃行不行？弹幕那点儿地方真的委屈您了嘿",15,0
2151,惫懒的某鱼,男,2018-02-03 23:39:08,这都第八集了，还在讨论演技台词的弹幕大神，你们累不累啊？ 标题是国家宝藏！不是演员的诞生,11,0
2148,Junita猫,保密,2018-02-03 23:04:22,感觉这期一般。明星老大叔都不认识。周冬雨也就小清新文艺范儿。浙博风格都太严肃太寡淡了。衣服都是淡色。还是喜欢陕西、湖北、湖南博物馆这几期。彩色、有活力。期待下面的几期。,0,7
2147,Junita猫,保密,2018-02-03 23:01:55,浙博女明星也只有周冬雨这样的？哎！！！！大叔+周冬雨文艺范儿女星。不要啊！浙江太喜欢大叔、文艺、严肃这类的。活泼点啊。,0,8
2146,Junita猫,保密,2018-02-03 23:00:09,不要大叔演电视！老了！,0,8
2145,Junita猫,保密,2018-02-03 22:59:35,我要看年轻美男子小鲜肉明星代言！大叔不要！！！,0,13
2144,Junita猫,保密,2018-02-03 22:58:33,浙博是有多迷恋大叔啊？全部请的大叔明星做代言人。,0,3
2143,病娇少女yoki,保密,2018-02-03 22:37:02,给国家投硬币,0,0
2142,花盈陌,女,2018-02-03 22:25:21,刷剑三的KY别给我剑三招黑了好吗？真正的剑三er都在默默欣赏，就你们这种半瓶子醋，看到个东西就在那刷刷刷，真的烦，你们是黑粉吧？？？还是小学生？？玩个游戏就全世界所有东西都和游戏有关？？五年剑三er表示看到弹幕里一群无脑刷剑三，一群跟着喷剑三KY，真的心都碎了。还在那刷服务器，谁TM关心你们什么服什么门派？看东西带点脑子OK？这种KY我求求你们弃游好吗，就是有你们这种人，剑三名声才那么差！,3,2
2141,银雪鱼饭,女,2018-02-03 22:18:51,越地长歌不散！,1,0
2140,AT的十二,男,2018-02-03 22:16:20,谁有注意摄像师一直喜欢拍一个很好看的小哥哥,2,0
2139,最佳诸队友,男,2018-02-03 22:00:32,节目里的bgm很好听啊～就是不知道在哪下载以及曲名,0,2
2138,欧洲最靓的仔,保密,2018-02-03 21:49:59,有些弹幕真的很迷，人家台词怎么样关你什么事，你有什么资格说，竟然不想看就走啊，在这刷存在感，呵呵?,0,2
2137,欧洲最靓的仔,保密,2018-02-03 21:41:38,现在的弹幕、评论真是越来越没素质了，以后看到直接举报( ?_f｀),0,1
2136,今青宇夏南豆,女,2018-02-03 21:40:40,太喜欢啦,0,0
2134,最佳诸队友,男,2018-02-03 21:29:20,说是国家宝藏其实就是中华五千年文明的传承与发展,2,0
2133,傲然月,男,2018-02-03 21:01:59,古琴古筝这些国乐，真的是悦耳，符合中国人的耳朵[小电视_太太喜欢],4,0
2132,爱喝MGMG的仙灵女巫,保密,2018-02-03 21:00:21,此生无悔入华夏,1,0
2131,夏尔小姐x,保密,2018-02-03 20:28:17,一群弹幕大神呀，一到年轻女演员就使劲酸。你们看的是国家宝藏不是演技宝藏，。酸的大概都是生活比较不幸福的人吧[2233娘_无言],3,1
2130,纯衣c,女,2018-02-03 19:53:19,玉琮这一段的弹幕全都是台词演技的……恕我直言，都很烦……重点不应该放在讲述的文物上么，屏蔽弹幕又怕错过啥科普菌……结果满屏的ky和撕逼,5,2
2129,何夜无辰,男,2018-02-03 19:42:31,我发现一堆喷周冬雨的。。。个人觉得真的是因为剧本弱了吧。。。,0,0
2128,BL圈圈,女,2018-02-03 19:42:24,求问弹幕里的乾隆梗是啥，在第几期？,0,1
2127,鱼服攀岩跳崖爱好者,保密,2018-02-03 19:30:53,从50分开始暂停举报各种弹幕，没有bgm还能刷得这么带劲？？天策府早在李世民夺得政权后就被第一时间废除了！被你们的建立者废除了！虚构的游戏门派别跟真实的历史混淆在一起！！！要说安史之乱也有世家林立的原因。你们那几个门派还有几个也是世家呢！真要较真黑历史都不少。,5,2
2126,轻鹤丶,保密,2018-02-03 19:25:27,"去良渚文化博物馆做过志愿者，真的疯狂打call啊！
强烈安利来杭州旅游可以去看看，玉琮真的美的不像话，精湛的工艺简直了！
而且博物馆本身的设计也超美的，周边环境也敲棒！！(｀?ω??)",9,0
2125,容若慕,女,2018-02-03 18:28:04,有没有统计一下守护人的誓词？高三生有一次写文化自信写了编钟的守护华夏正音，被老师夸了~,3,1
2124,冰air,保密,2018-02-03 17:06:05,但识琴中趣，何劳弦上音。浙江省博物馆约起来啊(｀?ω??),3,0
2123,欣雨微然,女,2018-02-03 16:38:46,腻害??,0,0
2122,雨夜QAQ,女,2018-02-03 15:49:52,我为什么觉得-。-播放量一期比一期少了-。-,3,1
2121,宝黛推lamsi,保密,2018-02-03 15:24:55,@墨韵 的不单单是ky了，脑子都没了，古琴古筝都分不清的,3,0
2120,Y城密,男,2018-02-03 14:56:15,感觉很尬 个人见解,2,1
2119,咸鱼若叶呀,女,2018-02-03 14:12:05,浙江人给浙江疯狂打call[小电视_太太喜欢],2,0
2118,Holmoak1108,男,2018-02-03 13:53:01,播放量少的可怜(?；ω；`),0,0
2117,大海呀都是腿,女,2018-02-03 13:52:07,看到最后，看哭了,0,0
2116,Iamyourss,保密,2018-02-03 13:21:37,没觉得B站仇女，至少这个节目里没有，明明男演员也有批评的声音，怎么一到女演员说两句就是仇女呢，不好就是不好啊,1,7
2115,Duskfallon,女,2018-02-03 13:11:53,给大浙江打电话(=?ω?=)感觉浙江的这几件都好秀气哇~,0,0
2114,花春鹿姬,保密,2018-02-03 12:37:14,哈哈哈弹幕有人说虽然自己是男的也想做那个轿子 笑死,6,2
2113,斯塔克家的子雨,保密,2018-02-03 12:02:28,关弹幕关弹幕，终于要放假了,0,0
2112,半生荒唐半生哀,男,2018-02-03 11:45:08,为什么播放量越来越少？,0,0
2111,a893307454,男,2018-02-03 11:13:38,你们成功的逼我把演技，功底，甚至台词这两个字都拉黑了。。。,6,4
2110,宇宙倒数第一丑,女,2018-02-03 09:54:56,本想着开弹幕可以看到大神们的知识补充还有找找bgm，没想到大家喜欢一言不合就…评头论足…说实话这弹幕我看着更尴尬，视频都不能好好看了…（￣へ￣）,1,1
2109,葭月丶,保密,2018-02-03 03:58:23,"凌晨三点多看完这期节目，看完之后也是感慨良多啊。开头的“万工轿”，说实话，但凡是女孩子，谁没有个花轿梦，小时候有见到坐花轿结婚的新娘都可羡慕了，想着自己长大后也一定要坐着大红花轿，身着华夏衣裳，一路十里红妆。在那天，做全天下最幸福的女人。不过现在一般都采用比较方便的西式婚礼，我们传统的汉婚反而是很少见了。（心里还是默默希望我将来的那天如我心中所愿，有个美美的中式婚礼吧(/ω＼)）
中间的那个“落霞氏 彩凤鸣岐 古琴”，琴是六艺之首，文人墨客之间最是少不了的。不管是娇女还是侠客都有着无法与人诉说的秘密，抚琴之时也是与之倾诉的时候。做这期节目的时候，我有幸去到了现场，听到了现场版的来自千年前的声音。接着，丁老师又与其夫人琴瑟合奏了一曲，真正意义上的琴瑟和鸣啊。我不懂音乐，但是，在丁老师和他夫人合奏《神人畅》时，我可以说是十分陶醉其中了。
最后的玉琮，良渚，证实了我们的五千年文化不是嘴上说说的，它是真正存在的，我们中国，华夏五千年文化，不曾断过！",16,0
2108,想要你留下,保密,2018-02-03 02:55:56,吐槽五千年前封建迷信的弹幕是认真的？？？？而且还不止一条？？？？那个年代对神和自然的敬畏就算是现在的宗教怕也不能比，更别提封建迷信的糟粕了，真是……睿智……,26,2
2107,MER_yu,保密,2018-02-03 02:11:49,啊还要等多久。。。,0,0
2106,容容容我的容颜,保密,2018-02-03 02:02:44,本来我是打算从深圳去浙江的，先去杭州，然后去看古镇，还有各个博物馆！但最后选择去了北京，然后从北京回了家的！浙江也一定要去的！,1,0
2105,清灯碧影,保密,2018-02-03 01:16:10,国外以前只承认中国三千年的历史 然后国内某些公知和牧羊犬一直给大家洗脑和坚信中国只有两千年的历史 而且说的头头是道 各种说国内考古作假 都是骗民众的 这些人一直生活在自己想象的世界里 给科普解释再多也装作听不见。。。。。。,23,1
2104,L-multiflora,女,2018-02-03 00:53:26,浙江博物馆很有自己的风格，美，通灵，诗情画意。（轿子也太好看了！）,0,0
2103,逆行蝴蝶,保密,2018-02-03 00:15:59,[小电视_太太喜欢]喜欢喜欢,0,0
2102,-沐颜-,保密,2018-02-03 00:13:07,好喜欢周冬雨啊,0,0
2101,巷陌素骨簪白头,女,2018-02-02 23:19:42,为我们大浙江鼓掌，三件国宝都好喜欢，万工轿还在天一阁看到过一个。,2,0
2100,紫罗兰不冷,保密,2018-02-02 23:15:16,成公亮先生算是我师祖了吧？（笑）说点严肃的，这期节目有点不严谨，古琴摆放位置算是失误了，琴头要悬空，而不是放在桌内，现在古装电视剧中如果有古琴，大多数也犯的这个错误。,2,1
2099,暗中观察冥王星分布,男,2018-02-02 23:07:38,每一集都有人刷乾隆 你们烦不烦人 乾隆历史上是怎么样的 你们是历史小白吗？说他是罪人也没错吧,2,1
2098,是张总呀,保密,2018-02-02 23:00:46,周冬雨这种小花演技这么好觉悟这么高真是不容易(=?ω?=)路转粉吧，演的太好了,2,0
2097,长生smr,女,2018-02-02 22:47:42,*?(???`?)?*?( ??? ) ? ☆?*。?(@ωA*)??*。,1,0
2096,努力一夜暴富,保密,2018-02-02 22:33:31,似李！小……小黄鸭！,0,0
2095,赵公子zero,男,2018-02-02 22:16:45,好看好看好看,1,1
2094,吴小困Dimitry,保密,2018-02-02 21:55:52,呵呵我们江苏北边楚汉雄风，南边江南吴韵，所以我为省会南京打call。别忘了江苏可是历史见证和历史名城最多的省。江苏人刘邦项羽镇楼！,2,3
2093,诗与诗,保密,2018-02-02 21:39:33,md，看个综艺有些人总在刷谁谁台词怎么样，又怎么怎么看不下去，求求你看不下去就走，把自己当小孩子博取关注是吧？！,4,1
2092,情迷查尔斯,保密,2018-02-02 20:41:17,除了感动还是感动,1,0
2090,青衣染尘,女,2018-02-02 20:22:18,浙江人报道！！！！,0,0
2089,KSBhinya,男,2018-02-02 20:10:32,江浙的表示确实我们这里婚嫁都很讲究的，父母都舍不得让孩子丢面子，像我堂哥结婚就是在人民大会堂旁边酒店国宴厅包的，一桌不加酒水就要6000多，一个大厅全包了总共31桌，他们家算不上有钱吧，但是我堂哥父母想让他们有一个最好的婚礼，毕竟大多数人的人生里面结婚这种事情只有一次啊。,9,3
2087,危机不理你了吗,女,2018-02-02 20:03:45,为浙江疯狂爆灯,1,0
2086,斯莱特林学员咏絮,女,2018-02-02 20:02:16,为我浙博打call?,1,0
2085,巧克力君_墨倏,女,2018-02-02 19:46:40,朋友们！我萧山湘湖的7000年跨湖桥遗址了解一下！！??,1,0
2084,KSBhinya,男,2018-02-02 19:43:21,浙江杭州人超级自豪的！这些国宝我都亲眼见过！超自豪！越地长歌不散！,3,0
2083,氮氢化合物,保密,2018-02-02 19:28:32,周冬雨演得不错的，就是台词不够有感染力,0,0
2082,画潜浅,男,2018-02-02 18:35:53,江浙沪包邮区的胜利（什么鬼,5,0
2081,薄暮starnight,保密,2018-02-02 18:31:41,浙江建院里面的建筑也挺有内涵的( B?B ),2,0
2080,陆余-,女,2018-02-02 18:28:47,啊啊啊啊啊啊为我大浙江疯狂发call,0,0
2079,应小渠,保密,2018-02-02 17:27:50,我就想说，那些说别人ky的自己也很ky，别人刷啥你都管，能不能管好自己的键盘,1,0
2078,爱吃西瓜的宿知意啊,女,2018-02-02 16:50:38,壮大我大浙江，为我大浙江打电话啊啊,0,0
2077,涵冰块,女,2018-02-02 15:26:08,(?￣△￣)?,0,0
2076,MUS砚台,男,2018-02-02 14:44:19,想问一下有没有琴中剑,2,0
2075,樊小服连冷冥,女,2018-02-02 13:50:19,弹幕一个带节奏的，后面一堆人跟着附和演技,1,0
2074,信鲤鲂,保密,2018-02-02 13:15:00,"友情提醒，第一季国家宝藏一共有10期！
官方消息有第二季，甚者第三季
来自：国家宝藏微信最新作者留言",13,1
2073,Saxolly,女,2018-02-02 13:10:20,琅琊榜的音乐一出来，我以为老王爷复活了,3,0
2072,有哥哥的百里玄策,保密,2018-02-02 11:59:56,看到诸位馆长对古琴的评价，又想起了微博上那个骂古筝和古琴的sb( ?_f｀),0,0
2071,明如朝雪,保密,2018-02-02 11:22:02,好文雅啊，浙江博物馆。琴声真的太美了。,1,0
2070,庆太小小狼,保密,2018-02-02 09:54:56,[小电视_笑][小A和小B_报警][小A和小B_大哭][小A和小B_低头][小A和小B_摊手][小A和小B_哈哈哈哈][小A和小B_司令]。。。。,0,0
2069,苏七药,保密,2018-02-02 09:41:12,(°?°)?,0,0
2068,来份麻酱蒜蓉油麦菜,保密,2018-02-02 09:20:01,婚闹不是习俗，伴娘也不是,3,3
2067,鬼曦233,男,2018-02-02 09:11:40,待我青丝绾正，铺十里红妆可愿,1,0
2066,蔬菜是什么,男,2018-02-02 08:19:06,才发现我少看了一集～我去，惊喜啊！！！,0,0
2065,容容容我的容颜,保密,2018-02-02 04:59:17,我从小到大，一直都喜欢传统文化，喜欢历史，古典的东西！大概受我爸影响，遗传我爸吧！人家还在看偶像剧动漫之类的时候，我就经常会看考古节目！长大后仍然热爱…以后结婚想办中式婚礼～,4,0
2064,这辈子都绝不会中奖啦,保密,2018-02-02 01:01:54,恕我直言，这是一部只讲国宝的综艺节目，而不是讲人，如果哪位小老板觉得某位守护人看的不顺眼请您走好，不要打扰其他人看视频谢谢您嘞,15,0
2062,秘密小彬,保密,2018-02-02 00:16:49,中华上下五千年  身为中国人 我自豪我骄傲,1,0
2061,桶与侦探,女,2018-02-02 00:11:24,中国一直以来都是一个多民族的国家，拥有不只一个文化源头，毫无疑问，良渚是其中之一。因为迁徙通婚等各种原因，各民族/部落/文化之间相互交融。不能单纯以地域来划分文化和血脉的延续。我敬畏每一个文化，也希望大家能尊重和承认良渚文化。,9,0
2060,黄旋,男,2018-02-01 22:53:27,这个都第八期了，你们放过乾隆老爷吧233333333[洛天依_滑稽],6,1
2059,以付之名,男,2018-02-01 22:44:26,"我看到弹幕有人说她是陕西姑娘，希望结婚时候有兵马俑

我就跟一句吧，兵马俑是秦始皇陪葬的~(?￣△￣)?",23,1
2058,小青青青青青,保密,2018-02-01 22:39:14,虽然说是看国宝，但是看前世故事确实是我每次都很期待的环节啊！我也同意态度挺认真啊，但是台词念的确实很出戏，说都不能说的吗，没见到很过分的说她的弹幕吧，反而一堆粉（还是黑粉？）：人家金马影后怎么可能演技不好？b站这么仇女对女性这么苛刻？你行你上你是影后？比关强吧？前两个帽子真是高，后两个更是…,5,3
2057,雪落缘灭,保密,2018-02-01 21:42:01,为什么播放量越来越少了，明明很好看，唉,5,1
2056,氢氧化丐,保密,2018-02-01 21:40:44,我在猜想后期是不是有玩过剑三的小哥哥小姐姐。∠( ? 」∠)_,5,0
2055,洋日清三种奴性,保密,2018-02-01 21:37:44,某些中国人是钱包鼓鼓却六神无主，身体强壮却东张西望。明明自己已经开始强大 却不敢相信。只要是和外国对比的视频一定会有侮辱中国的，在中国受中国保护，不喜欢你可以选择离开这里，去你想要的地方，不然何必在这里犯贱。明明大疆无人机，这么牛的企业，都有人不敢相信大疆的强大。看样子犬清留下的精神创伤到现在都没有修复好。曾经嘲笑越南文化洗剪吹，如今越南输出的mv却开始用精良汉风。不知道打谁的脸。,13,1
2054,KaZezzzz,女,2018-02-01 21:34:33,助演都演成精了啊哈哈,1,0
2053,无限与虚无,男,2018-02-01 21:13:30,唐虞夏商周，终有一天将会证明。,2,0
2052,花菱かおる,保密,2018-02-01 21:04:31,(?￣△￣)?我喜欢看文物，但不喜欢看明星。不看又感觉会错过啥。带着明星感觉有点浮夸了。虽然请明星能拉来更多青少年观看。别打我。个人观点。,3,0
2051,炮豚请和美琴保持距离,女,2018-02-01 19:40:07,一直以为会有战国水晶杯，杭博镇馆之宝。,1,5
2050,改介火,保密,2018-02-01 19:25:37,~\(RQ)/~,1,0
2049,北欧Birdy,保密,2018-02-01 19:18:42,说到历史总是让人热泪盈眶,3,0
2048,鹤羽が,女,2018-02-01 19:02:57,良渚中国玛雅诶⊙ω⊙,2,0
2047,鹿北屿,保密,2018-02-01 18:54:58,"仅反驳一点，弹幕没有针对女性，别乱带节奏，谢谢，对于以前男演员演的不好，弹幕同样有抨击。
同样讨厌撕来撕去的弹幕，请大家善用举报功能。",10,0
2046,biblioteca,女,2018-02-01 18:34:54,上博那期，苏州乱入，浙博这期，上海乱入，所以说我们大江南是不可分割的大家庭[小电视_赞]包邮万岁……,36,4
2045,高无语,男,2018-02-01 17:54:17,我看到个 第六期的细节 《国家宝藏》的 播出时间 好像是凌晨三点钟……,1,0
2044,广发八方,保密,2018-02-01 14:50:33,我大浙江,0,0
2043,文莉是唯一的战斗力,保密,2018-02-01 14:41:16,闹伴娘应该是现在的糟粕吧,10,7
2040,正xの屑,男,2018-02-01 13:30:57,太师这八集的演出都可以出一部轮回剧了。,3,0
2039,龟友百货店店员,保密,2018-02-01 11:50:37,非常精彩的一期，无论是文案、宝藏的选取，还是前世故事的演绎，都是这档综艺中的上乘。                                                彩凤鸣岐的讲解“从伯牙子期的高山流水，司马相如的 到嵇康的广陵绝响，陶渊明的无弦琴。每个中国人心中都住着一位剑胆琴心的侠士”；                                              小剧场立意高远，不落窠臼，充满家国情怀。随口一句“但识琴中趣，何劳弦上声”就出自《晋书》。                            三件国宝，就算是大部分普通人，第一眼也会被惊艳到。更好地佐证了我浙既有悠久的文明，也有辉煌的近现代。                      浙江就是这样一个地方，厚重文化底蕴，经济发达，风景如画三位一体。不可多得的灵秀之地。,23,0
2037,墙树花,保密,2018-02-01 11:35:59,琴就是情，倾情，诉情，谈情。,2,0
2035,猫头猫咪头,男,2018-02-01 11:21:19,说句不中听的 最重要的三件国宝如今都没找到 传国玉玺 兰亭集序 永乐大典啥时候能找到啊,3,6
2034,RachelXQ,保密,2018-02-01 11:06:12,"万工轿这个文物的展示真的有很大问题，无论前世还是今生。讲真，在开播前这个轿子曾是我最期待的文物，毕竟爱美之心，且我几年前去过宁海看过十里红妆博物馆，的确美轮美奂。但作为综艺节目，它的落脚点和表达真的问题很大。
1.这个东西制作的时间在国家动荡的背景下，使用对象太小众，主要是富豪人家嫁女，说难听点，我看这个剧场第一反应是朱门酒肉臭路有冻死骨；
2.商业环境中制造过程中碰到资金断裂不要太正常，就算造出来了租不出去也不过是老板商业眼光不行，结果这个剧本居然拿这种事情当伟大的情操来歌颂？
3.这个轿子去参加万国博览会了么？有什么改善民生的实际意义么？里面有什么科技含量发明创新么？怎么滴就上升到了民族制造和民族产业？
4.在前世里没有表达好的，本可以在今生里解释清楚，比如这个轿子的戏文屏实际是可以动的，体现了我国工匠怎样的巧思。它的设计亮点有哪些，制作的难度有哪些，甚至可以引申一下详细介绍宁波十里红妆花嫁风俗的由来，有些什么有趣的古礼等等。结果跳了段舞，甚至不算很出彩的舞（这个不怪舞蹈演员，因为舞剧可能是有一个完整的故事，而片段缺乏情绪酝酿，结果只能靠背景灯光和花轿模型来玩灯光秀）。
以上种种，反正我对这一单元的观感极差，甚至觉得这不是在宣扬正能量而相反。随随便便弄出个什么玩意，再卖点惨，然后再喊两句诸如“国货万岁”“民族振兴”的口号就gaochao了？要不是后面一个古琴的演绎精彩救场，浙博真是对不起我那么长时间的期盼（本人百分百的浙江血统）。",31,10
2033,爱玩尾巴的大猫咪,男,2018-02-01 10:52:14,古琴啊,2,0
2032,图书馆管理员-李,男,2018-02-01 10:50:13,我终于知道这是个什么节目了，央视:我来让你明白你爸爸为什么是你爸爸。,7,0
2031,柯里利斯.V,男,2018-02-01 09:53:47,我已经开始为明天南博预告片的弹幕担心了。,5,3
2030,科普侠,男,2018-02-01 09:45:33,"《国家宝藏》原创BGM合辑
作曲：关大洲
题名注释：于新玲 方懿（于蕾）

开场曲 丨《象王行》
题名注释：乐中采用的大法号之声，是佛教中象王之吼。象王，为佛教高贵之象征。象，力大无比但行事谨慎，象征行事时的智慧。

001号主旋律丨《风入松》
题名注释：古琴曲《风入松》，传为嵇康所作，后成词牌。此处取义形容001号讲解员的讲述，如风入松林、涛声迭起，入耳入心、娓娓道来。

嘉宾出场曲丨《破阵乐》
题名注释：原名传为唐贞观制秦王破阵乐之曲，用二千人，皆画衣甲、执旗旆，蔚为壮观。此曲为每位国宝守护人出场助阵音乐,取义力求异曲同工之烈烈气象。

国宝亮相曲丨《明月引》
题名注释：词牌名,取义国宝亮相似“浮云卷霭,明月流光”的气象

守护人主旋律丨《清平乐》
题名注释：词牌名。此曲衬托守护人对国宝的描述,如“红笺小字,说尽平生意”，愿这守护换来国宝的万世清平。

前世传奇引子丨《潜龙跃》
题名注释：取义《易经》“潜龙在渊”的中国哲学,蓄势待发之时是事物最强之势。

前世传奇尾声丨《定风波》
题名注释：词牌名,千载风波,多少英雄，回首向来,一蓑烟雨。每一段历史的结束，又将是新的传奇的开始。

今生故事开篇丨《满庭芳》
题名注释：词牌名。“人生底事,往来如梭”，今生的故事将是怎样的满庭芳华?

今生人物出场曲丨《鹤冲天》
题名注释：词牌名。一鹤冲天,无论是长幼尊卑,每一位守护国宝的今生嘉宾，皆是“白衣卿相”。

守护誓言曲丨《故园声》
题名注释：取义纳兰性德名句“夜深千帐灯”、“故园无此声”。愿这誓言如故园之声，真切绵长。

结束曲丨《少年游》
题名注释：词牌名。愿这五千年的文明,壮怀思飞,古老而生机勃勃，“长似少年游”。",17,1
2029,清心拂尘服,保密,2018-02-01 08:31:59,这一期关注的人好少哦，播放量和投币都好少,0,1
2028,天朝召唤师,男,2018-02-01 04:51:53,"用玉璧（育碧）来祭天
育碧：？？？",5,1
2026,Joe养鲸鱼,保密,2018-02-01 02:41:38,作为浙江省博物馆的一名大学生志愿者，感到自豪（￣￣）,8,0
2025,费漫喵,保密,2018-02-01 02:14:46,任重你好，我是道远,4,0
2024,夏司,保密,2018-02-01 02:04:04,终于到浙江了！！！！先顶为敬,3,0
2023,箫声依旧人渐远,保密,2018-02-01 02:00:37,希望这样有深度，有意义的节目能少一些垃圾弹幕，键盘侠们别拿起键盘就觉得自己天下无敌，你不愿意看没人逼你们看。这个节目重点是介绍国宝，我觉得请的演员每一位也都很用心的在演绎。别自己觉得恶心还要说出来再恶心别人。,10,0
2022,樱花-永恒,保密,2018-02-01 01:56:48,我就一句话你觉得不行你上，人家还不一定看得起你。,1,0
2021,love伊佐那社,男,2018-02-01 01:27:55,什么时候轮得到成都呢？((?`~??)咱们巴蜀文明也挺不错的,1,0
2020,nightpiano,保密,2018-02-01 01:14:48,啊~~~周冬雨这个演技和台词啊~~~不说也罢~~~,0,1
2019,小白是我弟,男,2018-02-01 01:09:20,小鲜肉都安排在最后这点很好。,1,0
2018,Namies,保密,2018-02-01 01:05:26,周冬雨这个金马影后也真是折在这档央视爸爸的节目里，这灾难一样的台词，关声音食用更加,5,0
2017,龙五木鱼,保密,2018-02-01 00:38:21,闹伴娘哪是什么传统民俗？古代陪同送嫁女子的都是已婚妇人，而且最好是生过好几个孩子的，年纪大点才好呢。所谓的闹伴娘还不是现在别有用心的人想出来的恶心招数，闹伴娘这个可别扣在古人头上。婚闹倒是以前就有，针对的是新郎居多。不过这种恶俗的风俗不管针对的是脑新郎还是其他人，都最好赶紧消失,13,5
2016,风湮九夜,保密,2018-02-01 00:26:13,我觉得周冬雨还不错，感觉态度很认真，适当的小调侃挺可爱，和国立老师配合的挺好，因为认真对待节目所以有点紧张吧，能看出来在台上有点紧张的,2,0
2015,熊俊俊破坏不了的铁粉,保密,2018-02-01 00:26:07,都说这个节目看演员的怎么怎么了。可是本来就是将国宝和演员联系在一起的形式啊...虽然国宝本身是重中之重，但是怎样展示出来却是演员所要呈现的呀？演员演得出彩，国宝的历史就能更好的展现；演得不好...不懂为什么连说都不行？只能说好的...不能将不好的一面说出来..我觉得这并不正确啊……,1,0
2014,柒三木木木,男,2018-02-01 00:25:35,"弹幕大佬是真的苛刻
1。小姑娘演技到位，声音，有点生活常识的都听得出来是感冒吧，声音不走鼻子根本出不来，堵是正常的吧，别告诉我你没感冒过。拿着这个硬怼人家演技，真的你们这些弹幕比演技还尬。大家是来看文物的，看演技出门右转戏精的诞生，慢走不送。
2。其他人还不明就里，瞎 鸡 儿跟着喷，不知道是男是女就贴“仇女直男癌”“仇女的女人”的标签，导致弹幕瞬间失控，从演技的无聊讨论泛滥到直男癌问题的掐架。有和事老出来还被当成水军洗白。几方势力把弹幕铺了个满，太影响节目观感了。以后这种事大家能到评论区刷吗（反正你们不可能上热评，热评都是精品科普的干货，这种无聊辨论总是要沉底的，也不影响观感）。",8,1
2013,evazifanB,保密,2018-02-01 00:18:23,童鞋们，有些事情谁都看得出来。。。就不用发出来了。。。。。好好看我们的国宝才是坠好的~[小电视_赞],1,0
2012,柯克兰身上攻,保密,2018-02-01 00:02:44,说等了三十年才嫁的那些人是不是死脑筋…首先这花轿已经做了一段时间了，再其次万一人家女儿刚出生没多久呢？跟女儿红一样，提前就开始做。,2,1
2011,九嶷impression,女,2018-02-01 00:01:02,希望到完结的时候有哪位大大把每一期的判词和精彩的句子整理出来，然后我好抄录一下。我对其中的文物和解说文字真的有种特别的共鸣，但是不太方便每一期整理。在这里先提前感谢，有这个想法的大大一定要看到(=?ω?=),2,0
2010,小孩chen,保密,2018-01-31 23:48:09,今天去了浙江博物馆，看了万工轿，玉琮还有落霞式彩凤鸣岐琴。超级好看(??ω??)??，可惜剩山图被藏起来了，工作人员说要三年后才会展出(°?°)?，伐开心,6,1
2008,伊祁祁,女,2018-01-31 22:53:41,小剧场看完助演真的太强了……,0,0
2007,在下玄少,女,2018-01-31 22:53:31,"弱弱的问个问题：为什么有人在弹幕里骂“你们这些剑三/古剑的KY巴拉巴拉”？
听到剑三的配音，古剑的配乐，说一句这是啥啥啥，想起了啥啥啥很影响观看吗？又不是在弹幕里刷大段大段的游戏内容或者重复的句子。
我觉得这就跟有人听到舌尖上的中国的配乐说感觉饿了，或者顽梗说舌尖上的国宝一样啊。
很KY吗？
虽然我因为不想按暂停键，所以从来不发弹幕，但是我还是很好奇这有啥不对的，我不觉得影响观看诶。反而这种引人争吵语气的弹幕非常影响观看。
所以发个评论问问c(￣￣)?",5,7
2006,希澈家的小狐狸,保密,2018-01-31 22:44:59,我的关注点果然跑偏了，有段bgm有人说是琅琊榜的配月有人说是秦时明月的，因为我没看过秦时明月想请知道的人告诉一下，是哪个配乐，我想找来对比一下，已经纠结的要睡不着了(??_?`)我以为琅琊榜的配乐全是新编的呢，这样看来也有可能是两个作品用了同一个配乐？,1,2
2005,JZ不当司机的咸鱼,男,2018-01-31 22:42:39,算我求求你们了，这个节目国宝才是主角，不喜欢演员您就快进，别在弹幕里找存在感了。也希望诸位键盘大神了解一下所谓弹幕礼仪成吗？别像个丧家之犬一样乱咬人了,12,0
2004,咩喵哞嗷,保密,2018-01-31 22:39:25,只看过动漫秦时明月没看过琅琊榜的表示，bgm真的好像秦时明月里的啊，为什么都在说是琅琊榜的。我是纯凭感觉觉得好像秦时的bgm。 有没有哪个既看过秦时又看过琅琊榜的人说一说，解决一下我的迷惑啊。我的耳朵不中用了r(￣￣)q,2,0
2002,无眠_吸牙使我快乐,保密,2018-01-31 22:19:55,"弹幕质量越来越差了，感觉这期的小剧场没什么亮点，主要看的还是今生故事。最尬的应该是周冬雨那里，不论是小剧场还是弹幕，舞台剧里台词应该是重要的一环，她的缺点一下子扩大了，再加上“热闹”的弹幕，有说演技问题的，有说女权的，还有表白的……瞬间出戏←_←

首先我觉得她的演技确实是有所欠缺的，但是出现成片的弹幕讨论演技问题有点过了……

其次别说什么“仇女”不“仇女”的“女权”问题，怎么雷佳和宁静那里弹幕就没有这么大反应，说白了她的表现还是差点意思，而且小剧场的剧本本身也很emmm",4,20
2001,旺旺旺旺旺汪汪,女,2018-01-31 22:09:16,太师是哪一期的哪个故事啊？有木有看到的回答我一下,0,1
2000,听说改名可以活得欧气,保密,2018-01-31 22:03:17,成功的把这个节目安利给了同学和老师，中华五千年的历史应该是我们每一个中国人埋藏在心底最值得骄傲的事情，而不是你用来胡乱猜测,3,0
1999,奶皮酥家的樱砸酱,女,2018-01-31 20:31:55,表白馆长!谦谦公子,0,0
1998,樱花樱花想削你,保密,2018-01-31 20:26:25,B站的仇女症真的很厉害，见识到了……,4,3
1997,风逍污,保密,2018-01-31 19:54:35,我就纳闷了，撕一下你就很开心了？,0,0
1996,免疫特种医院,保密,2018-01-31 19:44:04,那些骂什么什么KY的能不能不发弹幕啊，太影响观看了。要黑要骂就发评论区，特么的谁稀罕你们一样的。,2,1
1995,祥瑞小掌柜,保密,2018-01-31 19:25:00,良渚，5000年终于坐实了我记得十几年前，提到5000年还有点虚，虽然自己相信肯定是5000年，但无奈没有物证。现在终于可以有底气的说上下5000年了。,7,3
1994,Mashiro-,女,2018-01-31 19:20:15,这是以国宝为主角的节目，想讨论演技请去演员的诞生，不要一直在弹幕上刷刷刷影响别人的观感好吗？,1,0
1993,彼岸炽红莲,保密,2018-01-31 19:02:23,丁承运先生：mmp事先没说啊，把自己坑进去了。。,2,0
1992,这辈子只能当个沙雕了,女,2018-01-31 18:50:11,说真的，我们期末语文考试考到了国家宝藏( ?_f｀)虽然只是提到一点。,5,0
1991,雨落长白廿四,保密,2018-01-31 18:47:26,不容易，下期终于轮到南京了,9,0
1990,改介火,保密,2018-01-31 18:44:11,古琴声音真好听，一下子被那个声音惊艳到了,3,0
1989,grewere,保密,2018-01-31 18:33:01,字词我大浙江[洛天依_滑稽],0,0
1988,公主,保密,2018-01-31 18:12:30,看每集都有人吵架ky，也是绝了。,1,1
1987,曦晖,保密,2018-01-31 18:01:57,？？片尾曲咧？？,0,0
1986,韩晓麒,女,2018-01-31 17:38:27,舍不N哦！就剩一期了啊啊啊啊啊啊啊啊啊啊啊啊啊啊！,2,0
1985,若新雪初霁,女,2018-01-31 17:37:35,去年还没看国家宝藏时就先投票给古琴了，古琴实在是太心悦了[星梦手记_要抱],2,0
1984,ZNei,保密,2018-01-31 17:35:32,这样的节目多来一点,0,0
1983,我是你的契约神兽,保密,2018-01-31 17:04:12,支持浙博，不过就剩一期了，好可惜,2,0
1982,蓬莱山夏娜,男,2018-01-31 17:02:42,"周冬雨的表情是完全OK的，这个年龄能达到这个水平已经很不错了。又不是人人都是夏雨出道即巅峰，她的问题是声音出戏。不是台词功底，而纯粹是声音不适合这种戏。
以后要么好好练一下，要么就尽量演现代剧吧……",7,3
1981,我有酒没有你,男,2018-01-31 16:55:23,太师大人的上下五千年 哈哈哈哈,5,0
1980,emmmmm南池,保密,2018-01-31 16:54:57,喜欢这一期啊喜欢浙江希望可以考上浙大啊啊,6,1
1979,栗子七分熟,保密,2018-01-31 16:37:12,看了万工轿，我觉得咱们中国人真的很了不起。现在年轻人结婚都采用西方婚礼，西方的婚礼固然浪漫，可我还是觉得咱们中式的婚礼更隆重大气，以后我要是找到了人生中的另一半，我一定要坐上属于自己的花轿，穿上漂亮的中式礼服接受亲人们的祝福。我很自豪自己是个中国人，我们有着五千年的璀璨文明！我们该为自己的文化而骄傲！,7,6
1978,ぺぺぺ小屎丸,保密,2018-01-31 16:27:19,"这期看得好享受啊！！！跳舞好美！古琴的声音太完美了，没想到千年的声音还能如此圆润洪亮！最后那个故事其实很感人很真实，我最后都哭了...希望弹幕对小姐姐都宽容一点^^

其实啊，古人也是人，新石器的人也是人，不一定要扯着喉咙，粗声说话的才是古人，所以我觉得，如果代入剧情，一个年轻的小姐姐这样的设定也很合理。嗓子这些东西，都是基因啊，现代人有这样的声音，那代表古人也肯定有这样的声音啊233333而且，最后族长还是带着大部分人走了，这点算是悲剧里面的一点希望火种吧！古人也是人，有人留守也很合理，就算是今天，就算知道明天是末日，也肯定会有人为了家园而奋斗啊，想想上个世纪的事... （这样一说，大家也能投入了吧

怎么也比真的求到了神明、停止了下雨的故事好千万倍啊... （有些火得不能再火的电影还披着科幻的皮，说着宗教的故事）
从神明和权力出发，止于现实和科学，这不是一个好故事吗？

在我眼中看来，五千年的良渚人，比现代某些人要文明多了。",11,0
1977,NASCR,男,2018-01-31 15:40:54,良褚文明的确认是否说明了中华文明的最初源头是在长江流域而非黄河流域？,2,3
1976,我有一壶酒可以慰风尘,男,2018-01-31 15:15:42,我南京博物院压轴，优秀,5,6
1975,看到默之请叫她去画画,女,2018-01-31 15:08:25,原来觉得周冬雨演技不好就是仇女癌啊，那为什么宁静出来的时候没人骂呢？难道是因为宁静是男的?,10,6
1974,微月夕烟27,保密,2018-01-31 14:42:25,[小电视_赞][小电视_赞][小电视_赞]喜欢！,0,0
1973,夜夜笙歌夜夜欢,保密,2018-01-31 13:48:44,弹幕礼仪都去哪了？随便就引战，开喷，好好看节目不会？,5,0
1972,西瓜桃子四果汤,保密,2018-01-31 13:40:44,想学中国传统的乐器,4,0
1971,DXD白菜,女,2018-01-31 13:34:34,弹幕里真的没眼看。周冬雨是个演员，虽然可能是紧张，虽然这是个国宝节目，但台词不好为啥不能说，年轻演员有不足我们可以包容，那是我们希望她能更好。但换句话说，那些弹幕抱怨的人，觉得尬演你可以跳过，想吐槽你回评论区。在弹幕里一个劲的刷不觉得很讨厌么？,11,0
1970,世上唯有好人在受苦难,保密,2018-01-31 13:18:21,庆幸我湖北是第二个出来，没这么多撕逼的，后面的孩子们真是越来越不像话,3,6
