4786,南烛地榆,女,2018-02-05 22:08:04,这期真的太棒了,3,0
4785,轻伊伊_,保密,2018-02-05 19:42:48,"看到弹幕里都是“都是我们的”
别的不说，“我们”这个称呼真的超级让人感动啊
这些国宝是我们中国的是我们千千万万华夏子民的",11,0
4784,二猫总长,男,2018-02-05 19:20:08,不知道这一期是删了多少播放量[小电视_汗],5,0
4783,~山润,保密,2018-02-05 17:26:28,你早点回来啊，过来铜，我们等你呐。,7,0
4782,徐行女,保密,2018-02-05 17:14:11,弗兰人~~~~,0,0
4781,且介儿,男,2018-02-05 17:07:50,来看第二遍,0,0
4780,带刀不带鞘,男,2018-02-05 16:52:37,在衡阳上学的南京人为湖南打call(｀?ω??)，上次去长沙忘了不知道这个博物馆，下次一定要去看看,5,4
4779,IreneLiang,保密,2018-02-05 14:03:47,刚好在湖南实习(=?ω?=),0,0
4778,四扁,保密,2018-02-05 12:23:08,为什么我一到50分左右就看不了卡死,0,0
4777,曲烬空余韵,保密,2018-02-05 11:46:43,为我大南京留影,0,0
4776,随意地豆浆,男,2018-02-05 11:12:31,铁打的演员名字     董彦麟,2,1
4775,维他茶Q,女,2018-02-05 10:33:44,过来铜真是心疼死我了。,3,0
4774,喜人否l,保密,2018-02-05 10:02:39,湖南博，留个脚印，为大湖南打电话,0,0
4773,顺其自然gsh,男,2018-02-05 01:20:30,怎么没更新啊,0,0
4772,NEKO222_,保密,2018-02-04 23:12:50,还有400多个人，，，，,0,0
4771,樱花真美狗粮真甜,女,2018-02-04 23:01:10,央视只是很少玩，真玩起来别的台都要跪了[小电视_我好兴奋],13,0
4770,秧歌Star-Lancer,男,2018-02-03 20:32:24,啊啊啊啊啊啊啊偶u欧欧欧欧u哦i鸭儿哟哟哟哟哟哟哟哦hhhhhhh我喔喔喔wow（这大概就是我看雷佳大大音乐剧时的内心写照）,4,2
4769,棒棒糖芒果味,保密,2018-02-03 17:50:34,好喜欢这一期qwq,0,0
4768,断剑沉枪,保密,2018-02-02 23:58:42,这是株洲北外被黑的最黑的一次,1,0
4767,良学妹,保密,2018-02-02 21:22:23,感动?,0,0
4766,小雨家族,保密,2018-02-02 21:04:02,省博超好看,2,0
4765,七显,保密,2018-02-02 18:44:13,湘博真是犯规啊，每一件都是那么厉害。特别是皿方……泪目。,13,0
4764,我是要好好学习的,男,2018-02-02 17:21:25,前天刚去的省博,0,0
4763,隽久还是携酒,男,2018-02-02 17:17:29,"T型的那个是招魂蟠，所中间人首蛇尾的更应该是掌握生死的女娲。当这锦帛出世的时候郭沫若就断言，中间的是女娲，他的文章《女神》就是指的这副画上的女娲。湖南省博物馆里一些老资历的讲解员其实都不大认同这是烛龙。虽然没有确凿证据，但希望CCTV作为一个电视台有责任将全面的信息告诉大家。
  此外，去湖南省博物馆一定要找好一点的讲解员，博物馆里面的有些牌子是错误或者片面的！！！！比如说里面里面文物展示的时候说什么乌纱帽……那个时候根本就没这个说法，连裤子这种说法也没有。
希望能顶我上去，不要被误导了啊(〃′o`)",40,2
4762,你羊酥哥哥,男,2018-02-02 16:18:32,在湖南上大学，元旦的时候和同学一起去了省博，印象最深的还是T型帛画，真的太美了orz,3,0
4761,叶修超喜欢的,女,2018-02-02 15:01:25,"你看我笑的没心没肺但却又怎知当初我不是撕心裂肺――致过来铜。
我想当初的您也是想这样一般吧，日日夜夜想着回家，但却又无法归家。渐渐的……由希望转为失落…………最后已是无动于衷。",20,0
4760,贝台L兜,保密,2018-02-01 22:31:07,妈妈经常放雷佳的《放风筝》，我也喜欢听,1,0
4759,St_Egoista,男,2018-02-01 21:12:16,有没有湖南大学的校友，点个赞让我们认识一下[小电视_赞],3,0
4758,nanaki-7,保密,2018-02-01 20:36:01,赶来补节目，例行投一币~~~继续补下一集去~~~,0,0
4757,lostTang,保密,2018-02-01 20:00:38,这期真的好，哐哐撞大墙，三件都特别喜欢第一个的小剧场那个歌啊，最后一段是真的厉害(文盲般的形容，宋摹洛图那个是张嘴惊艳，两个都真是太棒了！何老师出来后就没合过嘴，吃饭的时候看的，好久没在大庭广众之下如此失态了emmm皿方那个各种意义上都没得说太厉害了，用中文我都无法表达我的赞美之情(文盲啊文盲,7,2
4756,AIchester,男,2018-02-01 20:00:31,弹幕居然还给日本人洗白？,12,1
4755,柳成荫vv,保密,2018-02-01 19:19:59,希望别在国家宝藏里面刷什么老九门，刷老九门的人是失了智吗，一个国宝守护者，一个盗墓贼分不清？,22,3
4754,高山独轮,女,2018-02-01 19:02:06,生于种花家，何其有幸！,1,0
4753,Wz星空物语,保密,2018-02-01 17:03:13,好看。,0,0
4752,唯钟只枫,保密,2018-02-01 16:47:21,哭得最狠的一期，希望国宝们能早日回家，就和熊猫一样，我们绝对能照顾国宝们比其他国家好！,11,0
4751,Suuuuuuper烷烃,女,2018-02-01 16:35:46,这期可以说是非常棒了，有笑点有泪点，严肃中带着欢脱。看到最后真的直接哭出来了，民族自豪感满溢。我此生是何等有幸，能够生于华夏。,8,0
4750,粉圆酱,保密,2018-02-01 16:03:14,怎么说呢国宝追回有三个方式一就是买二就是靠人捐赠三就是法律程序追回我记得法律程序追回的比较少主要都靠买真的让走司法程序的还蛮少的。,9,1
4749,美呆鸟宝困困君,女,2018-02-01 14:35:53,看这一期哭的好惨，节目做的很用心了。,1,0
4748,Always_cheung,女,2018-02-01 12:49:33,我是来预告的，截止目前，今年佳姐会上辽宁卫视，安徽卫视，湖南卫视，东方卫视四台春晚，真的是非常忙了，各位记得收看哦(=?ω?=),9,0
4747,戴蒙DDAMON,男,2018-02-01 00:42:45,看到素沙单衣就想到30多年前的文物大盗，偷盗了一堆文物包括素纱单衣，更气人的是他溺爱儿子的母亲为了包庇儿子，居然偷偷烧掉了7件文物冲入了下水道，将剩下的文物包起来丢在公园和邮局里，真是慈母多败儿。,24,2
4746,傲娇小宛央,女,2018-02-01 00:07:16,呜呜呜 别的国宝都回家了，你什么时候来接我们回家啊 泪目,1,0
4745,傲娇小宛央,女,2018-01-31 23:58:19,你在外面有别的盖儿gay了 瞬间出戏,6,0
4744,就很烦啊啊啊啊,保密,2018-01-31 23:41:05,标签居然有辛追补哈哈哈,0,0
4743,长长长亭外,保密,2018-01-31 23:20:32,这期有毒，看了一遍又一遍,4,0
4742,NH_小虚_不是大头姑娘,女,2018-01-31 22:23:03,我觉得超级搞笑的一点就是，湖南人特别喜欢拿方言自黑，动不动就开始飙长沙话（笑cry）,7,1
4741,子夜歌ww,保密,2018-01-31 20:20:57,想要封面图嘤嘤嘤嘤,0,1
4740,此夜尽,保密,2018-01-31 15:37:59,(?B`B?)那只过来铜怎么样了。。。,0,2
4739,蔚生生只会啊啊啊,女,2018-01-31 13:26:24,哇这一集是有毒吗我怎么缓存不了啊QAQ,0,0
4738,Arthurkullkov,保密,2018-01-31 12:52:25,这一期做的真好！！,0,0
4737,Kiwi被谁取了,女,2018-01-31 12:01:33,我喜欢湖南湖北这两期，浙江那期我也很喜欢，浙江人说普通话好听的不行不行的，然后东北马馆长一说话我就笑喷了，不是笑话东北话，是觉得东北话真的很可爱哈哈哈哈,21,1
4735,繁繁繁丶,男,2018-01-31 04:38:37,半夜把枕头哭湿了。。。[小电视_哭泣],1,0
4734,愚人娱己_,保密,2018-01-30 21:57:33,再来看辛追夫人那一段！,0,0
4733,幸福像花儿一样_5891,女,2018-01-30 20:32:01,看了多次，对弹幕里越来越多的低龄众筹党真是忍无可忍。要么你们是人云亦云，要么你们是年幼无知地可怕。这是对你们最大善意的推测了。过几年，或者过几十年，你自己回头看看自己，才有可能知道，现在你们随手键盘的几个字，是怎么样违背了皿方这个故事想要赋予我们的意义[小电视_好怒啊],36,1
4732,穆清摇,女,2018-01-30 20:10:59,弹幕一群说王嘉像谁像谁的有病？他就是他，跟别人有半分关系？你让别人一直说像谁你会高兴？别隔着网络就不带脑子，自觉的尊重别人就是尊重自己，别把自己的素质喂狗,4,0
4731,雨霏qvq,女,2018-01-30 17:44:19,雷佳博导怎么搜不到(?o?;有人科普么？,0,4
4730,k_cielo,保密,2018-01-30 17:14:04,好喜欢这一期啊qwq。,0,0
4729,权典薄青衫,女,2018-01-30 16:34:31,为故宫打calll,0,0
4728,藤藤菜成精啦,女,2018-01-30 16:02:21,"为什么我们想追回文物，大概是因为那是民族的骄傲，是我们的文化印记，特别是被掠夺的文物――自家的骄傲怎么会愿意安放在别人家里？
希望我们的骄傲都能早日回家。",7,0
4727,jjmao2009,女,2018-01-30 15:30:13,看完了，这一期太棒了，意义深远，感人肺腑。嘉宾表现也很代人入戏。总体质量非常高。,2,0
4726,jjmao2009,女,2018-01-30 15:18:47,千万不要众筹买，现在老外就是在哄抬中国文物的物价，让你中国人去买，凭啥给强盗送钱。 应该给他们的政治、经济、舆论等各方面施压，让他们自己还回来,19,0
4725,jjmao2009,女,2018-01-30 14:48:05,tmd，文物被盗，被抢流落他方，居然还要主人花大价钱从强盗流氓手里买回来，我简直想打人。国家强大后就全部让他们自己还回来，买个屁,3,0
4724,数学不上115不改名,女,2018-01-30 12:04:39,皿方的看到泪崩,0,0
4723,居一龙的鸳鸯锅,男,2018-01-30 10:26:55,啊啊啊湖博,0,0
4722,是父皇不是父王,保密,2018-01-30 02:40:59,为了能给我大弗兰打电话终于还是绑定了手机，湘博赛高，膝盖什么的不要了直接跪着看就好了,2,0
4721,年乐糕,保密,2018-01-30 00:20:44,看到弗兰还在想这是啥，什么时候有弗兰人了，哪国的，念出声才发现这是方言湖南，别的不说，十里不同音，但这弗兰还是一样的,0,0
4720,美美Mimimina,保密,2018-01-29 22:44:50,第8888条评论,0,0
4719,美美Mimimina,保密,2018-01-29 22:44:32,我的目标是,0,0
4718,我不骗人我有猫,保密,2018-01-29 22:22:37,为后世子孙计啊,1,0
4717,女神松下纱荣子,男,2018-01-29 21:07:00,如果帛画主人的长生梦真的成真了，那她会在棺里挨饿上千年,14,1
4716,温柔是风是你,女,2018-01-29 20:11:55,上下五千年,0,0
4715,一条橘色的鱼啊,女,2018-01-29 18:06:52,摸金校尉为博物馆讲故事,3,0
4714,居至的后腰窝,保密,2018-01-29 17:42:38,有没有皿方净毓槭悠笛,0,1
4713,蚯蚓桑,女,2018-01-29 15:59:43,想把币投完,2,0
4712,炎巧雨,保密,2018-01-29 14:53:33,央视爸爸我只想给你投币啊啊啊啊啊（/TДT)/好棒的节目,2,0
4711,我是狗屁贾队长,男,2018-01-29 13:10:40,文化自信是一切自信力量的源泉。道路自信，理论自信，制度自信都是建立在文化自信的基础上。没有中华文化上下五千年，何来今天的中国   梦，何来新时代中国特色社 会主 义。,4,0
4710,wusandao,保密,2018-01-29 12:58:22,4710,0,0
4709,寻与重生,男,2018-01-29 11:20:32,个人真的觉得，湖南这期是最好的一期，无论是选择的国宝也好明星也好，演技也好，故事也好，都是很好的。,41,0
4708,二十年来寻剑客,男,2018-01-29 10:57:35,朱克柔缂丝中，朱刚字克柔，不是弹幕中所说以刚克柔的意思。在名字中，“克”常指“能”，例如克?强，朱刚朱克柔，是能刚能柔的意思,7,2
4707,假仙,保密,2018-01-29 07:36:01,弹幕里说众筹的，莫不是脑子里都是勾芡？,7,0
4706,熊妖思密达,女,2018-01-29 01:50:57,过来铜说了maybe的时候，就哭了。(?@??A?)??我们的东西，什么时候能够回家，不再外面漂泊,10,0
4705,艾尔梅尔,保密,2018-01-29 00:51:23,这期有些弹幕简直嗑药了一样毒性十足，还炸卢浮宫，希望你脑子先炸清醒吧,10,0
4704,缺属性的晓寒,男,2018-01-29 00:03:46,还没更新我要死了,0,0
4703,dd3322,保密,2018-01-28 23:11:09,"终于又精彩了,湖南真的厉害",2,0
4702,贺梵梵,男,2018-01-28 23:10:47,欢迎回家！,0,0
4701,tf_lili,保密,2018-01-28 22:59:10,简直是音乐剧。,0,0
4700,蟹壳黄滴痣,保密,2018-01-28 22:18:53,什么时候这些流落海外的国宝们文物们可以回家呢？相信这一天一定会来的！,0,0
4699,小娴疑,保密,2018-01-28 21:12:51,还没更,1,1
4698,想发财的中年老鱼,保密,2018-01-28 21:01:53,今晚我被周冬雨圈粉了，感觉她不是那种传统的演技派，看她演我真的泪目了，她真的很有个人魅力，这大概就是别人所说的有灵气,3,2
4697,是苏小北呀,女,2018-01-28 20:58:13,这一期好好看?,2,0
4696,你站人超多,保密,2018-01-28 20:06:23,央视爸爸带着国家队教做人(?￣△￣)?,4,0
4695,Kiwi被谁取了,女,2018-01-28 17:43:41,湖南湖北这两期我最爱看…[2233娘_耶],11,0
4694,深夜情感顾问-安刑紫,男,2018-01-28 17:27:15,希望流落在外的国宝都能回家，我们都在家等着你们！,3,0
4693,深夜情感顾问-安刑紫,男,2018-01-28 17:26:28,真的很想看看中国的博物馆奇妙夜，听一听这些国宝的声音，听听他们讲的故事,11,0
4692,查理史塔兹,保密,2018-01-28 16:56:27,嘻嘻 从湖北过来(^?ω?^ ),4,3
4691,我是太阳v,女,2018-01-28 16:19:24,弹幕里看到有些湖北的小伙伴真的超级亲切啊果然湖南湖北一家亲qAq,14,0
4690,闷油瓶K,女,2018-01-28 14:57:33,如果国宝会说话，那么那些流落在外的国宝说的一定是：回家T_T,10,0
4689,霸蟀茁,女,2018-01-28 14:06:26,第六期特别棒,2,0
4688,种花的露西亚,保密,2018-01-28 12:30:47,看完这一期，特别心疼过来铜。皿方回家了，你在哪儿，啥时候回家呀？,4,0
4687,迟钝星公民,女,2018-01-28 04:31:55,看了过来铜的一番话心里万分难受，但是我们的国家会越来越强大，我们的国宝请你们耐心等待，终有一天我们会接你们回家！,10,0
4686,迟钝星公民,女,2018-01-28 04:19:18,"果然看我们湖南的国宝更有好处，多了更多的人文关怀和对历史感兴。这三个国宝正是对湖南人最好的诠释。我们吃得苦霸得蛮，敢于开拓，才有了鼎鼎有名的湘军以及开国时大部分的元勋。我们开朗乐观，具有极大的娱乐精神，才有了现在的影视湘军。
其实还有更珍贵的国宝，湖南宁乡黄材出土的“四羊方尊”，只是被珍藏在国家博物馆了。",11,1
4685,灵风致雅,男,2018-01-28 00:36:44,"这一期的国家宝藏是真的太有意义了！
何炅老师演艺的唐代长沙窑，可以说是古代就以远销海外的中华文物，即使是在国外出土，也可以不算是文物流失，正好与之后黄渤和王嘉演艺的皿天全方的文物流失事件相对应。
再说雷佳老师演艺T型帛画的时候，当“帛画魂”这首歌响起，真的是感觉画中天堂、人间、地狱三个时空中的角色都活了过来！曲子的惊艳，更是带领我穿越到了祖先的时代，让我感受到祖先的浪漫与辉煌！
最后看到黄渤和王嘉守护的皿天全方的时候，两位艺人也真是把文物流失的心酸史，演艺的淋漓尽致！黑色幽默中，流露的情感是对中华文物流落异乡的思念与悲愤！
前段戏中黄渤老师以方――身的身份说了好几次回家，就一直让我有种如鲠在喉的感觉，憋的人喉咙和心里都特难受！直到后来黄渤和王嘉两人演艺“身”和“盖”，那相隔千里的对话时，我的泪腺终于是彻底崩溃哭出来了！
大幸2014年皿方的回家！时隔近一个世纪，我们的文物终于落叶归根，在“家里”合体了！
希望收藏家们不要把文物当做“有价之宝”！如果哪天各位收藏家先生临近老去之时，或者是不想留着它们了，请把我们中国的文物交给我们本土的博物馆，让它们在“自己的家中”展现它们的光彩与历史！让我们中华子民与国家一起去守护，并传承那些灿烂的中华古文明！",20,0
4684,青色椰子,保密,2018-01-27 22:56:42,每一个国宝回家之路想必都有一段曲折的故事，感谢所有为此做出努力的人。,2,1
4683,jinghu,女,2018-01-27 21:25:52,在今天之前我一直以为何老师不是长沙人，因为对他的第一印象是小时候在中央台看到的毛毛虫，后来看到他主持快乐大本营还一度怀疑自己认错了人。,0,1
4682,折耳猫的喵,保密,2018-01-27 21:21:01,在长沙出差，今天去博物馆看了皿方，总算不虚此行。,2,0
4681,阿之陪你读书,女,2018-01-27 20:14:21,母子之间800多封狱中家书的心灵释怀创造了奇迹：由于多次立功受奖，许瑞凤一再被法院裁定减刑。在服刑了8年之后，许瑞凤提前7年获释；而许反帝的劳改生涯更具传奇色彩：他从死缓、无期徒刑变为有期徒刑，当走出监狱大门时，他仅仅用了11年时间！,3,0
4680,阿之陪你读书,女,2018-01-27 20:12:25,"警方百思不得其解：许瑞凤身为教法律的大学讲师，她明知盗窃国宝可能面临着杀头的后果，干吗还要替儿子遮着捂着？又为何甘愿冒着巨大的风险，将自己也给搭进去呢？随着审讯的深入，许瑞凤坦白了她的“心路历程”――
原来，许瑞凤结婚后一直未能生育，直到30岁才产下儿子许反帝。她将儿子视若珍宝，不仅给儿子取了一个令人费解的奇特名字，而且让儿子跟随母亲姓氏。在许反帝成长的岁月里，许瑞凤对儿子从小娇生惯养，有求必应。母亲的溺爱让许反帝养成了好吃懒做、花钱无度的恶习。许瑞凤两口子的工资收入几乎全部投放到儿子身上，仍然难填许反帝的欲壑。就在这时，电影《加里森敢死队》给许反帝“启发”。他模仿电影情节制造了感惊世界的大案，其目的是想将马王堆的38件国宝卖几十元零花钱下馆子喝酒。
当儿子将盗窃的马王堆38件国宝大摇大摆地拿回家后，许瑞凤大惊失色！她立即抓住儿子要求其投案自首，许反帝说：“你别管我的事，否则我跳楼死给你看！”许瑞凤吓傻了。",4,0
4679,阿之陪你读书,女,2018-01-27 20:11:40,案发后，为了逃避警方搜查和掩盖其子罪行，护犊心切的许瑞凤铤而走险，将4件文物烧毁，将6件文物冲进下水道，造成了永远无法挽回的考古损失。她以为将剩余的28件归还给国家后便万事大吉，但法律没有饶过这对母子的恶劣行径。许反帝因数罪并罚被判处死刑，由于当时未满18岁，缓期两年执行；许瑞凤也因犯包庇罪、窝赃罪、破坏文物罪，被判处有期徒刑15年。,5,3
4678,JJSSJIE123,保密,2018-01-27 19:23:37,雷佳，彭的大弟子，叼炸天的人物,5,0
4677,伊小阙,保密,2018-01-27 19:12:58,歪？别的文物都回家了，你们什么时候来接我回家啊？(??_?`),4,0
4676,エルヴィン持续掉线中,保密,2018-01-27 17:21:22,不知道时隔几天的N刷，真好啊这期[小电视_太太喜欢],4,0
4675,佛系过日子叭,女,2018-01-27 15:28:06,过来铜在2001年拍出7000万美金后就没展出过了，还是法国人→_→,10,0
4674,佛系过日子叭,女,2018-01-27 15:26:57,过来铜我有图片，我朋友在佳士得工作，求不喷想要图得我可以法给你,5,7
4673,林雨晴,女,2018-01-27 12:47:31,月亮粑粑！哈哈哈哈哈湖北人表示从小听到大！,4,0
4672,peculiarities,保密,2018-01-27 11:48:32,祖国啊你快快强大起来(?д?;?),3,0
4671,wymyz,保密,2018-01-27 08:43:36,百年已是一个人的极限 而二十个三十个四十个五十个甚至更多个百年对于你又是什么呢  二十个三十个四十个。。。。。百年之前的人在他们的百年极限里所造之物还能与你相见 你还认得他们  这就是与自己重逢吧,4,0
4670,L相知,女,2018-01-27 01:20:13,求34:30开始雷佳介绍片段背景配乐！！！,0,1
4669,归冗途,保密,2018-01-27 00:29:37,中国上下五千年的历史，即使经历了焚书坑儒，经历了**，仍然留下了无数的文物典籍…这是怎样的一种辉煌啊……,0,0
4668,特拉法尔加罗的小娇妻,保密,2018-01-27 00:10:32,别的国宝都回家啦，你什么时候来接我啊？(???ω???),8,0
4667,我要重新做人JPG,男,2018-01-26 23:30:26,一些拍卖会有中国重要的文物的会特意邀请中国人 然后有人哄抬价格 因为他们觉得中国人会不计代价的买下来,10,2
4666,柿子饼小贩王夫人,女,2018-01-26 22:20:33,中国是我家,0,1
4665,PIKAshiny,保密,2018-01-26 20:56:23,心疼过来铜,0,0
4664,非洲f4,保密,2018-01-26 20:06:13,搞不懂为什么这期弹幕最少 明明很好看,2,7
4663,搅拌你的脑屎,女,2018-01-26 17:30:50,这一期是最好看的！！！请的人都好厉害！！,9,0
4662,西尔维Sylvie,女,2018-01-26 17:14:48,^磴~等你回家,2,0
4661,搅拌你的脑屎,女,2018-01-26 17:10:45,湖南出来的人就是牛逼！！,10,0
4660,课蜜去也,保密,2018-01-26 15:50:54,"雷佳劳斯清唱水平  av11810952  后半段23333……

解释一下，其实我发这个没有什么其它的意思。看这个视频之前其实我也不认识雷佳老师，只是看了以后才去了解了一下。
但是看到有的弹幕好像觉得雷佳老师现场可以唱出这样的水平是不可能的。（仿佛在用对流量歌手的要求来衡量我们这些歌唱家，我觉得这是不对的。）
说来惭愧，像我们这一代的青年人，好像对民歌这方面了解的特别少，看到这些，就好像感觉是老一辈人才会喜欢的东西。每天入眼也是各种流量明星的家长里短的撕x快餐，我们也不大能够静下心来，好好的去翻一翻我们这些国家的传统文化。
我觉得吧既然雷佳老师尽心给我们演绎了这么一道文化的佳肴，我们自当应该尊重。不能因为自己不了解不知道，就肤浅的去判断别人不可能。
也不必引入一些流量歌手界的喧嚣来亵渎了这些老艺术家们的艺术成就。
我觉得好好的去了解这些文物，而不是纠结于质疑于这些歌唱家们的水平，也算是对这些艺术家们成果的尊重吧。

虽然我五音不全2333，但，，虽不能至，心向往之，，知其德艺，理当敬之。(⌒⌒)",23,1
4658,青瓷艳酒,保密,2018-01-26 15:00:50,收藏家。。。他们很珍惜文物，但百年之后他们的那些个子女对待文物估计就像是对待商品一样了！在收藏家手里的文物，只有正在拍卖和等待拍卖的，还是希望文物由祖国来守护，这样才能正真的延续下来！,6,0
4657,Always_cheung,女,2018-01-26 14:55:57,"还有一个雷佳在今年浙江卫视跨年晚会上唱的烟花易冷+枉凝眉av17806422
感受一下国家队的实力吧(=?ω?=)",9,0
4656,Always_cheung,女,2018-01-26 14:52:42,"安利我雷佳小仙女在西游记音乐会上唱的《女儿情》av10034316。
让大家感受一下什么叫余音绕梁，千回百转（￣￣）",5,0
4655,七七七七七帆,保密,2018-01-26 14:26:57,清真餐厅，汉族勿入,0,2
4654,不能吃辣的大脸猫,保密,2018-01-26 14:15:11,这一期三件都好棒！！！,3,0
4653,青瓷艳酒,保密,2018-01-26 14:06:29,突然想到一个问题，为什么选的是九个博物馆，是不是在等台湾的回归，那时咱们就十全十美了？(=?ω?=),16,1
4652,毛茸茸白诽,女,2018-01-26 13:42:57,@期看著又自豪又y^,1,0
4651,檀洛宁,女,2018-01-26 12:50:25,长沙窑的今生故事bgm时徐梦圆的歌哟！(?￣△￣)?,0,0
4650,毛茸茸白诽,女,2018-01-26 12:24:39,不得不f守o人解f得好我@N知之甚少的^λ守o的更P注啊，不^著句的卦貅嵯攵己M足浪漫的文字追求,0,1
4648,艄公煎鱼,保密,2018-01-26 02:24:27,这一期钓出很多卖国贼和zz( ?_f｀)还有说这是为了炒作麻烦你圆润的滚回你的娱乐圈,20,1
4646,纽沃德一目,保密,2018-01-26 01:18:40,过来铜那一段…真的鼻头一酸…眼泪和心里那个愤怒无奈…唉…,1,0
4644,细卓别,男,2018-01-25 22:06:57,湖南人顶一个,2,0
4643,虚时o用,女,2018-01-25 19:55:45,过来铜哭死我了QAQQQ,4,0
4642,一只特立独行的单身狗,保密,2018-01-25 19:18:01,真的好心疼这些文物,0,0
4641,废柴肥宅,保密,2018-01-25 18:19:33,雷佳的博士生导师有两位，其中一位就是，：习夫人Σ( ￣□￣||)给跪了,20,0
4640,君山丐萝大哥,保密,2018-01-25 17:38:19,等我们足够强大了，风风光光的接他们回家!,2,0
4639,我用脸抗伤害,男,2018-01-25 17:10:26,我看到一条弹幕真的生气了，虽然我是东北人，也没去过湖南，但是我相信湘博也好，六家湘企也罢，绝对不会在这次国宝回家收任何好处，弹幕位置90.22 你们直接说你们博物馆收了多少好处吧，还有一个在前面一点86.24 有情两位发财了的中介 此人已经刷新我对zz的认知底线，如果有小伙伴能知道这人的id，希望告之,25,4
4638,我用脸抗伤害,男,2018-01-25 17:04:33,有一位黑子，非常厉害，从27.49说长沙窑不值钱开始到103.06说最后一个不可能进为止，三十多条各种引战卖国甚至人身攻击的话语，你这是有多loser？各位小伙伴一起举报一下，只要找到一条然后查看弹幕发送者发送弹幕，你会看清楚这人的下限，我先举报为敬,36,12
4637,我用脸抗伤害,男,2018-01-25 16:28:59,"1983年湖南省博物馆被一个叫许反帝的17岁青年盗了，30多件珍贵文物被盗，最后，48g的素纱R衣在追缴的过程中被罪犯烧毁。
弹幕里有人问，我科普一下",21,4
4635,大白软咩圆滚滚,男,2018-01-25 16:07:43,以前看到生在这片土地上是我的不幸，但是出生以后一无所成，无力改变，就是我的耻辱。我觉得生在这片土地是我的幸运，但我无能确实是我的耻辱。对不起，不能送你们回家。,5,0
4634,serlent,男,2018-01-25 15:46:17,我来过,0,0
4632,长颈鹿cr,保密,2018-01-25 14:32:34,我来过,0,0
4630,魑魅魍魉灬光,男,2018-01-25 13:31:34,哈哈看到弹幕说把孙红雷带去拍卖会笑死我了（⌒⌒）,9,0
4629,CissiLynn,保密,2018-01-25 13:14:37,觉得卢芹斋这种文物贩子毁誉参半的是不是**啊。倒卖破坏国宝得了1000万（假如），随便拿出5-10万做点小善事，一堆脑子简单的人就被感动了，开始帮着他说话。你们也不想想，大头的钱还是落入他自己的口袋，而流失的国宝不仅很多被毁坏，留存的在多年后还要这么多中国人耗费如此时间精力金钱买回国，几千万美金啊！！几千万美金干点什么不好？！给留学生买午餐给山区修路给中国造武器！ 那些给卢芹斋洗地的人你们是什么脑子！这种人渣就该钉在历史的耻辱柱上遗臭万年！    我求求你们了，你们别被人忽悠了！好人做一千件好事一件可能有点私心就被一堆人唾骂讽刺，烂到极点的人良心不算尽丧或者懂得用慈善洗白就一堆人说不要这么对他他也有贡献云云。慈善就是这种人渣的遮羞布，不是所有人做慈善就是为了做慈善的！很多做过很多坏事的人，就是知道大众这种心理，利用慈善为自己洗白。还有一些私人的慈善基金会，分明就是洗钱和逃税的途径。可长点脑子吧。,38,0
4628,三生梦兰,保密,2018-01-25 04:43:32,给那些在弹幕里说众筹购回文物的小伙伴说一下，国家明面上是不支持任何公私团体个人去国外高价购回文物的，首先国外不少渣滓知道中国珍视文物，在拍卖时恶意抬价，哪怕玩脱了也不怕，过一两年又拿出来拍，反正不会亏，其次文物高昂的价格无论国家还是个人都很难承受，毕竟中国流落出去的宝贝太多了(?；ω；`)。大家可以算笔账，这些钱如果我们拿来建设，拿来发展，我们早一天回到世界之巅，就可以早一天制定游戏规则，到时候便能“合法”地接他们回家了。（话虽如此，其实对于有意义的文物，比如这次节目里的皿方，国家还是出资以私人名义购回的，再次比如皿方，就是国企和国家单位合资购回的）,35,6
4627,Soristuo,保密,2018-01-25 04:11:59,从最后刷卡可以看出国家根本不支持这种行为，但是某些人就是要铤而走险的投机炒作,0,15
4626,小夏orz,保密,2018-01-25 03:34:19,看前留名，为我大湖南打call,0,0
4625,tf_lili,保密,2018-01-25 01:25:08,希望001号讲解员一直在，国立老师的主持符合这个节目。,0,0
4624,幽灵浮,保密,2018-01-24 23:41:18,还是最喜欢这一期|ω?）,7,0
4623,我是取名困难症,男,2018-01-24 23:21:47,我想知道龙首回来了吗？,0,0
4622,温凉nwpu,男,2018-01-24 23:02:51,"好多国外博物馆展出中国文物只是冰山一角，更多的中国文物是在仓库里像垃圾一样堆着，纸质丝织品什么的被老鼠啃，青铜器则是老鼠窝，觉得文物在国外就能够得到更好保护的怕是ZZ→_→比如《女史箴图》，被人家裁成好几份了，这就是某些人所说的国外对中国文物的“保护”……


最恶心的是啥，人家宁愿让中国文物发霉变烂，也不整理保护，对中国人考古学界也基本不交流，更不要说归还什么的……",32,0
4621,燃烧中的隐宅,保密,2018-01-24 22:27:15,大英博物馆整个就是抢全世界的东西!整整一层都是我国的!都是高端文物!气炸!归还给我们!  鄙视一切说国家文物留哪儿都行 只要好好保护，我同意我们的技术不太高超，但我国必须有监护权，我们付钱给你保养都可以!但你不能占为己有!鄙视 欧盟某八国联合抢圆明园故宫! 如果可以在不久的将来世界重新洗牌，请兵哥哥们务必带回来属于我们的东西。,15,0
4620,寒春-墨清明,女,2018-01-24 22:01:38,恕我直言说什么二鬼子原子弹杀光烧杀抢掠的各位是真的小学生逻辑，气到屏蔽弹幕，弹幕礼仪白考了,0,0
4619,秋泽白,保密,2018-01-24 21:38:53,看哭了,0,0
4618,小室-,保密,2018-01-24 21:31:38,我们自己的东西却要天价买回来，真是。。。。五味杂陈，惟愿祖国强盛,7,0
4617,Sapphire晓,女,2018-01-24 21:10:09,两湖太棒了！,6,0
4616,斯塔克家的子雨,保密,2018-01-24 19:52:11,"看一期哭一期，能不能让我歇会(?；ω；`)
好嘛，明天市质检作文素材到了",2,0
4615,梦远行者,女,2018-01-24 19:48:29,过来铜真是让人心疼[狐妖_哭],2,0
4614,长颈鹿cr,保密,2018-01-24 18:52:45,这一期真的好看,4,0
4613,文澜的喵桑,保密,2018-01-24 15:14:15,每期都要刷xx看题词器了，看了就有问题了？不看就能有优越了？,4,2
4612,Gpeonm,保密,2018-01-24 14:25:03,如果以后有我们的文物流落在外，不妨试一下让我们也参与其中的集资，虽然我们的力量有限，但是作为一个中国人，还是非常愿意贡献自己的一份力量??,2,0
4611,杨桃疯子,保密,2018-01-24 14:07:13,想知道何炅在博物馆看自己要守护的文物的bgm呀 找了好久嘤嘤嘤,1,0
4610,卷卷哒哦,保密,2018-01-24 14:05:02,许反帝许瑞凤，我瞧你码→_→,6,1
4609,斯塔克家的子雨,保密,2018-01-24 13:38:28,(｀?ω??)我先循环帛画魂,0,0
4608,F1992angxiao,保密,2018-01-24 13:31:20,这一期真的是哭死了，无论是辛追的天人相隔，还是皿方的颠沛流离（/TДT)/,2,0
4607,阿歆拿了橘子跑了,女,2018-01-24 12:59:24,帛画魂全场最佳?像雷佳这种级别的歌唱家，现场肯定比cd好听?以及央视粑粑为何不早点出手！,4,0
4606,残花一笑,女,2018-01-24 05:17:41,表白我们老何(￣3￣),2,0
4604,Speaon,男,2018-01-23 23:47:10,"今天白天去看了一次省博。真是震撼。
身为一个长沙人拖到现在才去也是太懒了。。。",5,0
4603,微笑带血,男,2018-01-23 23:28:22,西方的人利用中国的爱国情节，炒作中国文物，哄抬价格，买也亏，不买也亏，真是难受。,20,1
4602,就小神龙吧,女,2018-01-23 23:05:19,何老师抢主持啦hhh果粒老师欲言又止,6,0
4601,雷斯垂德探长,保密,2018-01-23 22:53:58,"终于看到这个助演得到大家的注意了，皿方故事里的“过来铜”――李依洋。说实话，如果仔细的话会发现每一场前世传奇里几乎都有他――
第一期里，他是“千里江山图”里的追着王希孟跑、端着青绿走过的侍官，是“各种釉彩大瓶”里的唐英，是“石鼓”里的传旨侍官。
第二期里，他是“云梦睡虎地秦简”里的怒，是“曾侯乙编钟”里奏乐官之一。
第三期里，他是“妇好{尊”里那个各种色彩大祭司。
第四期里，他是“杜虎符”里的送虎符的使者。
第五期里，他是“宋人摹顾恺之《洛神赋图》”里的书童，是“铜鎏金木心马镫”里的士兵之一，是“唐摹《万岁通天帖》”里的侍官。
第六期里，他是“长沙窑青釉褐彩诗文执壶”里的老马，是“皿方”里的过来铜。
第七期里，他是“商鞅方升”里的王绾。
说实话，我这种不怎么脸盲的人看这种反反复复几个助演的小剧场真是让我着急，因为他们演的真的好，没怎么仔细就真的认不出来――出现这么多次、演这么好却不为大家注意，我看着很着急的啊。",26,3
4600,就小神龙吧,女,2018-01-23 22:47:27,都第几期了弹幕还有人黑小四23333抱走我们乾隆宝宝！,4,0
4599,就小神龙吧,女,2018-01-23 22:41:19,安徽人表白果粒老师表白国家宝藏！,2,0
4598,万俟兰佩,女,2018-01-23 21:37:16,二刷看到弹幕撕得厉害忍不住吐槽一下：某些弹幕与视频无关，大家善用举报，那些弹幕我作为剑三玩家也很恶心；但是如果只是“BGM剑三扬州城”之类的弹幕，古剑仙剑大话西游都在刷，而且B站只要是有BGM的视频基本上都有刷BGM的弹幕，没必要专门针对剑三谢谢。以及好几次明明是别的游戏在刷BGM还有人喷剑三（貌似不是这期），针对得不要太明显，看得我尴尬癌都犯了==,8,23
4597,棒家小娇妻,女,2018-01-23 20:41:07,我的弹幕错了吗？怎么雷佳这里是那英的弹幕。。。,0,2
4596,寒夜琴挑,女,2018-01-23 20:39:36,我大弗兰！！！！,3,0
4595,κ踝精小白白,男,2018-01-23 19:54:28,湖南人报道,1,0
4594,拜占庭的君士坦丁,保密,2018-01-23 18:58:16,正德皇帝来了,0,0
4593,海德薇莉_伊丽莎白,女,2018-01-23 18:50:50,皿方看哭了(?；ω；`)希望有一天流落在外的国宝们都能落叶归根,5,0
4592,狼妖杜若,女,2018-01-23 16:36:51,其实我很奇怪，一直有人说这话，什么文物在中国逃不过温格，还不如被卖到国外抢到国外好歹能保存下来。那为那么多博物馆里的文物没被砸呢？还是我们现在在博物馆里看到的文物全是假的？全是复制品？长沙马王堆就是在1972D1974年挖掘的，温格76年结束。为啥没被砸？还给挖出来保护了？,28,3
4591,bulingbuling琉璃君,保密,2018-01-23 14:30:29,湖南馆好大方啊！！！,11,0
4590,薇亦w柔止,女,2018-01-23 13:36:20,弗兰常见应援语：惟楚有材，于斯为盛。伟人故里，红色潇湘。吃苦霸蛮，耐得住烦。心忧天下，敢为人先。其中【惟】同【于】一样只是语气虚词无实义，并没有鄙视其他地方的亲们的意思，【霸蛮】甚至是有些开玩笑自黑自己为蛮夷的意味在里面。各位小可爱别误会喽|?ω?｀),16,0
4589,鱼服攀岩跳崖爱好者,保密,2018-01-23 11:54:22,有个剑三的引战党，我屏蔽了她，果然引战言论都没有了大家注意一下。,2,0
4588,Usagi蠢兔子,保密,2018-01-23 11:46:18,那个偷衣服的人，他偷了好几件文物，带回家里被他妈妈看到了，他妈妈并没有阻止他反而觉得自己这样是对儿子好，后面害怕了，就把衣服连同文物都冲到马桶里了。。。。真的很无语,11,2
4587,屁癌晚期病患者,保密,2018-01-23 09:56:54,恕我直言，那个发“恕我直言，我觉得把宝物卖出去再赎回来都比在中国受战乱毁掉的好”的睿智，你就是个脑仁连鸡都比你大的人，石鼓那期看了吗？没看梁家人为了保护国宝做出了多少努力才在战争中保住了国宝吗？没保护住的是因为没能力或者没来得及！！！我吃柠檬的，这种睿智就麻烦别看这种节目了好吗？？？还发弹幕碍眼,38,1
4586,fate-宛如天堂,男,2018-01-23 09:33:36,以后嘉宾能不能别再请主持人了？！（来自国立老师的怨念）,18,0
4584,asdfghjkl789666,保密,2018-01-23 01:01:35,总有一天吃了我的请你吐出来，拿了我的请你还回来,5,0
4583,冰染的秋天,保密,2018-01-23 00:32:28,这期质量好高,3,0
4582,ω翠星☆石,保密,2018-01-23 00:25:16,"补充个芒果台早年拍的湖南省博物馆珍藏顶级文物纪录片
可以了解一些不是太出名的珍品国宝

包括分离海外100年的3座象尊(身世比皿方还坎坷)，商周青铜器，绝美纹饰
唐代传世名琴，独幽琴，和船上先生王夫之的轶事
天下第一行书兰亭序，唐代褚遂良传世摹本

等等不多说了，一共有30多集，在湖南省博物馆的视频库里

http://61.187.53.122/Video.aspx?id=30&amp;lang=zh-CN&amp;page=1",20,2
4581,繁花一季,女,2018-01-22 23:53:18,"半夜一个人哭得稀里哗啦，全程停不下来，真的，愿文物回家，国之重器回归，中华文脉传承。
愿有一天，不再有文物问，别的文物都回家了，你什么时候带我回家呀？而是，谢谢你带我回家，我们回家团聚啦[小电视_哭泣]",11,0
4580,不为人知的陈铭生,保密,2018-01-22 23:41:07,过来铜，等你回家！???,8,0
4579,反手就是一个大耳光子,保密,2018-01-22 23:37:41,"我国的态度并不支持花大价钱买回国宝，会助长外国人恶意哄抬价格的气焰，成为他们的提款机，合理洽购和凭国力要回是正确的道路。

所以弹幕们别在质疑政府为什么不都买回来了。",46,2
4578,梦远行者,女,2018-01-22 23:17:38,过来铜希望你也回家（/TДT)/,4,0
4577,AIchester,男,2018-01-22 22:41:04,我说，你们这些人有意思吗？非要和一群跪族撕，人家喜欢辫子不行吗？再者，我们现在的生活，是先烈先祖们用鲜血一步一步走出来的，这些跪族敢用自己的血再走一次？,2,0
721,大号番茄,女,2018-01-15 00:22:52,封面2333,0,0
720,叶不羞的小手手,女,2018-01-15 00:22:50,快看看我刷出了什么！！！ε=ε=(ノR?Q)ノ,0,0
719,发出磕cp的声音,女,2018-01-15 00:22:45,各位明天不上班/课吗，大晚上的是住在b站了吗(=?ω?=),1,0
718,风亿,男,2018-01-15 00:22:28,前1000,1,0
717,翊大闲人啊,保密,2018-01-15 00:22:25,打call哦哦哦哦疯狂赞美(｀?ω??),0,0
716,斯塔克家的子雨,保密,2018-01-15 00:22:19,你站在此地不要走动，我去收个藏，投个币，如果有人给我建个火车站让我回家就好了(=?ω?=),1,0
715,蛤喵bao,男,2018-01-15 00:22:19,终于等到你我大湘博了[2233娘_大笑],0,0
714,爱古筝的小琉璃,女,2018-01-15 00:22:02,这部分看哭了（/TДT)/,4,0
713,每天都有小红花,女,2018-01-15 00:21:55,哦哦哦哦打电话,0,0
712,月夜琴鸣,男,2018-01-15 00:21:42,恳请大家帮忙把我#639楼的评论选为热评，也希望我的问题是你所关心的，谢谢~,0,0
711,最爱废柴,女,2018-01-15 00:21:38,修仙党的福利,0,0
710,_顾长庚_,保密,2018-01-15 00:21:36,明天看！,0,0
709,凰络天香,男,2018-01-15 00:21:34,报道t(*?`*)s,0,0
708,步川咿芙,保密,2018-01-15 00:21:29,720？,0,0
707,Dust爰,女,2018-01-15 00:21:28,辛追夫人一家都过得很精致(｀?ω??),6,2
706,你乖一点好不啦,女,2018-01-15 00:21:13,啵啵叽,0,0
705,seemq,女,2018-01-15 00:21:10,敲准时der(???-???),1,0
704,公子影风,男,2018-01-15 00:21:04,辽博没前缀的→_→,0,0
703,创世-三横一竖的王,男,2018-01-15 00:20:48,"母亲：

亡国奴的确不好当，在被日寇占领的区域内，日**肆屠杀，**掳抢，烧房子……等等，实在痛心。……日寇不仅要亡我之国，并要灭我之种，亡国灭种惨祸，已临到每一个中国人民的头上……我军在西北的战场上，不仅取得光荣的战绩，山西的民众，整个华北的民众，对我军极表好感，他们都唤着“八路军是我们的救星”。我们也决心与华北人民共艰苦，共生死。不管敌人怎样进攻，我们准备不回到黄河南岸来。我们改编为国民**军后，当局对我们仍然是苛刻，但我全军将士，都有一个决心，为了民族国家的利益，过去没有一个铜板，现在仍然是没有一个铜板，准备将来也不要一个铜板，过去吃过草，准备还吃草。
吾儿抗日成仁，死得其所，不愧有志男儿。现已得着民主解放成功，牺牲一身，有何足惜，吾儿有知，地下瞑目矣！
以上摘自左权家书，在新中国成立60周年之际，在湖南都市频道，是放了一遍又一遍……每听一次，每看一次，我都深有感触，潸然泪下。
我是湖南岳阳湘阴人，现在在长沙工作，今天，总算是轮到我们大湖南这一期上线，为湘南疯狂打call！！！
中华上下五千年，湖南楚地这一块地方承载了太多历史记忆，从长沙王，马王堆，辛追玻到共和国建立初期，那一群**先辈们，近代以来，那一场属于全中国的苦难，我们湖南也承载了很多的苦楚，索性一切都过去，祖国变得越来越好，虽然，依旧是‘黑暗’之处，却总体上，还是欣欣向荣，朝前发展的。
借此，国家宝藏湖南博物馆这一期，让我们以古物为镜，照见今朝，一起缅怀，那些躬耕于大湖之南，逝去的**先辈们！",17,0
702,无敌大松松,保密,2018-01-15 00:20:46,666,0,0
701,柴犬23333,保密,2018-01-15 00:20:34,复习到一半，发现更新纠结了这么久，还是决定要先看国宝,2,0
700,苏三的鱼枷,保密,2018-01-15 00:19:48,终于到我湖南了！先收藏明天考完再看(?￣△￣)?,0,0
699,离基三出脉,保密,2018-01-15 00:19:47,打尻打尻！！！！(°?°)?修仙党福利！！！！,0,0
698,时之彼端yu,女,2018-01-15 00:19:43,心疼那些还没考完试不能看国家宝藏的同学嘻嘻嘻,3,0
697,MMMandarine,保密,2018-01-15 00:19:33,这位官方你的颜文字真的非常丰富(?￣△￣)?,0,0
696,新雨修篱余生枉然,女,2018-01-15 00:19:32,你们是睡在b站吗？？？顺便给我何老师打淀发！！！(^?ω?^ ),2,0
695,bill_bill,保密,2018-01-15 00:19:25,"长沙马王堆汉墓那件素纱禅衣背后的故事绝对令人唏嘘不已！
网上转载一篇文章：一个曾经制造过震惊全世界大案的17岁少年，因盗窃长沙马王堆汉墓出土的38件国宝级文物被判处死缓。在消逝了26年后，许反帝再度进入人们的视线――他此时的身份是“精神分裂症患者”。
■文/阿莲

他叫许反帝，一个曾经制造过震惊全世界大案的17岁少年，因盗窃长沙马王堆汉墓出土的38件国宝级文物被判处死缓。在消逝了26年后，许反帝再度进入人们的视线――他此时的身份是“精神分裂症患者”。
她叫许瑞凤，原长沙教育学院的法律老师，一个因用溺爱培养出“江洋大盗”而名扬全国的母亲。她出狱后又着魔似地陷入怪圈，划地为牢，第二次用沉沦的母爱将儿子许反帝送进“心狱”，演绎着唏嘘哀叹、震撼心魄的人伦悲剧。",10,9
694,八扇,女,2018-01-15 00:19:15,来了[2233娘_大笑](*???*),0,0
693,皇甫小皇,保密,2018-01-15 00:19:13,beger,0,0
692,-纯钧-,保密,2018-01-15 00:19:09,嘻嘻前八百_(:3」∠)_,0,0
691,山川形貌,保密,2018-01-15 00:19:01,来了来了,0,0
690,咕咚是只兔子,男,2018-01-15 00:19:01,壮哉我大湖南,0,0
689,补玉山居,保密,2018-01-15 00:18:58,(=?ω?=),0,0
688,hjvtyfhb,女,2018-01-15 00:18:53,（￣￣）（￣￣）（￣￣）,0,0
687,agostomo,女,2018-01-15 00:18:48,夜猫子朋友们你们好呀_(:3」∠)_,0,0
686,阿姨哟phantom,女,2018-01-15 00:18:40,终于等到我大湖南！！！,0,0
685,E曲同工,保密,2018-01-15 00:18:39,推荐，硬币，收藏，分享一套走起,1,0
684,南城井凉,保密,2018-01-15 00:18:26,来了哈哈哈,0,0
683,rocky123rocky,男,2018-01-15 00:18:24,请记住这6家企业，湖南广播电视台、湖南中烟公司、湖南出版集团、华菱钢铁集团、湘投控股集团、中联重科,325,4
682,唐告辞,保密,2018-01-15 00:18:21,渤哥渤哥！！！,0,0
681,飞贼老爷,男,2018-01-15 00:18:21,打电话,0,0
680,烟火晨曦,男,2018-01-15 00:18:13,你们真的快,2,0
679,山|sZ煎,男,2018-01-15 00:18:09,为福南博物馆打尻（滑稽）,0,0
678,询博望君兮,保密,2018-01-15 00:18:06,……辽宁太惨了，国家宝藏忘记给她弄前缀了,3,1
677,会考上的知,保密,2018-01-15 00:18:03,考试前夜的狂欢????,4,0
676,会飞的哈哈哈哈哈,保密,2018-01-15 00:17:54,打call,0,0
675,泽不哩,男,2018-01-15 00:17:44,哇哇哇~~惊喜,0,0
674,MartonMa,男,2018-01-15 00:17:41,那段 哭的要死,2,0
673,啊呸呀-,保密,2018-01-15 00:17:39,嗷！！！,0,0
672,我要从心开始,保密,2018-01-15 00:17:32,修仙党,0,0
671,烟染暖sapphire,保密,2018-01-15 00:17:28,前700！,0,0
670,酒砚君,保密,2018-01-15 00:17:26,长沙人来了！！！(?￣△￣)?,0,0
669,隔叶阁夜,女,2018-01-15 00:17:19,前一千！,0,1
668,无赦,保密,2018-01-15 00:17:14,为何老师打call[小电视_赞],1,0
667,洛越平原君,保密,2018-01-15 00:17:13,看了之后发现何炅功课做得很好！而且能感受到他发自真心的自豪,3,3
666,聆傩,保密,2018-01-15 00:17:12,辛追夫人真的演得特别好r(￣￣)q,0,0
665,邻村的王翠花,女,2018-01-15 00:16:54,前一千,0,0
664,许冉97,女,2018-01-15 00:16:47,737,0,0
663,麻辣-鸭头,保密,2018-01-15 00:16:45,前排给黄渤打call！,0,0
662,FFF团三长老,男,2018-01-15 00:16:43,修仙党的胜利（￣￣）,0,0
661,这姑娘缺了条狼狗,保密,2018-01-15 00:16:39,啊啊啊，为省博打call，那个片头背景视频我才刚看过，为自己点赞,2,0
660,鬼灯の茄子,保密,2018-01-15 00:16:39,广东人为湖南博物馆爆肝！大家去博物馆一定要去看辛追的衣服  美轮美奂！！,20,0
659,唐枳枳枳枳啾咪咪,保密,2018-01-15 00:16:39,前！！！,0,0
658,别刁难我,男,2018-01-15 00:16:28,终于来了！,1,0
657,梦泽蜀地椒林翁,保密,2018-01-15 00:16:24,我弹幕是第五期的,0,0
656,夜伯是逗比,男,2018-01-15 00:16:20,这过审的时间，还让人早睡么,1,0
655,Leslie和款鸡涌,女,2018-01-15 00:16:19,??????,1,0
654,空下茕茕,女,2018-01-15 00:16:17,这真的要往音乐节目发展了吗,0,0
652,DM48-奈年,女,2018-01-15 00:16:03,先在前排给何老师打call！明天要考试就先睡了，晚安大家！,0,0
649,图南太短了,女,2018-01-15 00:15:38,复什么习，考试还有一个多月呢【滑稽】[小电视_思索],0,2
648,永远D阿,保密,2018-01-15 00:15:28,深夜福利,0,0
647,Carlene529,女,2018-01-15 00:15:19,皿方回归的故事中考的时候就有了解，今天渤哥的演绎真的看哭我。特别希望祖国流落在外的国宝文物都能够早点归国，再次感谢为皿方归国做出贡献的收藏家们，谢谢！,2,0
646,gilles,保密,2018-01-15 00:15:19,为我大弗兰打call!,1,0
645,无棱没落,男,2018-01-15 00:15:13,瞧我刷出了什么～,0,0
644,一只蛋妮白,保密,2018-01-15 00:15:10,关上500大门,0,0
643,dm寻天,女,2018-01-15 00:15:07,深夜投稿还让我睡不睡？！！[小电视_发愁],2,0
641,汽水欧皇带我飞,女,2018-01-15 00:14:59,等到了！,0,0
640,三毛与荷西-,保密,2018-01-15 00:14:50,伪前排…,0,0
639,月夜琴鸣,男,2018-01-15 00:14:50,"所以在这个节目下，我想问一下观看节目的一些观众们：
一问，看完几期节目后还觉得盗墓很帅吗？
二问，你们还认为被掠夺的文物在国外比在国内好的吗？
三问：你们还认为考古就是有证的盗墓吗？

希望大家帮我这条上热评，部分文学作品的火热居然可以让一个本来不需要争议的的事情变得众说纷纭，到底是我们现代人思想进步还是退步？？？！！！",932,29
638,鸡蛋肠,保密,2018-01-15 00:14:49,(=?ω?=),0,0
637,紫陌妩颜,女,2018-01-15 00:14:48,素纱禅衣，这个也挺好的呢,0,0
635,不会取名的墙头草,保密,2018-01-15 00:14:45,前1000,0,0
634,小番茄君rain,保密,2018-01-15 00:14:45,已经收视率一期不如一期了…,0,1
633,秦秦秦秦秦秦秦秦易,保密,2018-01-15 00:14:42,前1000,0,0
632,夜空中最亮的芒果,男,2018-01-15 00:14:39,( ?_f｀)只能明天爬起来看  难受！,1,0
631,人不犯错就不可爱了_,女,2018-01-15 00:14:36,看到何老师好开心啊,0,0
630,图南太短了,女,2018-01-15 00:14:35,各位午夜好，下载好洗洗睡明天看吧，为了肝,1,0
629,贰土x,女,2018-01-15 00:14:33,明天再看先报个到（￣￣）快考试了还是要早睡了,1,0
628,三毛与荷西-,保密,2018-01-15 00:14:31,前排前排,0,0
627,唯此间年少,女,2018-01-15 00:14:27,弗兰人投个币了再睡(?￣△￣)?明早看,1,0
626,小黑妹我女神,男,2018-01-15 00:14:20,弗南人,0,0
625,明天想吃鱼,保密,2018-01-15 00:14:11,这期真是好看到爆炸……_(:з」∠)_,0,0
624,娇憨的壮士,保密,2018-01-15 00:14:11,关上前700大门,0,0
623,梦回历史,男,2018-01-15 00:14:08,六百多楼了,0,0
622,铭记历史砥砺前行,男,2018-01-15 00:14:05,收藏投币推荐,3,0
621,麒麒的冬天,女,2018-01-15 00:14:03,喜欢这期何老师的主持(｀?ω??)黄渤演绎的前世今生真的看得我又想哭又想笑,1,0
620,非请勿入00,保密,2018-01-15 00:14:00,占楼_(:3」∠)_,1,0
619,陌湘,保密,2018-01-15 00:13:59,13分钟679，你们不要头发了吗……,0,0
618,透明小椰子,保密,2018-01-15 00:13:51,国家宝藏 赞[小电视_赞],0,0
617,赶考橘子°,女,2018-01-15 00:13:48,你是成心不让我睡觉了!看!,1,0
616,大耳ci,保密,2018-01-15 00:13:41,看完再睡，尽管手机没电了，还是要为湘博打call,1,0
615,我是阿喵_煤炭喵,女,2018-01-15 00:13:34,棒棒棒！,0,0
614,冷月_无声,保密,2018-01-15 00:13:28,为我大湖南疯狂打call啊啊啊啊啊啊啊啊啊！！！,3,0
613,晓星笙,保密,2018-01-15 00:13:25,600！(°?°)?,1,1
612,high巨人,男,2018-01-15 00:13:22,前一千，收藏投币明天看,0,0
611,知无卡夫卡,保密,2018-01-15 00:13:18,感觉湖南馆好新好好看啊!,1,2
610,嬴陆,女,2018-01-15 00:13:17,早(//?//),0,0
609,晓星笙,保密,2018-01-15 00:13:17,600？！,0,0
608,老_安东尼,男,2018-01-15 00:13:17,前1000留名,0,0
607,咕咕咕咕咕桑,男,2018-01-15 00:13:17,前600？,0,0
606,有一只羊男,女,2018-01-15 00:13:16,修仙福利,0,0
605,羽瞳ken,保密,2018-01-15 00:13:13,上bgm啊啊啊啊  叫什么名字   很好听,0,0
604,蓝林季叶,保密,2018-01-15 00:13:09,皿方真的让我哭成狗TnT,0,0
603,晓星笙,保密,2018-01-15 00:13:07,前600,0,0
602,四季QAQ,保密,2018-01-15 00:13:07,更新了！！！,0,0
601,来自大洋彼岸的死小孩,男,2018-01-15 00:13:06,勃哥！,0,0
600,逍b雨逸,保密,2018-01-15 00:13:05,111,0,0
599,鲁米鲁米,保密,2018-01-15 00:13:02,尬死了！何炅这浮夸的综艺风，尬，尬，我天啊！,0,0
598,唐海椒,女,2018-01-15 00:13:01,来晚了一步_(:з)∠)_,0,0
597,花开半开,女,2018-01-15 00:12:43,前七百,0,1
596,宇文迪欧,男,2018-01-15 00:12:35,楚虽三户，亡秦必楚,0,0
595,小麓小麓,女,2018-01-15 00:12:32,我还在复习！！！！太过分了不能看我大湖南( p′啜F。)???????????,1,0
594,jojo0101,保密,2018-01-15 00:12:32,啊啊啊辛追夫人！！！,0,0
593,寒禄云雨,保密,2018-01-15 00:12:28,好看好看~,0,0
592,AlLaNElvIS,女,2018-01-15 00:12:27,熬夜打电话,0,0
591,cuco__,保密,2018-01-15 00:12:23,半夜赶过来看我大湖南和何老师啦！！！,0,0
590,Moyu之,女,2018-01-15 00:12:22,湖南妹子骄傲自豪,0,0
589,艾七七sakura,保密,2018-01-15 00:12:22,修仙党的胜利,0,0
588,迥嵯壬,男,2018-01-15 00:12:21,前600留念(°?°)?,0,0
587,彩奈-,女,2018-01-15 00:12:21,今天电视上看了！,1,0
586,不知道是谁的昵称,保密,2018-01-15 00:12:15,修仙党的胜利??,0,0
585,林在峰中转,保密,2018-01-15 00:12:07,中国流失海外文物高达千万。其中最具价值的国宝有已失踪的北京人头盖骨；唐阎立本《历代帝王图》，唐张萱《捣练图》，东晋顾恺之《女史箴图》唐摹本，昭陵六骏，青花云龙纹象耳大瓶，曜变天目茶碗和猛虎食人卣。,157,2
584,权权也是小甜甜,男,2018-01-15 00:12:03,九个小时后考英语，希望央视大大保佑我不挂科!【抱拳】,1,0
583,彦小兰陵,保密,2018-01-15 00:11:59,（￣￣）（￣￣）（￣￣）来了,0,0
582,翩翩鱼公子,保密,2018-01-15 00:11:56,前六百预备…弗兰人今晚胖圈被我湘博刷屏！欢迎你们来看辛追怖闯岳苯烦慈,0,0
581,堂本光一的衩要考,保密,2018-01-15 00:11:55,"微博上知乎官微发了一个蹭《国家宝藏》热度的微博，下面的评论真的是令人心惊加心寒，在一批人身体力行地为国宝回家做努力的时候，有另一批人在噼里啪啦敲打着键盘振振有辞地说这些国宝幸好在国外。智熄，我们国家为什么会有这么多恶心至极的人呢

下面这些是他们的评论我只截取了一部分，有的人还把八国联军侵华暴行推给国人，或者眼里只有**和建设破坏，却完全不谈国人为了保护文物做的努力！有的人甚至不认为*****国宝，让人觉得愤怒又可悲！

//@mammut-tech:幸好没有留在国内，得以避过浩劫。
//@Eriko深绘里:不都是人类的瑰宝么… 留在哪不一样…
//@痞子昆丁塔伦蒂诺:连盗墓都管不了还念叨国外的文物【摊手】
//@wuli隔壁小明:12兽首除了下落不明的，剩下都已经归还中国，而且12兽首本来就是人家外国人的啊。。。你不是不知道吧？？你去多读点书吧，别丢人现眼了！！

就是这条微博下面的大家去看看吧
ID:知乎
大家为《国家宝藏》打 Call 时，也请不要忘记这些没能「回家」的中国文物",162,18
580,锦衣夜行漫步春天,保密,2018-01-15 00:11:51,这次又泪目了，好感人~！( ?? n ?? ),0,0
579,空扰大人,保密,2018-01-15 00:11:47,"(转载于舌尖上的中国第二季Armin叔评论)
1. 我在故宫修文物av3924328
2. 国脉・中国国家博物馆av4152415
3. 御膳房av4004813
4. 帝陵 av4619981
5. 中国通史av5670296
6. 北京中轴线av4378167
7. 大明宫av1730716
8. 大运河av4139898
9. 超级工程av6456542
10.航拍中国av8320409
11.舌尖上的中国第一季av3585546， 
第二季av4231881
12.长城av3122019
13.楚国八百年****2037
14.台北故宫av3578648
15.汉字五千年av250263
16.河西走廊av2229874
17.新丝绸之路av1242179
18.史说汉字av2483589
19.海昏侯大墓av3563428
20.复活的军团av522440
21.圆明园av1563053
22.东方帝王谷av2484328
23.望长安av4686831
24.布衣中国av8802176
25.大汉帝国av5332988
26.中华文明av3479721
27.历史的拐点av5957522
28.世界遗产在中国av4734362
29.再说长江av2120529
30.美丽中国av2251606
31.敦煌av5031538
32.敦煌画派****40353
33.与全世界做生意av2837502
34.留住手艺av3193310
35.第三极av8668069 
36.当卢浮宫遇见紫禁城av1458232
37.天河av2933029
38.光阴・西藏的西藏av4471131
39.中国高铁av9701763
40.筑梦路上av5053430
41.故宫100av4114589
42.我们诞生在中国av7346616
43.锦绣纪av6294513
44.古兵器大揭秘av5838576
45.大国重器av1806333
46.寻味顺德av4673559
47.味道云南av3692768
48.客从合出来av1088790
49.南宋av3613036
50.神秘的西夏av4670883",44,1
578,权权也是小甜甜,男,2018-01-15 00:11:44,九个小时后考英语，希望央视大大保佑我不挂科!【抱拳】,1,2
577,叶泡泡y,保密,2018-01-15 00:11:41,壮哉我大湖南，欢迎大家来我们省博物馆来参观(°?°)?,1,0
576,破甲暴姬,保密,2018-01-15 00:11:39,更新啦・・・・・・大家来修仙啦・・・・・・,0,0
575,日岳明辉,女,2018-01-15 00:11:38,关晓彤 王嘉 下一期不会是易烊千玺吧，他们仨好像有个戒烟的什么什么东西,1,1
574,chzhero11,保密,2018-01-15 00:11:34,前500有戏吗,0,0
573,少爷简直不能忍,保密,2018-01-15 00:11:33,还在前一千好开心,0,0
572,西md硝子,女,2018-01-15 00:11:33,之前看预告没有黄渤还遗憾来着  这真是莫大的惊喜,1,0
571,惊天地泣鬼神的帅,保密,2018-01-15 00:11:30,前，前排？,0,0
570,湘湘湘妹,女,2018-01-15 00:11:28,等了五年啊！qwq,1,0
569,我真卡了,男,2018-01-15 00:11:23,为啥这次没有超清？,0,0
568,王同学不会认输,女,2018-01-15 00:11:14,哎呦喂，等到了(*^^)/★*☆,0,0
567,hustwy1029,保密,2018-01-15 00:11:12,前排等了好久,0,0
566,武汉市熬夜总冠军,男,2018-01-15 00:11:12,黄渤古装有点帅啊,1,0
565,荏苒若尘,保密,2018-01-15 00:11:10,前排打卡,0,0
564,净孤酌,保密,2018-01-15 00:11:07,嗨呀我来晚了！,0,0
563,看剧的吃货,女,2018-01-15 00:11:04,投币推荐走起,0,0
562,风流月千秋,保密,2018-01-15 00:11:02,我来了！！！！,0,0
561,夏之大三角,保密,2018-01-15 00:11:01,修仙党大胜利(°?°)?,0,0
560,栖_瓷,女,2018-01-15 00:10:58,雷佳超棒的～(￣￣～),0,0
559,越夏_,男,2018-01-15 00:10:56,想起那些年，被走近科学干尸支配的恐惧,4,0
558,冷兔投毒,女,2018-01-15 00:10:54,关上前600的大门,0,0
557,Fred搞事情,保密,2018-01-15 00:10:53,有辛追舶,0,0
556,七七优朵朵宁宁小乖乖,女,2018-01-15 00:10:53,终于来了,0,0
555,凯撒w,保密,2018-01-15 00:10:51,湖南人来啦！！！！有幸开馆那周就去看了，开心！！！为省博疯狂打call！！！,0,0
554,王九蛋的小朋友,保密,2018-01-15 00:10:50,9分钟500+,0,0
553,白茶清欢无有事,保密,2018-01-15 00:10:48,前排湖北兄弟路过,0,0
552,李小疯子vi,保密,2018-01-15 00:10:46,先留名,0,0
551,草莓黄桃酱,保密,2018-01-15 00:10:45,为何老师打长途电话！！！,3,0
550,小荷的圈外女友,女,2018-01-15 00:10:38,[小电视_赞][小电视_赞][小电视_赞]明天就预约去！,1,0
549,ArtoriasSaber,男,2018-01-15 00:10:38,明早还要上班，md,0,0
548,黑暗料理师老高,男,2018-01-15 00:10:36,啊啊啊啊啊啊啊啊啊啊啊，看到了啊哈哈哈哈,0,0
547,千岛梅花鹿,女,2018-01-15 00:10:33,以前看过一个短漫讲的是一个流落在外多年的国宝回家的故事，其他剧情的都记得不是很清楚了，其中记得最清楚的就是国宝见到每一个黄皮肤黑头发黑眼睛会说中国话的人，都会问“你是来带我回家的吗？”可是没有人听到它在说话，没有人回应它。直到有一天有一个中国人把它从玻璃柜里拿出来，那一刻它没有再问，因为它知道自己真的要回家了。当年看的时候差点在电脑前哭晕过去，现在看到流落在外的文物回家，都忍不住脑补它们很开心的和旁边的工作人员巴拉巴拉地讲它们即将踏上故土的心情???又甜又虐,1106,60
546,弥生K,保密,2018-01-15 00:10:29,逼我修仙,0,0
545,红茶配果酱,保密,2018-01-15 00:10:29,随便抢个前1000,0,0
544,看剧的吃货,女,2018-01-15 00:10:26,哇哇哇，我等到了什么！,0,0
543,懒人却不能懒orz,保密,2018-01-15 00:10:16,你们都不睡觉的么(????ω????),0,0
542,伍小妮,女,2018-01-15 00:10:14,蔡太师演的这个卢芹斋！！解放前全中国最大的文物贩子！基本上西方各大博物馆的中国宝贝都是他卖出去的！除了皿方，最有名的唐太宗陵前的昭陵六骏中间的两匹也是他偷盗出去卖的！据说他卖出去的文物跟今天上海博物馆的馆藏相当，上博的那批镇馆之宝的晋国青铜器就是他准备卖到国外时被海关查扣下来才幸免于难的，这种人活该一辈子被钉在耻辱柱上！！,742,12
541,文水君,保密,2018-01-15 00:10:10,我打算睡觉的。。。。。,1,0
540,碧石的发带,保密,2018-01-15 00:10:09,boger～boger～,0,0
539,向天再借1000年,男,2018-01-15 00:10:02,感谢国家宝藏改掉我熬夜的毛病，因为现在我tm通宵了。,6,1
538,无忧酒比较甜__,女,2018-01-15 00:10:01,为nznd何美男打call,0,0
537,魔仙圣母铃妈,保密,2018-01-15 00:09:57,500,0,0
536,迹落踏古,女,2018-01-15 00:09:57,这次更新的好早，期待节目越来越好~,0,0
535,习惯是种依赖,男,2018-01-15 00:09:54,(?￣△￣)?鼓掌鼓掌,0,0
534,萌面人氵,女,2018-01-15 00:09:52,先为我勃哥疯狂打call,0,0
533,我的脑门会发光pang,保密,2018-01-15 00:09:51,还能抢个前500！,0,0
532,我叫衡伯南,男,2018-01-15 00:09:46,致住在B站的你们(s°口°)s(┴―┴（￣へ￣）,1,0
531,魏琛V,男,2018-01-15 00:09:42,看完早点休息，晚安?,0,0
530,饮晚fish,保密,2018-01-15 00:09:42,继戏精的诞生之后，央爸又盯上了歌手（盗评）,5,0
529,小鱼姑娘的南方,女,2018-01-15 00:09:40,先占个座再看(°?°)?,0,0
528,日月王月w,保密,2018-01-15 00:09:39,央视爸爸真是越来越可爱了_(:3」∠)_比心 表白爸爸?(? ? ??)??,3,0
527,梦想家一号,男,2018-01-15 00:09:39,激动⊙?⊙！,0,0
526,你科,保密,2018-01-15 00:09:37,弗兰塑普好可爱啊(=?ω?=),7,0
525,花瑶翠羽还,保密,2018-01-15 00:09:35,前600,0,0
524,曲盼山鉴,男,2018-01-15 00:09:32,好快。。,0,0
523,摇曳兔,保密,2018-01-15 00:09:31,咦嘻嘻，有何老师呀(=?ω?=),0,0
522,淮安灯火,女,2018-01-15 00:09:30,前排啊::&gt;_&lt;::,0,0
521,有梦为马-随处可栖,保密,2018-01-15 00:09:28,卧槽  怎么就500开外了,0,0
520,西md硝子,女,2018-01-15 00:09:24,有黄渤  哇 哇 哇,0,0
519,刘奶奶遛牛柳柳,保密,2018-01-15 00:09:21,弗兰！弗兰！[小电视_太太喜欢],0,0
518,万里有风情,女,2018-01-15 00:09:21,哈哈哈，还以为弄完论文后没事做了呢[2233娘_卖萌],1,0
517,光明顶上的周癫,保密,2018-01-15 00:09:18,为我大湖南打call（￣￣）,1,0
516,大明湖畔的松鼠杭,保密,2018-01-15 00:09:17,收衣服了,0,0
515,取个名字提醒自己学习,保密,2018-01-15 00:09:15,前1000,0,0
514,暮雪尘夕,男,2018-01-15 00:09:14,[小电视_思索]明天上班？不存在的,0,0
513,RJ-长腿叔叔-BS,女,2018-01-15 00:09:12,哇哦（￣￣）,0,0
512,纵酒区,女,2018-01-15 00:09:08,拍脚印！,0,0
511,言喻之,保密,2018-01-15 00:09:08,前500！,0,0
510,一只熊biubiu,保密,2018-01-15 00:09:04,为何老师打电话！,0,0
509,我真卡了,男,2018-01-15 00:09:04,很喜欢这个节目，因为这个节目，我相信了央视爸爸的实力和观念，所以现在也在期待着信中国,3,0
508,看电视，打酱油,保密,2018-01-15 00:09:01,前600吗,0,0
507,伍小妮,女,2018-01-15 00:09:01,皿方的回归，捐助出资的六个单位分别是湖南广播电视台、湖南中烟工业有限责任公司、湖南出版投资控股集团有限公司、湖南华菱钢铁集团有限责任公司、湖南湘投控股集团有限公司、中联重科股份有限公司～～湖南电视台，湖南出版社，里面有我的老东家，文化湘军棒棒哒！！,30,0
506,泠月QAQ,男,2018-01-15 00:08:57,啦咯啦咯啦咯啦,0,0
505,这名值6个币,男,2018-01-15 00:08:57,很早啊，深夜党的福利,0,0
504,有待考证,女,2018-01-15 00:08:54,准点qwq,0,0
503,云胡_,女,2018-01-15 00:08:53,前1000,0,0
502,123esmuss,保密,2018-01-15 00:08:46,想去体验那个二十米深的墓里的天上人间(｀?ω??),0,0
501,刘奶奶遛牛柳柳,保密,2018-01-15 00:08:48,500！,0,0
500,罗顿乏味,保密,2018-01-15 00:08:50,睡不睡觉了(s°口°)s(┴―┴,0,0
499,不知悔改的猫,男,2018-01-15 00:08:51,看到何炅为什么老出戏？(°?°)?,0,0
498,BairdMario,保密,2018-01-15 00:08:36,哇！准点！,0,0
497,千万2012,男,2018-01-15 00:08:34,终于赶上投币了到了白天硬币数都要上限[小电视_笑],0,0
496,不修仙没前途,保密,2018-01-15 00:08:32,离开长沙前去看了省博。如果有意向去看，尽量安排至少三个小时的时间，因为东西太多啦。省博的3D动画都做的很好，强烈推荐大家认真观看。去了才真正感到震撼,0,1
495,稚气未脱ぃ,男,2018-01-15 00:08:31,就我高清黑屏么？(?Д?≡?д?)!?,2,0
494,奇异果失联,保密,2018-01-15 00:08:26,如果哪天国家要重建万园之园的圆明园，我愿意贡献出自己的一份力量捐款捐物，努力寻回流失海外的国宝文物们。唉，也不知道有生之年能不能见当时的辉煌。,0,0
493,Etiza7,保密,2018-01-15 00:08:22,都不考试的吗(???),0,0
492,Bluecatbubble,女,2018-01-15 00:08:20,！！！熬夜的我看到了什么！！！！！,0,0
491,追梦加非法字符,女,2018-01-15 00:08:15,考试周第一次考试加油(　-`ω-)?,2,0
490,洛越平原君,保密,2018-01-15 00:08:13,在电视上看了，明天看弹幕版咩哈哈哈哈哈～(￣￣～),0,0
489,时光荏苒32,保密,2018-01-15 00:08:13,抓紧在前500里抢个位置观看_(??ω?? 」∠)_,0,0
488,今年拾捌再问自杀,保密,2018-01-15 00:08:09,我渤哥！！！,0,0
487,长岁常常睡,保密,2018-01-15 00:08:08,前一千吧！！感谢各位文物保护者,0,0
486,dark-6434,保密,2018-01-15 00:08:07,这么快,0,0
485,ming明琛,女,2018-01-15 00:08:03,不容易，为何老师打call,0,0
484,牧青R,男,2018-01-15 00:08:02,(?￣△￣)?所以说最后三期是江浙沪咯？,0,0
483,NgKeiFung,保密,2018-01-15 00:08:01,明天考组织行为学，管它呢，修仙看了再说,1,0
482,雷神托尔的录音鸡,保密,2018-01-15 00:08:00,希望这集能过百万播放量,2,2
481,守日者玉承,男,2018-01-15 00:08:00,哦哦哦,0,0
480,V5的坚果,保密,2018-01-15 00:07:54,等到更新了！激动！,0,0
479,438397800,男,2018-01-15 00:07:54,7分钟就这么多评论了么,0,0
478,文心雕龙画栋,男,2018-01-15 00:07:50,瞬间热评就被抢了，，，,0,0
477,晓黎卿,保密,2018-01-15 00:07:49,央视一出手，就知有没有！给央视爸爸打call！顺便麻烦综艺大大催一下隔壁纪录*******会说话什么时候更新～我们等的好着急！,3,0
476,追梦加非法字符,女,2018-01-15 00:07:49,哇熬夜复习刚好撞上诶,0,0
475,安深君,保密,2018-01-15 00:07:45,475,0,0
474,猫瑾酱oWo,女,2018-01-15 00:07:45,前排啊 我还在纳闷为啥没有弹幕????,0,0
473,抽风TOUYOU,保密,2018-01-15 00:07:44,打call！,0,0
472,PAN面包盐,保密,2018-01-15 00:07:43,赶上了,0,0
471,青の桔,保密,2018-01-15 00:07:41,前500前500,0,0
470,一寸灰f,女,2018-01-15 00:07:37,本来想抢个前排表白何老师……万万没想到啊你们6666[2233娘_大笑],1,0
469,Dr丶糸色望,保密,2018-01-15 00:07:36,emmm，来太早了，等养肥弹幕再看,0,0
468,天下知君意,保密,2018-01-15 00:07:32,我来也,0,0
467,亲爱的齐越,保密,2018-01-15 00:07:31,来了来了[小电视_太太喜欢],0,0
466,Paloma白灰灰,女,2018-01-15 00:07:30,(?￣△￣)?,0,0
465,南子茕,女,2018-01-15 00:07:29,皿方看哭我,0,0
464,hhh谭,男,2018-01-15 00:07:22,前排！先下载，考完试在看，美滋滋r(st)q,0,0
463,入室盗妾,男,2018-01-15 00:07:21,好快啊！,0,0
462,老秦人在此饶舌,保密,2018-01-15 00:07:20,六分钟前！为我大湘博打call！,0,0
461,麦劳德伏地魔,保密,2018-01-15 00:07:15,皿方看哭了，呜呜呜,0,0
460,传说獬豸,保密,2018-01-15 00:07:14,哈哈哈啊更新了,0,0
459,低调的K,保密,2018-01-15 00:07:13,前500,0,0
458,清水河探,保密,2018-01-15 00:07:12,必须打心底里表白一下国家宝藏了，真的，唯一能让一家人都开开心心坐在电视机前看的综艺节目。我记得爷爷奶奶在看到梁老先生一家祖辈护运国宝，甚至与亲人分隔海峡两岸的时候，都泪流满面。大概是从动荡年代里过来的老人，更能深感那个时代的不易吧。忽然想起小时候在大院里，还是与伙伴嬉笑玩闹的孩子，一转眼就是好些年啊，感叹时光飞快，更何况我们泱泱大国几千年呢！由衷感谢国家宝藏，以这么生动的方式让文物活了起来，让老一辈的观众感受到了综艺的力量，很棒！,11,0
457,猫犬系,男,2018-01-15 00:07:11,熬夜看,0,0
456,渺_kyokara,女,2018-01-15 00:07:11,终于到我湖南！激动，不睡了！看完！,2,0
455,拾零k,女,2018-01-15 00:07:10,嘻嘻在湖南上大学的我来啦！,0,0
454,爱吃鱼的脸宝宝,保密,2018-01-15 00:07:10,我来了,0,0
453,举7个栗子,女,2018-01-15 00:07:09,哇赶上趟了！先表白再看,0,0
452,我是种蘑菇的,保密,2018-01-15 00:07:09,等到了！！！美滋滋！！,0,0
451,次元游戏人生,男,2018-01-15 00:07:06,前排卖瓜子[2233娘_耶],0,0
450,布丁味胖次,女,2018-01-15 00:07:05,（￣￣）,0,0
449,曲晨晨晨晨,女,2018-01-15 00:07:04,[芮小凸小凹_哭]让不让学生党好好睡觉啦！,1,0
448,老年花萝,女,2018-01-15 00:07:04,前一千？(=?ω?=),0,0
447,你等不到我啦,女,2018-01-15 00:07:04,六分钟前你们是怎么打这么多字的,0,0
446,沈未言,女,2018-01-15 00:06:58,不睡了！！！复习什么的都扔了(?￣△￣)?,1,0
445,柳燕喃,女,2018-01-15 00:06:58,没有电视有网络的小伙伴其实可以去央视官网看，只要是出了的可以看回放的[小电视_赞],1,0
444,喋喋丫,保密,2018-01-15 00:06:55,前排留影,1,0
443,水水呵呵,女,2018-01-15 00:06:50,熬夜等更新,0,0
442,醉酒暮长歌,女,2018-01-15 00:06:50,六分钟就这么多评论了！,0,0
441,嗷呜一口吃掉你w,保密,2018-01-15 00:06:48,哇！！！！！！深夜福利,0,0
440,唯_艾希,女,2018-01-15 00:06:47,被关在四百之外,0,0
439,你好可爱吖_,保密,2018-01-15 00:06:45,我是复习呢？还是看这个呢？！,0,0
438,阿九念酒,女,2018-01-15 00:06:44,熬夜看啦,0,0
437,kdkdkdkdkdq,女,2018-01-15 00:06:42,(???)?,0,0
436,宇宙醉甜兴,保密,2018-01-15 00:06:42,????住 明天看,0,0
435,滑稽局局座,保密,2018-01-15 00:06:42,"国家宝藏:一个教演员怎么演戏,歌手如何唱歌的大型文博探索节目.",2,0
434,黑暗大皇帝安培拉星人,男,2018-01-15 00:06:42,刚发的啊,0,0
433,裁尘予风,男,2018-01-15 00:06:37,耶 湖南人路过,1,1
432,未友,女,2018-01-15 00:06:37,哇 厉害了 缓存下来明天看,0,0
431,沈未言,女,2018-01-15 00:06:35,来啦来啦！！！,0,0
430,中暑的A宅,保密,2018-01-15 00:06:29,第387,0,0
429,如他啊,女,2018-01-15 00:06:26,表白我小何炅,0,0
428,土拨鼠QvQ,女,2018-01-15 00:06:24,我真的是翘首以盼啊啊啊啊,0,0
427,蛋花家的h染,女,2018-01-15 00:06:20,前500！？？,0,0
426,munai,保密,2018-01-15 00:06:20,给何老师疯狂打call (｀?ω??),1,0
425,思若海恋如城,保密,2018-01-15 00:06:19,[小电视_笑](??? ? ???),0,0
424,木木冰凌豆,保密,2018-01-15 00:06:15,看的我都想辞职去景德镇学艺了，当然，只能想想,0,0
423,水之鉴,保密,2018-01-15 00:06:15,500,0,0
422,LIuXIaoyu潇语,保密,2018-01-15 00:06:14,第88个收藏,0,0
421,聂明宇的矿泉水,女,2018-01-15 00:06:12,看来大家的等着呢,0,0
420,百世浮生,保密,2018-01-15 00:06:11,嗯 还让不让人睡觉了[小电视_发愁],0,0
419,代号UNKNown,女,2018-01-15 00:06:10,给我大弗兰打call,0,0
418,用户已开通呼叫转移,保密,2018-01-15 00:06:08,啊啊啊啊啊,0,0
417,Violinuinw,女,2018-01-15 00:06:07,就等重播了[小电视_笑],0,0
416,水工之神,保密,2018-01-15 00:06:06,这一期的国家宝藏有没有新曲子,0,0
415,何耳不萌,男,2018-01-15 00:06:06,我何，么么哒,0,0
414,土拨鼠QvQ,女,2018-01-15 00:06:06,第一次如此之前,0,0
413,绿竹诗,保密,2018-01-15 00:06:03,终于更新了！！！！,0,0
412,夏天不爱大吃西瓜,女,2018-01-15 00:06:01,？？大半夜的这么多人，你们是魔鬼吗[小电视_吃惊],0,0
411,地平线的尽头,保密,2018-01-15 00:06:00,表扬一下准时的官方,0,0
410,文哥带你灰,男,2018-01-15 00:05:59,你们是住在B站了么????,0,0
409,HimoutoUmaruchan,男,2018-01-15 00:05:57,真的早,0,0
408,战国熊猫,保密,2018-01-15 00:05:56,终于等到了,0,0
407,筱酥唐,保密,2018-01-15 00:05:54,coming～(°?°)?,0,0
406,瘦尽灯花_k,保密,2018-01-15 00:05:52,休闲党的胜利,0,0
405,假装我有一只猫,女,2018-01-15 00:05:47,(°?°)?,0,0
403,我是一只叶子啊,保密,2018-01-15 00:05:42,我去第一次这么早!,0,0
402,东坡雪堂,保密,2018-01-15 00:05:39,为了国家宝藏我要用完我的硬币！(???),0,0
401,piadiapiadia,保密,2018-01-15 00:05:38,好前！前500！好兴奋！好开心！,0,0
400,还有最后50米,保密,2018-01-15 00:05:37,湖北帅比为湖南老表点赞，(=?ω?=)大楚国，大荆襄，大华夏(｀?ω??)生在中国真棒，这么多兄弟姐妹。,0,0
399,吐司奶油,保密,2018-01-15 00:05:37,头一次这么早,0,0
398,处江湖之远忧其君,女,2018-01-15 00:05:35,封面何炅好水灵。。,1,0
397,紫羽天辰,保密,2018-01-15 00:05:34,1000多个人一起看真棒,0,0
396,我是大瑞呀,保密,2018-01-15 00:05:32,前300,0,0
395,青黛白芷当归墨,女,2018-01-15 00:05:30,哇哇哇！,0,0
394,S_Alive,保密,2018-01-15 00:05:30,前，400,0,0
393,青果冒菜,男,2018-01-15 00:05:28,深夜福利(=?ω?=),0,0
392,劲爆坷垃,女,2018-01-15 00:05:28,打尻打尻,0,0
391,清欢要吃火锅,女,2018-01-15 00:05:28,哒哒哒我又来看国宝啦(｀?ω??),0,0
390,倚剑歌行,男,2018-01-15 00:05:26,"中文：我要上热评
英文：I want to go to the forwardest
阿拉伯语：??? ???? ??? ????
爱沙尼亚语：ma l?hen,
保加利亚语：- да.
波兰语：id? do s?dziego.
丹麦语：jeg vil have.
德语：Ich muss auf die loben
俄语：Я буду на тепловой
法语：Je vais l&#39;évaluation thermique
芬兰语：olen hulluna
韩语：?? ????? ?? ? ???
荷兰语：Ik moet het
捷克语：musím na 热评
罗马尼亚语：vreau astea
葡萄牙语：Preciso de Oujd
日语：わたし私にろんぴょうuすること
瑞典语：jag m?ste p? serier
斯洛文尼亚语：moram na stripe
泰语：???????????????????
文言文：不会(?^?^?)
西班牙语：Voy a estar en la
希腊语：Θ?λωναστονδικαστ?.
匈牙利语：- 热评
意大利语：Ho bisogno di fumetti
越南语：T?i s? lên
中文繁体：我要上嵩u",1,0
389,片片枫叶情01,保密,2018-01-15 00:05:22,好多迷弟迷妹！,0,0
388,sh筱白,保密,2018-01-15 00:05:22,我去，你们都不看视频的么，抢楼那么快[小电视_发愁],1,0
387,铭记历史砥砺前行,男,2018-01-15 00:05:22,来啦！ε=ε=(ノR?Q)ノ[狐妖_前排][洛天依_打尻][小A和小B_撒花][小A和小B_应援][小A和小B_应援],1,0
386,开心的吃西瓜,保密,2018-01-15 00:05:21,等明天弹幕多了在看[小电视_嘟嘴],0,0
385,金科ラ,男,2018-01-15 00:05:20,省博就是嬲塞,2,0
384,间隙的妖怪,保密,2018-01-15 00:05:19,前500，你们什么人啊，手速这么快。。。。[小电视_汗],0,0
383,荻野K,保密,2018-01-15 00:05:18,为大湖南湘博激情打call！！,2,0
382,放羊的匹诺曹,保密,2018-01-15 00:05:16,为我大弗兰疯狂打电话,0,0
381,Frio_,保密,2018-01-15 00:05:15,渤哥儿！！！,0,0
380,木希希银古,保密,2018-01-15 00:05:13,来啦！！！！！,0,0
379,紫羽天辰,保密,2018-01-15 00:05:07,何老师可以的,0,0
378,不丧不狂理想半残,男,2018-01-15 00:05:05,明天考试啊，央爸你是不想让我睡了吗,1,0
377,ALexieDOMM,男,2018-01-15 00:05:04,刚刚！！！,0,0
376,李昂先生,男,2018-01-15 00:05:04,给湖南省博物馆打电话,0,0
375,一顾千年辞长安,保密,2018-01-15 00:05:02,啊啊啊啊啊,0,0
374,庭燎丶,女,2018-01-15 00:05:01,（￣￣）,0,0
373,柚与匣,女,2018-01-15 00:04:51,《帛画魂》，本来觉得歌词微尬，愣是被辛追演员的眼神拉回来了，直到那句魂飞扬，看到那幅帛画……,1,0
372,李瑞析,保密,2018-01-15 00:04:49,啊啊啊我渤哥和何老师！！！,0,0
371,麻大大比哈特,男,2018-01-15 00:04:49,前460,0,0
370,暗中灌茶,男,2018-01-15 00:04:48,终于到我湖南了   等的好辛苦,0,0
369,lawli3t_,男,2018-01-15 00:04:48,嘿嘿????,0,0
368,铿然曳杖生,保密,2018-01-15 00:04:44,国立大叔也是国家的宝藏,0,0
367,Kiwi被谁取了,女,2018-01-15 00:04:43,不行困死了天亮再看。,0,0
366,贺贺哈哈哈哈,女,2018-01-15 00:04:42,我期盼了的黄渤真的有！,1,0
365,小样懒懒,保密,2018-01-15 00:04:42,为准时的官官打电话,0,0
364,木子三日天,男,2018-01-15 00:04:40,先投币再看系列(｀?ω??),0,0
363,Gakki真正的老公,男,2018-01-15 00:04:39,你们是住在b站了么(?￣△￣)?,0,0
362,余人_yolo,保密,2018-01-15 00:04:38,等着b站来2刷，感动到哭泣！疯狂给我大湘博打call！,0,0
361,欢迎回来侑子小姐,女,2018-01-15 00:04:36,热评都是从上一期就开始思考怎么评论下一期吗[芮小凸小凹_666],1,0
360,若星辰冉冉,男,2018-01-15 00:04:34,啊，何炅…我有点方…,1,0
359,撒小王子,保密,2018-01-15 00:04:33,果粒叔叔做错了什么，湖北有撒柯基湖南有何泰迪。你们双北一来果粒叔叔就从主持人莫名变成了嘉宾......,384,7
358,赖冠霖的小可乐儿,保密,2018-01-15 00:04:32,挤一挤,0,0
357,起舞乱清影,男,2018-01-15 00:04:32,这么准时的吗[蛆音娘_吃惊],0,0
356,言立少年,保密,2018-01-15 00:04:32,"作为一个长沙人！！！
我为湘博打call！！
?吃的苦，霸得蛮，不怕死，耐得烦！
『惟楚有才，于斯为盛』",2,0
355,欣雨林,保密,2018-01-15 00:04:29,前！！！！！！,0,0
354,Tamagoたまご,男,2018-01-15 00:04:28,养点弹幕再看,0,0
353,小灰非灰飞灰非灰机,男,2018-01-15 00:04:25,哇塞，大家都在等,1,0
352,苏南南_,女,2018-01-15 00:04:24,何老师何老师！！！,0,0
351,麻辣U香锅,保密,2018-01-15 00:04:23,连占三楼,0,0
350,92维尼熊,保密,2018-01-15 00:04:23,终于等到你。。。,0,0
349,一只打酱油的QAQ猫,女,2018-01-15 00:04:21,这么快的嘛????,0,0
348,杨晨曦aa,女,2018-01-15 00:04:13,三分钟就没有前排了,0,0
347,麻辣U香锅,保密,2018-01-15 00:04:13,没人评论？,0,0
346,不学无术的小赖,保密,2018-01-15 00:04:12,超级准时,0,0
345,待我一日称王,保密,2018-01-15 00:04:09,看成4位守护灵了2333   吓到我了,2,0
344,傻白团子,男,2018-01-15 00:04:06,"守护语更新：
001期 紫微星之城――故宫博物院 
      守护历史，守护绿水青山（王希孟《千里江山卷》）
      守护历史，守护国之瑰宝（各种釉彩大瓶）
      守护历史，守护中华文脉（石鼓）
院选语：六百光阴似云梦，百万珍宝藏古今。

002期 火与铜的共舞――湖北省博物馆
      守护历史，守护中国剑魂（越王勾践剑）
      守护历史，守护律法初心（云梦睡虎地秦简）
      守护历史，守护华夏正音（曾侯乙编钟）
院选语：千秋不朽匠人心，圣明法度后可依，国色之声赴天下。

003期 上古文明开源之地――河南博物院
      守护历史，守护华夏英姿（妇好^尊）
      守护历史，守护华夏初音（贾湖骨笛）
      守护历史，守护强国智造（云纹铜禁）
院选语：上古文明瑰宝地，鼎盛中州华夏根。战无不胜气盖世，酒以成礼后世谨，声闻于天千古鸣。

004期 四朝文明定鼎天下――陕西历史博物馆
      守护历史，守护丝路芬芳（葡萄花鸟纹银香囊）
      守护历史，守护安国之信（杜虎符）
      守护历史，守护盛世威仪（懿德太子墓壁画《阙楼仪仗图》）
院选语：古都明珠四海扬，华夏宝藏千秋仰。香气绕梁，令下三军，梦回盛唐。

004期 新中国第一座博物馆――辽宁省博物馆
      守护历史，守护妙笔丹青（宋人摹顾恺之《洛神赋图》）
      守护历史，守护草原丝路（铜鎏金木芯马镫）
      守护历史，守护笔墨乾坤（《万岁通天帖》）
院选语：大师妙笔绘传奇，铁马金戈战沙场，笔墨之间有乾坤。

005期 见证华夏文明多源头格局――湖南省博物馆 
      守护历史，守护中国制造（长沙窑青釉褐彩诗文执壶）
      守护历史，守护瑰丽想象（辛追墓T形帛画）
      守护历史，守护故国情深（皿方）
院选语：辗转流离归家路，天地人间永生梦，五湖四海远名扬。",381,13
343,风夕枫溪,保密,2018-01-15 00:04:04,前排(RωQ)/,0,0
342,辛蒂克劳夫布鲁布鲁,女,2018-01-15 00:04:02,为我大湖南打caII。,0,0
341,愿买桂花同载酒,保密,2018-01-15 00:04:00,(=?ω?=)为湘博打call,0,0
340,伍小妮,女,2018-01-15 00:03:54,啊啊啊！终于到我大弗兰啦！！！作为弗兰土著与有荣焉啊，欢迎大家来湘博参观，新湘博闭馆5年终于在17年底开放了，来长沙的小朋友想去参观的，建议关注湖南省博物馆的微信公众号，可以直接预约然后刷身 份 证进去就行了，除了特展**观都不要钱，不过特展也很便宜啦，最近有杜虎符跟吴王夫差矛，还有曾侯乙的尊盘看，才30块！超级划算！大家一定要关注公众号！因为公众号里有所有展品的语音解释，只要输入展品的序号或者扫码就能听，其实也有志愿者讲解的，但是每个志愿讲解员身边随时都人山人海的……没有自己戴着耳机随时听舒服自在啊。,36,7
339,受伤的小牛,保密,2018-01-15 00:03:54,来了来了！,0,0
338,公冶修筠,男,2018-01-15 00:03:52,这么快！！第一不死于话多,1,1
337,{湛,保密,2018-01-15 00:03:51,爆灯！！！！,0,0
336,四水斋主,保密,2018-01-15 00:03:51,来咯。。(=?ω?=),0,0
335,34308563,保密,2018-01-15 00:03:49,（￣￣）,0,0
334,凉薄不凉薄,女,2018-01-15 00:03:47,前排没了,0,0
333,小荧雨,女,2018-01-15 00:03:47,何炅！！黄勃！！啊啊啊啊,0,0
332,秦月迷高,保密,2018-01-15 00:03:46,这投稿时间杠杠的,0,0
331,资产阶级萝莉主,保密,2018-01-15 00:03:45,200几,0,0
330,三翳,保密,2018-01-15 00:03:44,像歌剧太好听了,0,0
329,听见涛声op,男,2018-01-15 00:03:41,支持支持！,0,0
328,光谱乱世,保密,2018-01-15 00:03:40,周日修仙良品,1,0
327,李清辉,女,2018-01-15 00:03:37,才俩分钟，要不要这么快,0,0
326,莳缈想暴富,女,2018-01-15 00:03:37,今天很靠前啊！,0,0
325,虫子终将消灭三体,男,2018-01-15 00:03:36,前五百。。。没有压力,0,0
324,轩辕墨G殇,保密,2018-01-15 00:03:36,前排表白！(｀?ω??),0,0
323,酚^伊藤\,男,2018-01-15 00:03:34,前500,0,0
322,甑,保密,2018-01-15 00:03:33,我我我看我刷到了什么,0,0
321,凉薄不凉薄,女,2018-01-15 00:03:33,好早(?￣△￣)?,0,0
320,欢迎回来侑子小姐,女,2018-01-15 00:03:32,天啊，央视爸爸真的整点报时,0,0
319,eve6570,女,2018-01-15 00:03:32,打爆灯！,0,0
318,Mmoriaty,保密,2018-01-15 00:03:31,来了来了!!,0,0
317,Gong_小掰,女,2018-01-15 00:03:29,忍不住再占一楼[小电视_害羞],0,0
316,白山卿,女,2018-01-15 00:03:28,终于等到惹，熬夜只为了你啊啊啊啊啊[小电视_太太喜欢],1,0
315,虎牢关战神潘凤,保密,2018-01-15 00:03:27,抢楼。。,0,0
314,寿限无.啊呸呸呸呸,保密,2018-01-15 00:03:26,来了，但是网速好不得劲儿啊(?￣△￣)?,0,0
313,依洛佳,保密,2018-01-15 00:03:24,关上前300大门,0,0
312,拗口的名字我能记住吗,男,2018-01-15 00:03:24,前排诶,0,0
311,葱烧栗子,保密,2018-01-15 00:03:22,啊啊啊啊啊湖南人好开心，因为在长沙读书，开馆的第二天就去省博溜一圈了。最近的东方既白系列也很棒，走之前又要去看一次了,1,0
310,恩呆米恩,男,2018-01-15 00:03:21,哈哈哈 前排~ 终于刷出来了,0,0
309,气质金的绅士吴,保密,2018-01-15 00:03:20,前排(?￣△￣)?给央视爸爸打call,0,0
308,淮蘩,保密,2018-01-15 00:03:19,！！！！,0,0
307,一只野生的阑珊,女,2018-01-15 00:03:16,前，前排！哎，我的前排呢,1,0
306,阅文倒闭1,男,2018-01-15 00:03:13,你们都住在B站的吗！！！！不上课上班的吗！！！！！！！,0,1
305,美兔不要再摸鱼了,保密,2018-01-15 00:03:13,第一次这么前面！来看何老师~~！！[星梦手记_要抱],0,0
304,yuyuyooooo,女,2018-01-15 00:03:13,第一次这么前,0,0
303,从零开始的Yui,女,2018-01-15 00:03:12,555黑屏打不开，好几次了qwq,0,0
302,霁月千寒,男,2018-01-15 00:03:10,这个试是没法考了[狐妖_掀桌],2,0
301,他同样拥有,男,2018-01-15 00:03:07,前排emmmmm,0,0
300,聆傩,保密,2018-01-15 00:03:06,坐等单曲MV(?￣△￣)?,0,0
299,提拉二月,保密,2018-01-15 00:02:59,哈哈，不枉我不睡觉在这儿等你！！,0,0
298,杨安歌,男,2018-01-15 00:02:56,想知道打完这些字我是第几,0,0
297,李一穷,男,2018-01-15 00:02:55,前300,0,0
296,哔哩0099号,男,2018-01-15 00:02:55,前300,0,0
295,方行滔,保密,2018-01-15 00:02:55,看不看呢？？？？这都12点了！！！！！,0,0
294,amuroaimer,保密,2018-01-15 00:02:54,好准时啊(°?°)?,0,0
293,尹昔眠,女,2018-01-15 00:02:50,好前！！！,0,0
292,还有最后50米,保密,2018-01-15 00:02:49,前排(=?ω?=),0,0
291,银河丿钓泥鳅丶,男,2018-01-15 00:02:49,我这么早，你们不应该给我个赞嘛（￣￣）,0,0
290,雨结的果,女,2018-01-15 00:02:48,前排啦啦啦,0,0
288,人心不可谓兮,女,2018-01-15 00:02:47,为什么你们手那么快[2233娘_吃惊],0,0
287,小仙女叶叽叽,女,2018-01-15 00:02:47,好准时QAQ开心！抱住何老师！,1,0
286,willyhappy,保密,2018-01-15 00:02:47,抢占前500！,0,0
285,day夏沫的星,男,2018-01-15 00:02:46,热评厉害，长评更厉害了,0,0
284,猹猹叉猹,保密,2018-01-15 00:02:46,辛追老奶奶来不了，素纱R衣也来不了，里耶秦简也和云梦睡虎地秦简重了，诶！湖南还有好多文物耶,5,0
282,不想取名字哼唧啦咕,保密,2018-01-15 00:02:45,这次赶上了！,0,0
281,指..,保密,2018-01-15 00:02:45,(=?ω?=),0,0
280,爱狗爱白爱大叔,保密,2018-01-15 00:02:44,为我大湖南打call！为我湖南骄傲！！！,1,0
279,杠精无药可救,保密,2018-01-15 00:02:44,谢谢啦,0,0
278,44超音魔球咸鱼烧,保密,2018-01-15 00:02:42,今晚还让不让人睡了？！,0,0
277,指..,保密,2018-01-15 00:02:42,（￣￣）,0,0
276,黝黑的煤球,男,2018-01-15 00:02:42,起床再看！,0,0
275,小梦逍遥,保密,2018-01-15 00:02:41,佩服那些上热评的人，提前打好一大堆文字,0,0
274,_半岛_铁盒_,男,2018-01-15 00:02:39,哇哇哇,0,0
273,指..,保密,2018-01-15 00:02:38,(⌒⌒),0,0
272,守护马鹿,保密,2018-01-15 00:02:36,为我大湖南打call！！(°?°)?,0,0
271,小姐姐的头发丝,女,2018-01-15 00:02:36,终于等到你！！！,0,0
270,白术止,女,2018-01-15 00:02:36,看我看到了什么！！！啊啊啊,0,0
269,指..,保密,2018-01-15 00:02:34,(⌒⌒),0,0
268,独倚栏头伊人笑,男,2018-01-15 00:02:32,人们需要这些片子来提升自信，现在有民族自卑和自我矮化思想的人太多~~【小电视_笑】,1,0
267,杠精无药可救,保密,2018-01-15 00:02:32,这么厚重的节目，我想上次热评(=?ω?=),2,0
266,你能叫这名字么,保密,2018-01-15 00:02:31,这都十二点了，还让不让粉丝睡觉啦！,0,0
265,古色古思南国,女,2018-01-15 00:02:31,还没看，我就是先来评价一下，占个楼,0,0
264,浪小丘灬,保密,2018-01-15 00:02:31,250,0,0
263,陆宰,女,2018-01-15 00:02:30,没想到还是手慢了……,0,0
262,尤尤尤尤燃,女,2018-01-15 00:02:29,欧帮耶,0,0
261,樱满集sa,保密,2018-01-15 00:02:28,何老师的封面,0,0
259,平泽樱雪,女,2018-01-15 00:02:28,终于等到湖南省了[小电视_害羞],0,0
258,风清烟r,保密,2018-01-15 00:02:26,（￣￣）,0,0
257,都被用了我叫什么,保密,2018-01-15 00:02:25,来了！！！,0,0
256,顾大叔丶,男,2018-01-15 00:02:25,赶紧上车,0,0
255,一笑点无痕,男,2018-01-15 00:02:25,前排挤挤(｀?ω??),0,0
254,秘制神脑,保密,2018-01-15 00:02:24,呀呀呀,0,0
253,符阳江水流,保密,2018-01-15 00:02:23,刚刚好,0,0
252,SJHIridescent,女,2018-01-15 00:02:23,真厉害……,0,0
251,喵呔LL,保密,2018-01-15 00:02:22,啊啊啊，这么前！,0,0
250,苏逸兰,女,2018-01-15 00:02:22,令人恐惧的手速,6,2
249,机器猫9527,男,2018-01-15 00:02:22,"666,",0,0
248,59式娘,女,2018-01-15 00:02:21,(｀?ω??),0,0
247,大白兔儿儿,女,2018-01-15 00:02:21,哇哇哇,0,0
246,su-57,保密,2018-01-15 00:02:20,我的天，到底有多少人修仙[小电视_吃惊],1,0
245,让蛐蛐身怀六甲的大爷,保密,2018-01-15 00:02:19,前三百啊啊啊啊！！！为爸爸打call！！！！,0,0
244,Conan啊,男,2018-01-15 00:02:18,第500！,0,0
243,CUPIDAN,保密,2018-01-15 00:02:17,250,0,0
242,浪小丘灬,保密,2018-01-15 00:02:16,250,0,0
241,不见其比,男,2018-01-15 00:02:13,前排前排,0,0
240,我可能是瞎了眼,女,2018-01-15 00:02:13,耶！加油！,0,0
239,梦醉人间一场空,保密,2018-01-15 00:02:11,我去，不按套路出牌呀,0,0
238,贝啊贝呀贝,女,2018-01-15 00:02:10,"我的天这么准时？？！
爱你！
希望弹幕里有关国博的梗不要一直刷了~国博：再说我哭给你看(｀?ω??)",1,0
237,wzgglyd,保密,2018-01-15 00:02:10,哈哈激动,0,0
236,gbzwgbz,保密,2018-01-15 00:02:10,前500,0,0
235,Ki猫叽,保密,2018-01-15 00:02:10,前一百！,0,0
234,59式娘,女,2018-01-15 00:02:09,(=?ω?=),0,0
233,大呆呆的小鸡鸡,保密,2018-01-15 00:02:09,前排密密麻麻,0,0
232,mcoldiss,女,2018-01-15 00:02:09,准时来了,0,0
231,温州落魄商人黄某,男,2018-01-15 00:02:08,不睡了。,0,0
230,知舍黎尔尔,保密,2018-01-15 00:02:06,抢不到前200( ?_f｀),0,0
229,sjk1982160,男,2018-01-15 00:02:06,真准时，央视爸爸就是央视爸爸,0,0
228,小梦逍遥,保密,2018-01-15 00:02:05,我来了,0,0
227,大狮子的小鬃毛-kkw,女,2018-01-15 00:02:05,都是什么手速啊。。。,0,0
226,浪小丘灬,保密,2018-01-15 00:02:04,前排(=?ω?=),0,0
225,超Call的椭圆机,男,2018-01-15 00:02:00,收藏投币先 不睡觉就等更新,0,0
224,二茶0305,保密,2018-01-15 00:01:59,太晚了明天看。这几天看洛神哭的眼睛疼。,1,0
223,戴圆顶礼帽的无脸商人,保密,2018-01-15 00:01:59,赞美我大湖南！[小电视_赞],0,0
222,心疼地抱紧我的小鱼干,男,2018-01-15 00:01:58,哇哇。,0,0
221,顾大叔丶,男,2018-01-15 00:01:57,终于等到你,0,0
220,苏米b,保密,2018-01-15 00:01:55,(°?°)?(°?°)?,0,0
219,很好记,保密,2018-01-15 00:01:55,前( ?_f｀),0,0
218,Cait1yn丶,保密,2018-01-15 00:01:53,准时????????,0,0
217,灵剑山的少年,男,2018-01-15 00:01:48,娃娃哇,0,0
216,顾大叔丶,男,2018-01-15 00:01:47,这么快就有了,0,0
215,_周公瑾asd_,女,2018-01-15 00:01:46,我不管，为大弗兰打卡！,0,0
214,_茯神_,女,2018-01-15 00:01:46,负责任的告诉大家，只有我们十个人看Σ( ￣□￣||),0,2
213,乱世绘花雪,男,2018-01-15 00:01:46,前一千[小电视_笑],0,0
212,发剧看你,男,2018-01-15 00:01:45,这么快的吗(?Д?≡?д?)!?Σ(?д?;),0,0
211,喵星人の铲屎官,男,2018-01-15 00:01:45,前200,0,0
210,厚黑,保密,2018-01-15 00:01:43,准时更新的央视爸爸ε=ε=(ノR?Q)ノ宁静我来啦ε=ε=(ノR?Q)ノε=ε=(ノR?Q)ノε=ε=(ノR?Q)ノ,0,0
209,O桃-,保密,2018-01-15 00:01:42,壮哉我大湖南！！！,0,0
208,亲爱的飘飘,保密,2018-01-15 00:01:42,守到12点！,0,0
207,网络稽查官ノ,男,2018-01-15 00:01:42,前排！！,0,0
206,凌寒丶涟莺け自啼,男,2018-01-15 00:01:41,假装跟前！给何老师打call！,1,0
205,不觉晴光早,女,2018-01-15 00:01:40,深夜党福利(°?°)?,0,0
204,蛤利波特,男,2018-01-15 00:01:40,第三个看哭了,0,0
203,59式娘,女,2018-01-15 00:01:39,（￣￣）,0,0
202,夏天过敏,女,2018-01-15 00:01:35,哈哈哈哈,0,0
201,机翼上反角,男,2018-01-15 00:01:34,前排！,0,0
200,-买买提不卖羊肉串哟,女,2018-01-15 00:01:33,前排！！！！！(??ヮ?)?*:???,0,0
199,小烟火咯,女,2018-01-15 00:01:32,第一次这么前啊啊啊,0,0
198,草木的盖子,保密,2018-01-15 00:01:32,前两百？？？,0,0
197,迈斯卓大大,女,2018-01-15 00:01:32,何老师也来了！！！！双北大旗摇起来！！！Σ(|||||| ),1,0
196,王子小魔王,保密,2018-01-15 00:01:31,哇！终于等到了！[小电视_赞][小电视_赞],1,0
195,丶时之沙丶,保密,2018-01-15 00:01:31,前排吖吖，，，,0,0
194,顾大叔丶,男,2018-01-15 00:01:31,666666666,0,0
193,蹦起来锤你膝盖,保密,2018-01-15 00:01:30,(=?ω?=),0,0
191,韩小莘灵,保密,2018-01-15 00:01:28,前10000,0,0
190,华雨丶,男,2018-01-15 00:01:28,(⌒⌒),0,0
189,比格西,女,2018-01-15 00:01:28,五百在了吧,0,0
188,轻歌或尘,保密,2018-01-15 00:01:27,你们…,0,0
186,有自己的小九九,保密,2018-01-15 00:01:27,复习中，抢个楼,0,0
185,罗大炮不加V,保密,2018-01-15 00:01:27,我来了！,0,0
184,叶修的王冠,女,2018-01-15 00:01:27,我我我我我我我,0,0
183,贱贱的狗熊,保密,2018-01-15 00:01:25,前排前排,0,0
182,阿豆797,女,2018-01-15 00:01:25,来为我们雷佳小姐姐打电话啦！作为歌者，以歌会友，以音乐打开前世传奇的大门，一幕表演，三段歌曲，声声感动。前世今生，让我们一同跟随雷老师守护国宝。,0,0
181,黄金旷工汤姆丁,保密,2018-01-15 00:01:25,巧(｀?ω??),0,0
180,无限穿越田小鸡,男,2018-01-15 00:01:24,开始了,0,0
179,奇异果失联,保密,2018-01-15 00:01:24,瞬间前排就没了。。。,0,0
178,落落归根,保密,2018-01-15 00:01:24,央粑粑万岁！,0,0
177,xbackph,保密,2018-01-15 00:01:24,为渤哥打电话,0,0
176,未予℃,保密,2018-01-15 00:01:24,前排！,0,0
175,吾笙bz,女,2018-01-15 00:01:24,晚睡党的福利,0,0
174,齐大大人,男,2018-01-15 00:01:24,如果我还在前100，说明央视爸爸过气了,0,0
173,怀旧的丫丫丫,保密,2018-01-15 00:01:23,前150,0,0
172,一之|吉,保密,2018-01-15 00:01:23,你们也太快了吧！,0,0
171,雾,女,2018-01-15 00:01:23,第二!!!!!!,0,0
170,冷羽溪,保密,2018-01-15 00:01:22,哇哇哇,0,0
169,踏杨花过谢桥,男,2018-01-15 00:01:22,前排~为湖南马王堆打电话~,0,0
168,枫柃,男,2018-01-15 00:01:22,147,0,0
167,今天也是胃口很好的我,保密,2018-01-15 00:01:22,十二点零一,0,0
166,夏天过敏,女,2018-01-15 00:01:21,前两百有吗？？,1,0
165,泪夙吾问,女,2018-01-15 00:01:21,前一百，不可能！的,0,0
164,李漂亮嘻嘻嘻,女,2018-01-15 00:01:21,哇……开心、好前～,0,0
163,小小四五六,男,2018-01-15 00:01:21,占前排啊啊啊,0,0
162,玉树临天风,男,2018-01-15 00:01:20,前排前排,0,0
161,岸芷汀凌,女,2018-01-15 00:01:20,前50！！,0,0
160,曼巴球徒,男,2018-01-15 00:01:20,给我大berger打call！,0,0
159,阿溪子,保密,2018-01-15 00:01:20,什么时候到南博啊,0,0
158,VERGILR,男,2018-01-15 00:01:20,前200,0,0
157,骚话代理人,男,2018-01-15 00:01:19,我来了,0,0
156,库玛熊猫,男,2018-01-15 00:01:19,海外党的胜利,0,0
155,魂萦e,男,2018-01-15 00:01:19,哇这么靠前(°?°)?,1,0
154,菇呦菇呦嘿嘿嘿,保密,2018-01-15 00:01:19,神tm啊一瞬间一百评论【捂脸】,0,0
153,喵喵喵苦瓜喵喵喵,保密,2018-01-15 00:01:19,喵喵喵,1,0
152,叫aydana,女,2018-01-15 00:01:18,啊啊啊啊啊啊,0,0
151,Alston透明,保密,2018-01-15 00:01:18,呜呜呜呜呜呜呜呜呜呜,0,0
150,Demidemiy,女,2018-01-15 00:01:18,哇哇哇看到更新了等我考完试就看,0,0
149,嘴角微扬34,保密,2018-01-15 00:01:17,来啦(?￣△￣)?(⌒⌒),0,0
148,zando,保密,2018-01-15 00:01:17,终于来了,0,0
147,小兜兜W,女,2018-01-15 00:01:17,前排！！,0,0
146,绘梨衣の路明非,男,2018-01-15 00:01:15,前1000预定,0,0
145,华雨丶,男,2018-01-15 00:01:15,（￣￣）,0,0
144,擦肩的阳光,保密,2018-01-15 00:01:15,666,0,0
143,驼驼爱兴兴,保密,2018-01-15 00:01:15,打call!,0,0
142,小猪蹄,保密,2018-01-15 00:01:14,八十！！八十！,0,0
141,今天也是胃口很好的我,保密,2018-01-15 00:01:13,前排！！！,0,0
140,嫩娘来,男,2018-01-15 00:01:13,前排哈哈,0,0
139,Gong_小掰,女,2018-01-15 00:01:13,来了来了！[小电视_太太喜欢],0,0
138,尹昔眠,女,2018-01-15 00:01:13,来了！,0,0
137,i小猪配其i,保密,2018-01-15 00:01:13,100嘛,0,0
136,夜青行,保密,2018-01-15 00:01:13,前排!,0,0
135,6个硬币的大佬,保密,2018-01-15 00:01:12,啦啦啦,0,0
134,钰沅啊哈,保密,2018-01-15 00:01:12,前排！！！,0,0
133,小烟火咯,女,2018-01-15 00:01:11,前排前排,0,0
132,紫菀君,保密,2018-01-15 00:01:10,(=?ω?=),0,0
131,寻鱼的喵彡巛,保密,2018-01-15 00:01:10,前排！！？,0,0
130,泪夙吾问,女,2018-01-15 00:01:09,前一百,1,0
129,从零开始的Yui,女,2018-01-15 00:01:09,[小电视_赞][小电视_赞][小电视_赞]哇！更新了,0,0
128,半岛花园,保密,2018-01-15 00:01:09,前一百！？？,0,0
127,viryaaa,女,2018-01-15 00:01:08,前一百！！,0,0
126,亓彦之,女,2018-01-15 00:01:07,前一百,0,0
125,九夜流歌,女,2018-01-15 00:01:07,前100，啊哈哈,0,0
124,男胖友在辣里,女,2018-01-15 00:01:07,前一百！！,0,0
123,一只石子酱,女,2018-01-15 00:01:07,哇考试周复习的安慰哦,0,0
122,讫莲子,男,2018-01-15 00:01:07,哇喔！！！！！！！！！,0,0
121,我爱春天啊,男,2018-01-15 00:01:06,前前前(⌒⌒)(⌒⌒)(⌒⌒),0,0
120,YunJae0610,保密,2018-01-15 00:01:06,啊啊啊啊！更新！前一百！,0,1
119,烤牛肉酱,女,2018-01-15 00:01:06,前十！,0,0
118,养鸡的基佬,男,2018-01-15 00:01:06,不是前一百直播吃屎,6,2
117,柚屿,保密,2018-01-15 00:01:05,100,0,0
116,惊澜an,保密,2018-01-15 00:01:05,前五十！！！,0,0
115,TK0123,保密,2018-01-15 00:01:05,准时打卡,0,0
114,poisoncherry,女,2018-01-15 00:01:05,抢个前排,0,0
113,深沉嗄,男,2018-01-15 00:01:04,前100,0,0
112,Pinkacid,保密,2018-01-15 00:01:04,刚刚，,0,0
111,莓智慧啊,男,2018-01-15 00:01:04,天呐！,0,0
110,天行玖歌,保密,2018-01-15 00:01:04,前排！,0,0
109,叫我寿桃,女,2018-01-15 00:01:04,来了！,2,0
108,我不是菜瓜瓜,保密,2018-01-15 00:01:04,真早啊,0,0
107,R沐麒小朋友,保密,2018-01-15 00:01:04,来了！！！,0,0
106,backy太子,男,2018-01-15 00:01:04,评论这么快的嘛,0,0
105,リヤ,女,2018-01-15 00:01:02,来了来了,0,0
104,清汤子,保密,2018-01-15 00:01:01,前排！！,0,0
103,cunesm,保密,2018-01-15 00:01:01,你们不睡觉的嘛，，,0,0
102,亓彦之,女,2018-01-15 00:01:01,终于啊,0,0
101,杠精无药可救,保密,2018-01-15 00:01:01,前五十,0,0
100,心依梦飞扬,男,2018-01-15 00:01:00,第一次这么靠前，国家宝藏忠实粉丝。,0,0
99,南月站巍澜,保密,2018-01-15 00:01:00,等到了47吗！！！,0,0
98,逃出黑洞的光线,保密,2018-01-15 00:01:00,第一？为何老师打call，为国家宝藏打call(°?°)?,0,0
97,七层楼那么高,男,2018-01-15 00:01:00,表白渤哥(???),1,0
96,维他丶好喝,男,2018-01-15 00:00:59,前排。。。,0,0
95,xbackph,保密,2018-01-15 00:00:59,前排(=?ω?=),0,0
94,柏墨w,保密,2018-01-15 00:00:59,(｀?ω??),0,0
93,mayor大人,男,2018-01-15 00:00:58,来啦！,1,0
92,深遂幻想,男,2018-01-15 00:00:58,100,0,0
91,captain_知否1973,保密,2018-01-15 00:00:58,打卡哈,0,1
90,我有一剑丶仙人跪,男,2018-01-15 00:00:57,哇偶！！,0,0
89,归去.辞兮,保密,2018-01-15 00:00:56,第八!,0,0
88,我永远爱马鸽鸽,女,2018-01-15 00:00:55,前排！！！,0,0
87,是胡子啊,保密,2018-01-15 00:00:55,我就说怎么还没更，立马就有了啊啊啊啊啊啊啊！！！！！！！！！,0,0
86,烁今,男,2018-01-15 00:00:55,等到了????,0,0
85,二茶0305,保密,2018-01-15 00:00:54,前！前！,0,0
84,喵其其,女,2018-01-15 00:00:54,前一百,0,0
83,啊啊莫夕林,女,2018-01-15 00:00:54,前五十！,0,1
82,阳光雨露彩虹兔,保密,2018-01-15 00:00:54,第一次那么前,0,0
81,机智帅气的铅球君,保密,2018-01-15 00:00:53,前！前前前,0,0
79,p歌BEI,女,2018-01-15 00:00:53,前排 为何老师打call,0,0
78,好风丶,保密,2018-01-15 00:00:53,(⌒⌒),0,0
77,南月站巍澜,保密,2018-01-15 00:00:53,嘿嘿！,0,0
76,水泫泪,男,2018-01-15 00:00:53,刷出来什么⊙?⊙！,1,0
75,天之锁-恩奇都,保密,2018-01-15 00:00:52,来了！！！,0,0
73,杨小尧lin,保密,2018-01-15 00:00:52,来了。,1,0
72,On1_1001,保密,2018-01-15 00:00:51,前100啦（￣￣）,0,0
71,麻辣香肠,女,2018-01-15 00:00:51,"金乌低声诉，立在扶桑树，随日出日落，朝朝暮暮 蟾蜍伴玉兔，广寒宫里住
月光倒影嫦娥的泪珠 神灵烛龙 在祥云间飞舞 香火燃起心愿 静静祷祝 
孩子啊，别再害怕 那里要比人间还辉煌 孩子啊 去陪陪父亲吧
终有一日魂归去兮 重圆一家 
白珠落玉簪 曲裾罗袍长 红颜只为夫君妆 鼎中肉微烫 壶中酒醇香 侍女相随 无言升帷帐 
长龙神豹 两两相视守望 青丝转眼白发 祭夜漫长 离别伤 人世无常 何必留恋世间多繁华 
惜欢宴 亲人依偎身旁 曾有一天 笑语欢堂 怎堪回想 让白发人送黑发 入地狱又何妨 
只见到大禹之父 治水失败 落得遍体鳞伤 脚下青鱼翻江 赤蛇狂舞 如烈焰般纠缠身上 
无处逃亡 魂飞扬 天上地下 哪里找回温暖那故乡 梦一场 浮生如画落笔下 终有一日 
魂归去兮 重圆一家",2231,23
70,年糕哩哩啦啦,保密,2018-01-15 00:00:50,c(=^?ω?^=)丿,0,0
69,小PI孩小剪刀,保密,2018-01-15 00:00:50,哇哇哇哇哇,0,0
68,龙子御,男,2018-01-15 00:00:50,前排留名,0,1
67,许墨的小蝴蝶w,女,2018-01-15 00:00:49,"［惟楚有材，于斯为盛］
终于轮到我们我们大弗兰了！周五在b站看了预告片，真的超级燃，一直没在b站发过长评，第一个长评给我们的湖南省博物馆［比兴］
我们弗兰人等省博不只等了一两个月，我们足足等了它五年！因为一些原因，省博闭馆重修五年，没开馆之前大家都在官博下调侃，大学就想去省博看辛追玻奶奶），结果开馆自己孩子都生了。但是这个五年真的等得特别值得啊！《国家宝藏》还没播之前我就和班上的同好去了省博，真的超级震撼，皿方，曲裾素纱衣，汉墓T形帛画，长沙窑青釉褐彩诗文执壶，四羊方尊（仿制）一件件都特别漂亮，并且意义非凡。
下面还是科普一丢丢吧，其他的大家安静看视频就好［注：科普来自百度百科］
［汉墓T形帛画］
帛画以有序的层次展示了汉初人们观念中的宇宙图景，取自远古神话的大量形象和按照现实描绘的人与物构成天、地、人相沟通的境界。帛画出土之前分别置放在两墓内棺的板上，是葬仪中用以表示招魂、导引后随葬的旌幡，又称“非衣”。因而，其主题是灵魂升天，画中人物正行进在通往“天国”的途中，天上日月并辉、明乐环响，龙、豹、翼鸟、玉璧等均是吉祥、护佑的象征。PS：帛画出自马王堆辛追墓，是迄今发现的汉代最早的独幅绘画作品。看预告片的时候帛画的今生守护者说帛画上古人观察到的太阳黑子现象比东方早了两千年！那一刻真的燃到哭！顺便！雷佳老师唱的那一段！鸡皮疙瘩起一身！我要给她们打爆电话qwqq
［长沙窑青釉褐彩诗文执壶］
执壶，樽酒之用。以诗歌为饰是长沙窑装饰的重要特征，这件壶的诗文爽口、书道遒劲，是其代表作。壶口沿外翻，粗颈短流，背部装有一执手。瓜棱形腹，平底。以褐彩在流下腹部题写诗歌一首：“春水春池满，春时春草生，春人饮春酒，春鸟U（lòng）春声。”PS：长沙窑青釉褐彩诗文执壶在百度百科的介绍不多，这里再给大家科普一下长沙窑。长沙窑也称“铜官窑”、“瓦渣坪窑”，为唐代重要瓷窑之一，始烧于中唐，盛于晚唐，至五代以后渐衰，现仅存遗址。这么说大家可能很陌生，不过提起一句诗，大家应该都知道――君生我未生，我生君已老。此诗为唐代铜官窑瓷器题诗，可能是陶工创作也可能是当时流行的里巷歌谣。预告片里何老师用长沙话说出那句：“长沙窑，大唐造；大唐造，长沙窑！”的时候我真的好骄傲啊！",3502,183
66,绘梨衣の路明非,男,2018-01-15 00:00:49,前排开熏,0,0
65,止于茶香,女,2018-01-15 00:00:49,前排！,0,0
64,我不是你啊哦,男,2018-01-15 00:00:48,前一百,0,0
63,泽岚霜序,女,2018-01-15 00:00:48,前50(*&#39;&#39;*)?,0,0
62,-二树-,保密,2018-01-15 00:00:48,前100！！！！！！！！！！！！！！(°?°)?,0,0
61,独倚栏头伊人笑,男,2018-01-15 00:00:48,来了（￣￣）,0,0
60,龙い魂,保密,2018-01-15 00:00:48,哇，第一次这么前,1,0
59,dsyb14747,男,2018-01-15 00:00:48,呵呵哈哈哈,0,0
58,夏棘三七,保密,2018-01-15 00:00:47,前r(￣￣)q,1,0
57,叫李果的很多迈,男,2018-01-15 00:00:47,哇！第一次评论就前十哦,0,1
55,h阪,男,2018-01-15 00:00:46,前五十,0,0
54,羽林子壹,保密,2018-01-15 00:00:46,哦肯定不是第一了????,0,0
53,曼理Red,保密,2018-01-15 00:00:46,为湘博举牌打电话啊！！！！！,0,0
52,贾正亮,男,2018-01-15 00:00:46,哇偶，今天好准时,0,0
51,青豆豆儿,男,2018-01-15 00:00:45,下载，明天上班看,0,0
50,黑白落幕,保密,2018-01-15 00:00:45,终于等到我大湖南了！,0,0
49,有人leo,保密,2018-01-15 00:00:44,"惟楚有才，于斯为盛!!

为我楚地骄傲!!为我辛追卜杩翊call!!!

欢迎大家来新湖南博物馆参观，只要身份证就可以进去了，而且可以看到湖南之宝辛追病

湖南不仅仅娱乐业发达，更有非常独特的湖湘文化。惟楚有才，于斯为盛!!身为湖南人由衷的自豪",3,0
48,奔跑吧蛋炒饭,保密,2018-01-15 00:00:44,第一(●￣(?)￣●)(●￣(?)￣●)(●￣(?)￣●),0,0
47,sakurazjh,保密,2018-01-15 00:00:44,排。。。。。。。。。,0,0
46,普罗旺斯的残阳,男,2018-01-15 00:00:44,前一百啊啊啊,0,0
45,帅气逼人的叶九F,女,2018-01-15 00:00:44,我的妈呀看我刷出来了什么,1,0
44,_茯神_,女,2018-01-15 00:00:44,前排！！！,0,0
43,munai,保密,2018-01-15 00:00:43,哇(●￣(?)￣●)(●￣(?)￣●),0,0
42,没嘴关公,男,2018-01-15 00:00:43,嗨呀，来啦！,0,0
41,janefferlee,女,2018-01-15 00:00:43,(°?°)?,0,0
40,HalutoLa,男,2018-01-15 00:00:42,前五十,0,0
39,皿方,保密,2018-01-15 00:00:42,疯狂打call,0,0
38,椰汁汁,保密,2018-01-15 00:00:42,啊啊啊啊来了,0,0
37,万俟朗棠,男,2018-01-15 00:00:42,半夜赶作业顺便抢沙发qwq,1,0
36,贱得可以丶,男,2018-01-15 00:00:42,第一是我,0,0
35,明月高楼休独倚,保密,2018-01-15 00:00:42,前五十,0,0
34,三九等于二十一,女,2018-01-15 00:00:41,第一，我叫热评,0,0
33,明天还要加油鸭,女,2018-01-15 00:00:41,前排！,0,1
32,bili陈bili,保密,2018-01-15 00:00:39,"(转载于舌尖上的中国第二季Armin叔评论)
1. 我在故宫修文物av3924328
2. 国脉・中国国家博物馆av4152415
3. 御膳房av4004813
4. 帝陵 av4619981
5. 中国通史av5670296
6. 北京中轴线av4378167
7. 大明宫av1730716
8. 大运河av4139898
9. 超级工程av6456542
10.航拍中国av8320409
11.舌尖上的中国第一季av3585546， 
第二季av4231881
12.长城av3122019
13.楚国八百年****2037
14.台北故宫av3578648
15.汉字五千年av250263
16.河西走廊av2229874
17.新丝绸之路av1242179
18.史说汉字av2483589
19.海昏侯大墓av3563428
20.复活的军团av522440
21.圆明园av1563053
22.东方帝王谷av2484328
23.望长安av4686831
24.布衣中国av8802176
25.大汉帝国av5332988
26.中华文明av3479721
27.历史的拐点av5957522
28.世界遗产在中国av4734362
29.再说长江av2120529
30.美丽中国av2251606
31.敦煌av5031538
32.敦煌画派****40353
33.与全世界做生意av2837502
34.留住手艺av3193310
35.第三极av8668069 
36.当卢浮宫遇见紫禁城av1458232
37.天河av2933029
38.光阴・西藏的西藏av4471131
39.中国高铁av9701763
40.筑梦路上av5053430
41.故宫100av4114589
42.我们诞生在中国av7346616
43.锦绣纪av6294513
44.古兵器大揭秘av5838576
45.大国重器av1806333
46.寻味顺德av4673559
47.味道云南av3692768
48.客从合出来av1088790
49.南宋av3613036
50.神秘的西夏av4670883",4,0
31,贰贰得壹,保密,2018-01-15 00:00:39,前十！,0,0
30,麻辣U香锅,保密,2018-01-15 00:00:39,狙击成功,0,0
29,锁不住的天空,女,2018-01-15 00:00:38,半夜更新,0,0
28,嫒宁1999,女,2018-01-15 00:00:38,前排？,0,0
27,烨郇_玖,保密,2018-01-15 00:00:38,"璀璨如斯，唯叹此生不负华夏！
（by.国家宝藏官微）",2,3
26,Fuji・Syusuke,女,2018-01-15 00:00:37,为我大弗兰的皿方执壶还有帛画疯狂打call！！！另外强烈安利各位小伙伴来湘博参观那个三楼效果特别炫的投影_(:з」∠)_【忘了叫啥了】投影中间就是辛追的棺椁。以及帛画的实物简直看得人目眩神迷！！！还有出土的不少织物的花纹都美得不行我拍了一堆照片(°?°)?打算年前再去一次，有来长沙玩的小伙伴可以约起hhh,1,1
25,古白米,保密,2018-01-15 00:00:37,来了！,1,0
24,金秀贤撒狼黑,保密,2018-01-15 00:00:37,来了(⌒⌒),0,0
23,枫宇雾阻,男,2018-01-15 00:00:37,前十！！！,0,0
22,龙い魂,保密,2018-01-15 00:00:36,前一百,1,0
21,韵水景行,女,2018-01-15 00:00:36,真准时[小电视_赞],0,0
20,倚剑歌行,男,2018-01-15 00:00:35,"皿方流转历程：

【出土】
1922年，在湖南省桃源县漆家河因暴雨冲刷而在山间沟边重见天日，后被一农民秘藏。

【盖身分离】
一位湖北的石姓商人闻讯而来，看到精美至极的方，当即出价400块银元购买。此时正赶上物主长子回家，得知有人愿出高价收购，就拿着方盖到附近小学校找一位钟姓校长处询问。钟姓校长见方盖绝非一般古物，当即决定用800块银元购买，并将方盖留下，让物主回家把器身取来。此消息被石某知道，抱着方器身匆忙离开。从此，方盖、身分存异处。

【转辗买卖】
古董商石某很快以100万大洋的高价将器身卖给了上海大古玩家李文卿和马长生。二人知道此器非同小可，10天后就偷运到美国，以80万美金卖给了石油大亨洛克菲勒。洛克菲勒急于配成全器，托古董商以大洋14万购买器盖，但此时器盖已被湘军团长周磐抢夺在手，索要50万美金，二人协商未果，方始终未能完璧。

【盖回政府】
当时的段祺瑞政府亦获知方出土，曾“严令追缴”。周磐采取拖延策略，使中央政府和省政府的追缴均未成功，直至其被捕后，才主动献出方盖。从1956年至今，皿天全方之盖由湖南省博物馆保存。

【器身著录】
洛克菲勒在获得器身之后，由于一直没有配上盖，于是将其出让，并流传到卢芹斋、姚昌复、包尔禄等多位20世纪初重要古董商及藏家之手，1961年，日本古董商浅野梅吉经手“皿方”，其子浅野刚将其著录于《中国金石陶瓷图鉴》。

【拍卖竞价】
其后又经过了一些古董商之后，被日本藏家新田栋一拥有，并于2001年交由佳士得拍卖，当时上海博物馆与北京保利艺术博物馆闻讯后，联合筹集一笔巨款前往美国参加竞买，但是被一位法国买主以高出中方近四成的价格将其竞拍而得，成交价达到了924.6万美元，创下了当时中国青铜器拍卖记录，被业界称为“青铜器之王”。迄今，该器仍保持着中国古青铜器在世界拍卖市场的最高成交纪录。

（后续见回复）",101,5
19,灰姑娘也撒娇,保密,2018-01-15 00:00:34,我来了,0,0
18,苏三糖泥,女,2018-01-15 00:00:34,第一！！！,0,0
17,岛田低追,男,2018-01-15 00:00:33,卧槽第一？,0,0
16,cielCL,保密,2018-01-15 00:00:33,终于………,0,0
15,天将明明喵,保密,2018-01-15 00:00:32,前排啊,1,0
14,用户后台程序,女,2018-01-15 00:00:32,首发q,0,0
13,希德尼娅的大米,男,2018-01-15 00:00:31,第一啊,0,0
12,奚雅图,保密,2018-01-15 00:00:31,啊啊啊啊啊！！,0,0
11,suerte_28,女,2018-01-15 00:00:31,第一吗,0,0
10,曼理Red,保密,2018-01-15 00:00:31,啊啊啊啊啊啊啊啊啊,0,0
9,一勺扶摇酱,保密,2018-01-15 00:00:31,第一！评论,0,0
8,潇潇hahaha,女,2018-01-15 00:00:31,啊啊啊啊啊啊啊,0,0
