4887,眉师傅,保密,2018-01-23 21:55:37,不要想【为什么不拿更好的出来】，而是要思考【为什么认为这三件是最好的】，这样才能思考出点有用的东西，而不是发表无谓的抱怨,32,0
4886,灵风致雅,男,2018-01-23 21:29:52,"央视爸爸干的最漂亮的一件事，就是给了B站版权了！！！在弹幕文化盛行的B站中混迹，总有些大神会为我们科普知识！！！国家宝藏为我们展示了文物的面貌与文化的传承，而弹幕中的科普则为我们讲解了更多的冷门知识。
国家宝藏――这是第一个让我看到激动流泪综艺节目！
呜呼！
愿我中华文明与世长存！
力推央视和B站一直合作下去，来弘扬更多的中华文明与文化！！！",38,0
4885,沫筱洛,男,2018-01-23 21:27:55,啊啊啊啊啊啊啊啊啊看你们炫耀能上教授课的好嫉妒啊_(      」 ∠)__ 理科生蹲墙角哭唧唧_(      」 ∠)__,4,0
4884,老西装,保密,2018-01-23 19:30:12,可惜云南没有重点博物馆(??_?`),4,9
4883,绿倚,保密,2018-01-23 18:46:11,要一万了,0,0
4882,大白软咩圆滚滚,男,2018-01-23 17:42:53,我开弹幕不是为了在国宝节目里看撕逼的，现在节目火了什么人都有，撕音乐版权，撕科学家工资，撕文物上交，撕别人带儿子上去，我真是服气，吹毛求疵怕就是这样吧？乌烟瘴气的，我从此以后也不看弹幕了，b站人多**也多了，我默默投币就好?,16,11
4881,大白软咩圆滚滚,男,2018-01-23 17:31:40,还有弹幕刷马苏的你管是男是女？刷马苏的本来就是没有素质的，无关性别的人，在这里揣测是男是女地图炮就很有意思了？你们说的估计是女的和弹幕估计马苏怎么样不看节目的难道都很有素质吗？,13,0
4880,大白软咩圆滚滚,男,2018-01-23 17:29:18,每次看到剑三党刷为什么只说我们刷屏不说其他的，因为别人只是刷一片，你们从头到尾刷，并且还撕有没有版权。好好看不行吗。,9,0
4879,夏沐沐粽子,保密,2018-01-23 15:06:51,万物有灵，众生皆美,2,0
4878,卷卷哒哦,保密,2018-01-23 13:20:06,已经屏蔽关于剑三的弹幕和马苏。辣鸡弹幕影响心情,0,0
4877,bili_20003749,女,2018-01-23 09:25:00,你们能不能不要刷那些低俗的东西了，我估计刷马苏怎么着什么屁几万李小璐的都是女人，女人何苦为难女人？说选角不好玷污国宝的，你们不觉得你们发这些东西更是玷污国宝么？我就不明白天天逮着娱乐花边新闻跟苍蝇似的，你们心里没点别的了？央视毕竟是央视，再怎么着都是你爸爸，不选马苏也行，选你吧，你上去演我看。人真的都是趋炎附势，这事儿不是马苏的锅吧？就算是，演这个的时候还没出事呢好吗？果断屏蔽弹幕了，陕西历史博物馆是我最喜欢的博物馆，你们要骂去人微博底下去啊,22,0
4876,AZX2020,男,2018-01-23 01:43:25,仇女癌都出来了...其实弹幕刷马苏的都是女生，估计直男又要背锅了,5,0
4875,迷失之歌,保密,2018-01-22 21:25:25,陕西是不是把最次的国宝拿出来比了，感觉不符合陕西历史地位啊，一件青铜器都没有！,6,6
4874,大漪大漪,女,2018-01-22 21:06:11,求葡萄花鸟纹银香囊介绍的那个旁白小姐姐是谁啊啊啊？！,2,1
4873,旧书辞,保密,2018-01-22 21:05:55,虎符和密码学那里的bgm是什么呀…,0,0
4872,麻瓜大厦,男,2018-01-22 20:01:54,有些弹幕口气真的很大…影响了看国宝的心情,3,0
4871,燕归西北,保密,2018-01-22 19:56:59,喜欢陕博,3,0
4870,Cero_Ame,保密,2018-01-22 19:29:37,为我大秦刷一发,3,0
4869,辞不了,保密,2018-01-22 17:28:34,今天又来三刷，讲个题外话，三次看正好是某事件之前、正在进行时以及余热基本已退的今天。第一次看的时候对马苏还是挺有好感的，觉得她的杨贵妃真挺美，让我想起当年第一次看到她演的大唐歌飞，觉得马苏还挺适合唐朝装束的，觉得她的美很大气，虽不及范冰冰，但是眉眼带笑，更平易近人。二刷的时候正值微博以及各大门户网站大量推送HYQ的实锤的新闻，我向来不怎么关心国内的娱乐八卦（主要是好莱坞的各种cp已经迷晕了我的眼了），所以我也就没点进去，只看了标题我还以为HYQ已经爆出了相关照片或者视频了呢，所以也就觉得这个女人真是不堪，因此二刷的时候直接跳过了马苏这一段。这两天周末因为黄奕又上热搜了所以我花了点时间了解了下事件始末，发现HYQ的实锤还没爆出来呢，就又开始诽谤他前妻结婚怀孕什么的，而网友提供的实锤又是一堆微博的字里行间的推测，恕我直言，你以为马苏是曹雪芹啊，还批阅十载增删五次，你发微博朋友圈难道还细细推敲还埋下未来你要发的微博内容的伏笔？真有见不得人的事我想我应该不会在字里行间里面留下丝毫线索吧，难不成还嫌自己活得太快活吗？因此现阶段我又觉得马苏之罪还有待商榷，再看马苏的表演，又觉得她的演技还是不错的，让我想起了大唐歌飞里面唐皇宠爱新妃而杨贵妃独坐空殿的一幕。可能马苏想不到她演了这个杨贵妃之死之后，她本人也被推上了马嵬之变的境地吧。不知道四刷会是什么时候，可能是HYQ真的爆出真的实锤？世事就是这么不可捉摸，那么壮美的盛唐不也是说败就败了么・・・・・・,3,3
4868,猫汝,保密,2018-01-22 16:17:05,(°?°)?最近要去西安玩，不知道有没有西安的小伙伴给推荐下好玩的地方,0,9
4867,大日琉璃,保密,2018-01-22 15:28:41,好看(⌒⌒),0,0
4866,忧伤的小白猪,保密,2018-01-22 10:03:18,我大华夏文明壮阔,1,0
4865,PQ九州,男,2018-01-22 08:12:07,"我X得《家藏》一年都有的忙！
第一季度：
1.C目《家藏》放送！
2.大/微影《家藏》27部IK_⑴z！
第二季度：
1.故m古物所《家藏》特展I洳贾茫
2.大/微影《家藏》27部uu地拍z完成！
第三季度：
1.在暑假，故m古物所《家藏》特展_始！
2.《家藏》≡诠m古物所演出！
3.大/微影《家藏》27部在中央放送！
4.新一季《家藏》古物列所接洽KI洌
第四季度：
新一季《家藏》制！",6,0
4864,就小神龙吧,女,2018-01-22 06:18:55,此生无悔中华家。,3,2
4863,希良梨子,保密,2018-01-22 00:44:18,特喜欢开头的bgm,6,0
4862,想去月球的辰砂,保密,2018-01-21 23:03:43,葡萄花鸟纹/银香囊,3,0
4861,胡椒里个夹子嘿,保密,2018-01-21 21:04:21,看到第四期真的忍不住了。作为一个剑三玩家我也很讨厌在无关视频里看到无脑刷的，可这次真的无关吗？视频用的难道不是剑三的音乐吗？我听到的时候真的很激动，难道提一句不行吗？为什么提到剑三就有一堆人冲出来骂，刷别的就没有？你们是不是骂出惯性了？好像骂剑三就很高尚了？刷别的东西的时候好像也没特别被影响观看的样子，怎么一到剑三的地方就高潮了？,17,2
4860,挽歌渡R舟,男,2018-01-21 20:48:42,喜欢文物是好事，但是为什么有那么多人跑去买花舞大唐春。。。毕竟是偏向专业的书籍，很多人买来也是放在书架上吃灰。搞得我一个考古系的学生想买没地儿买，本来打算寒假买来看来着[狐妖_伐开心],7,9
4859,把酒|L,女,2018-01-21 20:26:54,一世长安和西部安定都是很好的寓意啊,1,0
4858,吾自静默向韶华,保密,2018-01-21 19:50:29,#4857.第二遍,0,0
4857,R_Uiii,女,2018-01-21 19:46:11,壮哉我大陕西！！,4,0
4856,哼唧きれい,保密,2018-01-21 16:12:11,准备寒假去陕博,2,5
4855,姚bili酱,保密,2018-01-21 14:34:11,就叫长安多好啊，多好听的名字～,10,2
4854,无少女不萌娘,女,2018-01-21 14:11:58,讲真我觉得马苏长得真好看！！！,4,1
4853,DWSPN,女,2018-01-21 05:04:33,看到哭的节目(?；ω；`)国宝出来的一瞬间震撼无比,1,0
4852,五路拖拉曼兔子,男,2018-01-21 01:04:57,西安是多好的城市啊……但是怎么就有雾霾呢？！,3,4
4851,royfangyu,保密,2018-01-21 00:58:12,综艺扛把子还得是央视。什么是大国气象？就是能做出这种让你随便抄你都没法抄的节目，拼的就是文明的底蕴。,24,6
4850,love伊佐那社,男,2018-01-21 00:51:25,这个节目真的太棒了，尤其在B站上还有科普弹幕涨知识，挺不错的，最喜欢微剧场了，配乐相当棒！爱死央视爸爸了,7,0
4849,晓易易,女,2018-01-20 23:44:58,说把人家墙壁都扣了的到底懂不懂什么叫保护？？哇我真的是，圣母成这样也是难得一见,7,0
4848,老攻不要啊,保密,2018-01-20 23:27:06,西安，愿我能在接下来的时光中，去守护和了解你,8,0
4847,土豆Pro,男,2018-01-20 21:26:32,我一直以为国立老师开头第一句是：让国宝火起来！后来才知道是“活起来”，不过后来想想，好像也没毛病，就是要火火火~（￣￣）,15,0
4846,二白糖,女,2018-01-20 20:39:49,@秋木枯尽来年苏：你发视频无关还有理了2333之前还觉得有些人发令人讨厌的弹幕是无心，现在才发现原来是因为没素质不要脸（说的就是你），好了多谢提醒，我决定屏蔽你了，祝你新的一年素质能有所提高，另外再也不见：）,5,1
4845,水鱼菇凉,保密,2018-01-20 18:17:19,为大陕西大call???,5,0
4844,tl牛nt,保密,2018-01-20 18:01:00,表白 陕博真的超级棒 历史感太棒了,5,0
4843,俗人可耐,保密,2018-01-20 17:54:37,给我大陕西打call,7,0
4842,F锁清秋,保密,2018-01-20 16:56:53,评论还没过万哪( ?_f｀),2,0
4841,刘学生aaa,保密,2018-01-20 15:38:54,"帝陵
东方帝王谷
未被发掘的皇陵
秦始皇皇陵系列
从秦始皇到汉武帝
大汉帝国
风云未央宫
历史的拐点之汉匈之战
大明宫
望长安
山水长安
玄奘之路
大唐西市
西安.永远的都（NHK）
遥远的长安（NHK）
始皇帝（NHK）
秦始皇的惊天秘密（BBC）
复活的军团（BBC）
秦始皇兵马俑（BBC）
魅力中国:秦始皇的秘密（美国国家地理）",14,0
4840,素女纸,保密,2018-01-20 09:25:55,我来长安啦，下次来我要穿汉服,7,0
4838,AIchester,男,2018-01-19 23:16:36,长安这名字，咱怕是镇不住……,5,0
4837,故山松月,保密,2018-01-19 22:49:43,太好看了,0,0
4836,医了个生,保密,2018-01-19 21:39:20,三件太少了唉,0,0
4835,斯芬克斯达,保密,2018-01-19 17:39:49,想去陕西博物馆[2233娘_耶],5,0
4834,东山有个奈央,男,2018-01-19 14:41:24,[小电视_差评]我不管我不管，你马苏我就是看不惯，配不上这节目,10,1
4833,张家七少,保密,2018-01-19 11:21:49,看杨贵妃就一直想到猫妖传。。。。,4,2
4832,女神陈乔恩00,保密,2018-01-18 23:57:27,陕西博物院只比故宫藏品少10多万件，太强了,5,3
4831,光州的媳妇,女,2018-01-18 23:38:39,为我大西安打一万年卡！！！！,6,0
4830,蜉蝣s,保密,2018-01-18 20:52:09,西安欢迎你们！(°?°)?,5,0
4829,一方糖Zz,女,2018-01-18 18:38:01,想起上次去西安，顶着40度大太阳去了大明宫遗址公园Σ( ° △ °|||)醪畹憧臼炝耍为怨念充值！！,5,0
4828,Trame特莱姆,保密,2018-01-18 17:39:41,嘻嘻淘宝搜“葡萄花鸟纹银香囊”可以买哦，大家要实在喜欢又没有太多私房钱也不用买太贵的，有50-60的平民价。感觉这个小香囊真的太棒了，又精致又可以点香(°?°)?我自己要存钱入手一个了,15,0
4826,相思小姐,保密,2018-01-18 12:44:37,"在马苏出事前看了这一期，现在回过头重温，真的觉得我这一部分是看不下去了。
虽然是说来看国宝的，但是这个“守护人”还真的是让人……
第一次看的时候还有人吐槽她的演技，我没说什么。
重温的这次，是真的理解某些人说能不能挑个走心点的守护人……",25,5
4825,MmeNnx-,保密,2018-01-18 10:30:23,作为曾经的陕博志愿讲解员，每次看关于我博的就感觉好开心～,18,0
4822,一小只假发,保密,2018-01-17 22:54:27,这个杨贵妃一点都不贵妃，反而像怡红院的“贵妃”,10,0
4821,柒染然,保密,2018-01-17 22:08:14,大陕西啊，盛世长安。,3,0
4820,如果可以这样爱白考儿,女,2018-01-17 20:30:18,为什么偏偏有个马小姐。。。。,5,0
4819,不是老王,男,2018-01-17 19:59:33,淘宝上的同款葡萄花鸟纹银香囊没货了[芮小凸小凹_哎],7,0
4818,秋木枯尽来年苏,女,2018-01-17 17:50:36,"觉得剑三bgm出来时刷弹幕是ky，而仙剑古剑bgm出来时刷一下无伤大雅，是因为。
1.剑三bgm时的弹幕大多都是“唐门的报道！”“前面别走我是七秀的！”诸如此类，参考平日视频刷地名那些，异曲同工。而仙剑古剑bgm出来时刷的只是“好怀念这个游戏”之类的情怀弹幕，对比起剑网三bgm的弹幕，谁的素质更高一些？明眼人都看得出来。
2.国产单机市场范围小，仙剑古剑都算小众游戏，所以刷的弹幕虽然不算少但也绝对不多，而剑网三的人气如何呢？bgm出来时满屏幕都是你们j3er，到底谁更影响观看？
在某些j3er说“双标”之前请先搞清楚状况，我一个不玩仙剑古剑也不玩基三的朋友已经因为这节目的弹幕对基三转黑了，这难道是仙剑古剑粉的锅？",12,28
4817,鬼打灯笼,保密,2018-01-17 16:54:51,仙剑(? ???ω??? ?),0,0
4816,一方糖Zz,女,2018-01-17 16:25:18,每集都有因为bgm引发的斯比大战，不想看就屏蔽关键词，互相diss的还不是刷屏吗,4,0
4815,不想洗脸,女,2018-01-17 15:09:07,看这个节目总是情不自禁流眼泪(?；ω；`),5,0
4814,大日琉璃,保密,2018-01-17 14:53:09,弹幕少了许多,0,0
4813,尼托尼托尼Y,男,2018-01-17 12:38:07,就算某些人影响观看体验 但是你们还发出来发出来难倒不影响观看体验吗？,1,0
4812,君琢_,保密,2018-01-17 12:14:41,开了几集弹幕 有的人真是双标的厉害 之前古剑霹雳弹幕刷的飞起来的时候 你们不吭声 一到剑三bgm就都跳出来啦？剑三和您有仇是吧？,9,4
4811,独醉歌长靡,保密,2018-01-17 05:51:44,看个文物也要听你们比叨衣服，真的真的很烦，想科普衣服去讲衣服的视频里说！我喜欢汉服，但我讨厌你们这群人。,16,0
4810,西沙考古队,保密,2018-01-17 03:04:17,爱长安！,2,0
4809,西沙考古队,保密,2018-01-17 02:16:35,出周边啊！！！,1,0
4808,拾壹楼的疯子馆主,男,2018-01-16 23:28:37,所以说，现在姓李的人最多，不是没有理由的。。。,6,0
4807,辞不了,保密,2018-01-16 22:11:36,还好这一集赶在年前播了,6,0
4806,燕归西北,保密,2018-01-16 19:16:26,能不能给馆长投票，陕博的馆长简直太赞了，说话铿锵有力，言语间散发的文化自信，简直太燃了,24,0
4805,简乔乔,女,2018-01-16 18:56:20,为什么说那些刷剑三的不说刷仙四的~你们是不是特委屈？~是不是觉得别人特双标？~剑三bgm一出来~你们就一群人：有版权么？~居然用我大剑三的bgm~有没有版权你不能去查查再说？~你们这样会影响别人看节目你不知道么？~子子句句都特么带着高高在上，玩个游戏还给你玩出优越感了~而回梦游仙出来的时候每个人都刷的是：好感动啊又听到这首歌~只有你们又在开骂~我就双标了怎么地吧？~你们为什么被双标也不找找自己原因~醉了~,20,2
4804,冰冷的极光,男,2018-01-16 18:26:57,马婆败笔,2,2
4803,风晚_,女,2018-01-16 17:41:19,国家宝藏居然用了这么多剑网三的BGM，有点出戏Σ(?д?|||)??,2,0
4802,王根鸡,男,2018-01-16 16:47:52,怎样培养爱国之情？不是反反复复拿过去的痛苦加深你对敌人的仇恨，而是让你感受祖国的壮阔美丽，那种爱国会刻入你的灵魂。,32,1
4801,Z素灵,女,2018-01-16 15:20:37,看完又想去西安了,3,0
4800,哎呀我好卡,男,2018-01-16 14:25:36,哇，现在这个时间点补国家宝藏第四集。。。有点尴尬。。,5,1
4799,Lil_Panda,女,2018-01-16 12:01:57,哇   壮哉我大陕西,3,0
4798,哇唔啊不想理你,女,2018-01-16 11:50:01,西安卡 滴,1,0
4797,达斯卡林,保密,2018-01-16 01:17:31,又是一个不眠夜～,0,1
4796,小宜酱酱,保密,2018-01-16 00:58:35,刷明星绯闻的你们尬不尬？累不累？开心吗？,12,0
4795,吃胖子的芊芊,保密,2018-01-16 00:12:53,（ &#39;? &#39; ）我有一个问题！我和我发小聊天，说到葡萄花鸟纹银香囊，然后我们产生的断句的分歧，请问是叫葡萄花鸟纹/银香囊还是叫葡萄花鸟/纹银香囊,0,9
4794,珊瑚海BBA,保密,2018-01-15 23:46:41,为什么兵马俑没来争取国家宝藏，兵马俑:“我已经不需要竞争了”,14,5
4793,锦衣卫01,保密,2018-01-15 23:13:55,助攻1000+,0,0
4792,Joal乔,保密,2018-01-15 22:48:29,去的次数最多的博物馆啊,0,0
4791,吃甜点的hero,保密,2018-01-15 20:21:03,欢迎大家来西安玩！！！[小电视_赞],5,0
4790,璃雪玉曲,女,2018-01-15 18:33:14,这个创意真的特此好,0,0
4789,川建国同志,保密,2018-01-15 18:16:03,"帝陵
东方帝王谷
未被发掘的皇陵
秦始皇皇陵系列
从秦始皇到汉武帝
大汉帝国
风云未央宫
历史的拐点之汉匈之战
大明宫
望长安
山水长安
玄奘之路
大唐西市
西安.永远的都（NHK）
遥远的长安（NHK）
始皇帝（NHK）
秦始皇的惊天秘密（BBC）
复活的军团（BBC）
秦始皇兵马俑（BBC）
魅力中国:秦始皇的秘密（美国国家地理）",27,3
4788,shine时,男,2018-01-15 18:14:18,以前看魔王勇者！以为欧州发明了航海器，现在才知道欧洲就找到了个土豆！亏现在日本还这么崇拜你！容我笑笑！,0,1
4787,段圈圈,保密,2018-01-15 17:46:21,对长安城感兴趣的朋友们推荐一下国宝档案，2017年最后几期就在介绍长安城，很好看，没集也不长,6,0
4786,浮云累死了,保密,2018-01-15 17:30:45,"真的是精彩绝伦，叹为观止。

2018今年一定要抽时间去亲眼看看。",0,0
4785,在下示元丰,保密,2018-01-15 16:41:08,看到壁画这一趴真的很感慨啊，以前爸妈有一个朋友，这个朋友村里有段时间盗墓猖獗，因为emmm我们河南地区地下真的很多古墓的，他们村下面应该是古墓群之类的，村里盗墓的多到十有三四的比例。这是前提。又一次那个朋友对我爸妈说，他们村里的人从事违法犯罪的活动中，在地下，看到壁画，据那个朋友形容的是画的特别好，颜色特别好看，人都跟活得一样，但是没多大会儿，颜色啊，图啊都不行了。当时我就特别惋惜，特别想看到他形容的特别好看的很多很多年前的壁画，想想，如果这些古墓到考古学家手上，那幅重见天日一小会儿就消失的壁画也可能被拿到节目上，被守护，被保护，被拿到节目上当宝贝。唉，也不知道还有多少这样一会儿就不见的宝贝。,9,1
4784,格家冰凛,女,2018-01-15 13:28:28,镜头一转李仲谋副馆长，弹幕就画风突变，一群迷妹(?ω?)hiahiahia敲可爱,9,0
4783,EmmerJIN,保密,2018-01-15 12:42:30,我本来想来评论里看一看有没有关于这三件文物的其它介绍，现在的孩子不管怎么样都要抨击一下，不会制冷还逼逼冰箱真的是把他们牛坏了，粉丝文化真的是恶心,2,0
4779,战死寡妇村,保密,2018-01-15 12:02:53,我感觉唯一的缺陷就是有马苏了,17,1
4778,打完仗就娶你,男,2018-01-15 12:02:45,梦一世欢喜，换一世长安！！！,5,0
4777,苏睡衣,女,2018-01-15 11:23:58,"看了一半忍不住出来说一句，本来就是宣扬传统文化的，麻烦服装造型走点心。
麻烦服装造型走心会误导观众的
麻烦服装造型走心会误导观众的
麻烦服装造型走心会误导观众的
马苏穿的影楼装而不是汉服，会误导多少人。个人觉得汉族人应该知道自己的汉服正确形制是怎么样的。",21,14
4776,灵雨如歌,保密,2018-01-15 11:13:38,这一期的主题应该是国家气节，信息安全，国家威仪,1,0
4775,爆菊Sama,保密,2018-01-15 09:53:28,陕西博物馆这么传承厚重历史文化的名馆这是倒了血霉～碰上了娱乐圈国鸨～,8,0
4774,三个布里,女,2018-01-15 07:38:40,我们陕西历史博物馆真的很棒  给它我的小心心,6,0
4773,白马若非马,保密,2018-01-15 01:29:12,就让我代您看看后世吧，那是繁华的，您梦里的长安，晚安，懿德太子殿下,5,0
4771,你的苏苏苏b,女,2018-01-15 00:09:58,晚安好梦???,2,0
4770,一美的大眼睛,保密,2018-01-14 23:23:15,陕西博物馆可以的，何家村遗宝～已经拿个小本本记下来了，以后一定要去一次,5,2
4769,Jumpingagain,男,2018-01-14 22:01:30,我是一名台衬贻p人、中人，即使不少同胞J槲台吃S多人是不壑腥A文化、档渫祖的，但是其K非如此，我是非常壑腥A文化的。@目以C的方式呈F之美，不HH是一部o片，更是一部良心之作，而透^@目，我也了解了「他」的故事。最後我想f一句「吾o之」。榱俗更多人看到台骋彩怯泻芏嗳壑腥A文化的，我在b站每一集n案N本留言。,197,4
4768,柚子君的花舍,保密,2018-01-14 21:21:27,更新？？,0,0
4767,简兮方将,保密,2018-01-14 20:46:57,该节目需要课代表，总结清淡,5,0
4766,兔子宝宝宝,女,2018-01-14 20:44:54,不是说今天要更新的吗？,0,0
4765,bBilibiliBli,女,2018-01-14 20:26:41,我已经在看第六期－湖南博物馆,5,0
4764,乌托邦zmm,保密,2018-01-14 19:32:43,看了弹幕默默去搜了下陕博的镇馆之宝，被惊到了，那个镶金兽首玛瑙杯和鎏金舞马银壶真的真的精美绝伦。,15,2
4763,谁粉凯申公,保密,2018-01-14 18:59:06,陕西女演员挺多的啊，景甜、白冰、闫妮哪个不比马苏强，怎么让这个皮条客来,9,3
4762,我灬和,男,2018-01-14 18:04:57,唐朝的丰满和胖是两个概念阿,1,0
4761,Leslie和款鸡涌,女,2018-01-14 17:56:07,??????,1,0
4760,{教香江,保密,2018-01-14 15:19:48,上海博物院的馆长声音，像不像《我在故宫修文物》的王津大师？？？？,2,2
4758,日常无聊到趴下,保密,2018-01-14 14:50:22,不要总说陕博没用力啥的，这些介绍都是基于一个大致的方向的感觉进行选择的感觉，,5,1
4757,明良Akira,女,2018-01-14 14:33:22,这期好期待的，但是并不想看见马苏,4,0
4755,污妖王的火之高兴,保密,2018-01-14 11:22:27,(⌒⌒)(⌒⌒),0,0
4754,安家蠢爹,保密,2018-01-14 10:49:10,太感动[小电视_赞],0,0
4752,臀间肉,保密,2018-01-14 01:01:50,"刘教授好年轻，听她说话就知道思维很活跃，没有预想中理工科的沉闷，讲专业时兴致盎然、双眼发亮，投入到密码学非常幸福的感觉，即使听不太懂也有意思。
张院士给跪了，磅礴震撼的建筑都出自她之手，工作的成就感和快乐回馈在外貌上，82岁皮肤紧致、精神矍铄，闪瞎咸鱼了23333",20,0
4751,博物君的戴胜,保密,2018-01-14 01:01:00,我很想知道为何弹幕里有人说防火防盗防国博？这是发生啥事了？,0,16
4750,tea1234,保密,2018-01-13 23:59:06,去过一次西安，建筑给我留下了深刻印象，原来是因为有张先生那样的人。,10,1
4749,{教香江,保密,2018-01-13 23:21:08,西安和咸阳几乎已经合并了，干脆合并了整成长安算了,2,19
4748,酥酥酥酥姨,女,2018-01-13 21:26:06,看完这期后再次坚定了想去一次西安的想法，这期的三个宝贝都太符合心意了，葡萄花鸟纹银香囊太精致了，虎符之前去国博还不了解的时候就觉得特别萌，最后的壁画馆真的超级想去了！要是真能看到大明宫的真容那可真是，没遗憾了,8,0
4747,漠小刑,女,2018-01-13 21:03:34,虽然我是个武汉人，但我并不觉得只有我湖博老实献最好的东西。越王勾践剑和编钟胜在名声大，可是就历史价值来讲其他馆的文物也毫不逊色啊。比如葡萄花鸟纹银香囊，不仅展现了唐代制造仪器技术的先进，同时也体现了当时中国和其他国家文化的交流，难道这个真的不如一把剑吗？还有上一期的骨笛，现存最早可演奏的乐器难道比不过编钟吗？都是文物何必分三六九等，纵向说都是中国古人智慧的结晶，横向说是全中国乃至全世界人类的珍宝吧。,24,6
4746,-莫玄羽-,女,2018-01-13 20:15:25,三郎。,6,1
4745,camillehuaxiav5,保密,2018-01-13 17:20:06,明天再去省博,0,5
4743,瞄瞄没喵,保密,2018-01-13 14:57:44,"av18240538 
av18011177
BGM奉上(⌒⌒)",3,0
4742,草草一团,男,2018-01-13 14:25:54,我是唐葡萄花鸟纹银香囊，我为自己代言,4,0
4741,なぎnagi,保密,2018-01-13 13:33:43,001号讲解员……守护人……,1,0
4740,如果可以这样爱白考儿,女,2018-01-13 12:18:14,换个主持人就完美了。。。。,2,5
4739,萌萌哒鳄鱼,男,2018-01-13 11:36:51,(??ω??),0,0
4738,望不到南,保密,2018-01-13 06:30:56,央视就是央视，BGM配合国家宝藏这档节目，磅礴大气扑面而来，,8,0
4737,咋回事为毛啊,保密,2018-01-13 05:10:11,"为毛不加个英语字幕呢,好想发给外国友人门看看给他们涨涨见识啊",11,1
4736,口天上人,保密,2018-01-13 01:01:15,咸阳人前来打call,4,0
4735,Tri?のとう,保密,2018-01-12 23:55:49,老人岁数大了不容易泪目 小孩是祖国希望泪目 建筑宏伟泪目 宝贝好看泪目 bgm好听泪目  悲剧泪目吧喜剧也泪目？ 我可能是石头做的吧(°?°)? 溜了溜了,5,4
4734,大日琉璃,保密,2018-01-12 22:49:43,西安值得每一个人去看看，去了解,8,0
4733,东家～,保密,2018-01-12 21:03:06,大家严肃一点，在各种釉彩大瓶之后已经出来了各种金属编钟和各种釉彩大壁画了……←_←,13,0
4731,Hojoong,女,2018-01-12 20:14:26,请不要这样的节目底下刷各种夺你眼球的绯闻花边，专注文物本身谢谢。,13,0
4730,怎么才能睡着在线等,保密,2018-01-12 19:45:15,在西安旅游，第一站就是博物馆。讲解员都好厉害，各种涨姿势。我大天朝的历史文化值得每一个人去了解[小电视_赞],4,0
4729,月光下的男孩ing,保密,2018-01-12 19:12:11,东西两京，华夏盛世。就算在现在这个匆忙的时代里逐渐归于宁静缓慢前行，依旧不可小觑。我们不是不出众，只是无法超越前朝风姿。华夏开源之地，华夏盛世之地。/笔芯（看不懂的麻烦别评论谢谢）,9,0
4728,云v舞,保密,2018-01-12 19:08:46,我去，陕博170多万件，辽博17万件,11,1
4727,瘸哥想上岸,女,2018-01-12 15:49:30,感觉乾隆的各种釉彩大瓶已经成为一个梗了[2233娘_大笑],13,1
4726,是梨花鸭,男,2018-01-12 15:20:02,特别自豪 此生无悔入华夏[小电视_赞],5,0
4725,舜之华,女,2018-01-12 13:47:19,突然觉得，什么时候美人蕉也出来试一试呢,6,2
4724,文心雕龙画栋,男,2018-01-12 13:24:11,贡献一条评论（￣￣）,0,0
4723,占宝贝,女,2018-01-12 09:31:35,看完留名，依旧骄傲自豪,2,0
4721,占宝贝,女,2018-01-12 08:35:14,哈哈哈哈哈哈，侯爷造反又失败了[2233娘_大笑],7,0
4720,这辈子都绝不会中奖啦,保密,2018-01-12 01:18:25,未来的小偷没学好数学都不敢说自己是小偷,0,0
4719,呸呀呀呀,保密,2018-01-11 21:53:09,可是马苏这里的确演得不错啊,7,0
4718,兵长最高不解释,保密,2018-01-11 21:07:46,安利一波哑舍，和国家宝藏类似，通过一个个基于历史的绝美的小故事是我们了解文物和历史，文笔画风也不错,2,12
4717,就这破名字值6块,男,2018-01-11 20:52:54,9.9分[小电视_吃惊]这评分吓死个人啊,7,1
4716,晓易易,女,2018-01-11 20:48:18,我，我要去西安！说不定摔一跤就找到一件文物呢[2233娘_大笑],9,14
4715,永不言弃的天狼,男,2018-01-11 19:55:34,我看的时候还不知道PGONE（￣￣）那件事发生后我就说马苏这名字怎么那么耳熟,8,1
4714,moment小莫问,女,2018-01-11 19:20:44,"刚刚去了西安，没有提前预约博物馆，12月26号约的排队到1月6，其实旅游体验真的不是很好，兵马俑的讲解员不错，其它的都感觉一般。
不是不好，只是我还是需要一个讲故事的人。",7,5
4713,神女无期,女,2018-01-11 18:34:32,建议大家看壁画，一定要看这副真是好高大，其它壁画真是不能比。,5,0
4712,曼曼冲鸭,女,2018-01-11 14:09:08,自古长安地,3,0
4711,KenwayJHC,男,2018-01-11 13:04:32,我还是喜欢长安,2,0
4710,邪恶的远古巨人迪迦,保密,2018-01-11 11:18:45,草。每期都有人说断句你们真滴是比高考语文试卷还要严格，各种语文断句弹幕？,9,0
4709,王权道,保密,2018-01-11 04:38:15,"到现在还有人刷国博的，真的不懂。那请你告诉我中国国家博物馆应该放点什么？湖北出去的不能放，那是我们湖北的，河南的不能放，那是我们河南的，陕西的不行，那是我们陕西的。那你特么告诉告诉我，中国国家博物馆应该放点啥！啥特么都别放了好吧，外国人一来，中国国家博物馆怎么什么都没有呢？我们只能说，不好意思，想看＊＊请去陕西，想看＊＊，请去湖南，想看＊＊请去＊＊，我们这啥都没资格放的。
说这种话，真的觉得替你丢人，以后别说自己是中国人，你的格局，充其量是个地级市。",108,5
4708,看神奇晴的神奇羊,保密,2018-01-11 00:00:44,没什么好撕的，个人觉得刷BGM无所谓啊，想安安静静的看关掉弹幕就很安静了啊,4,0
4707,言和今天火了吗,保密,2018-01-10 23:24:21,说真的在别人看喜羊羊的时候，我就守着电视看考古，马王堆，还有那个凌惠平墓都看过，不过现在没什么印象了，现在电视也不播了。小时候真的对于考古特别喜欢，但是又很害怕，我以前的理想就是做一个考古学家，不过那是以前,16,0
4706,Joyce-Trancy,保密,2018-01-10 22:37:51,陕西兵马俑博物馆的铜马车不算省博的吗？十一月份刚刚去看过，绝对是整个陕西的镇省之宝、镇国之宝也不为过！！！太喜欢了！！！秦始皇是我最羡慕的手办之王~~,10,5
4705,木易曰黑土,保密,2018-01-10 22:00:46,话说要是9大博物馆都播完了，还有吗qwq,0,1
4704,sskux,保密,2018-01-10 21:47:22,醉了有些明星黑子不想看出去，到哪都要黑一波，什么恩怨你出去解决别挡人家看视频。,10,0
4703,夜夜ha,女,2018-01-10 21:05:03,说真的为什么要烦他们刷bgm的呢？自己喜欢的音乐被用来做这么好的节目激动刷一刷也没什么啊，就像自己喜欢的明星来做演说，那么多名字，也没人说刷明星名字的烦啊……,14,0
4702,阿狸尕刀,男,2018-01-10 20:56:56,这两期看下来发现大秦给后代留下了太多的传承，大秦是个神奇的国度,9,2
4701,N-U-D-T,保密,2018-01-10 20:30:39,后悔没早几天看，现在看着马苏。。。。。。。玷污国宝啊，心里好不舒服。,14,7
4700,Thebbqinforest,男,2018-01-10 20:27:06,马苏？？？什么意思？？？一脸蒙蔽(???),2,1
4698,速涂人,保密,2018-01-10 20:12:09,想象不到是画在墙壁上的……感觉就像印上去的！,0,0
4697,suju家的小尾巴,女,2018-01-10 20:02:17,想要建筑系男朋友，想去西安玩～,0,0
4696,小_砒霜,女,2018-01-10 19:48:26,刷pgone的是不是有毛病啊，看看这期节目上传的时间行吗？能好好看节目吗？,17,0
4695,上官さん,男,2018-01-10 19:07:40,陕西博物馆这次没有拿出压箱底的东西啊……,0,4
4694,绝情的旺财,男,2018-01-10 18:56:45,央视爸爸这波，被马苏坑了一下,8,0
4693,小夕嘻嘻,女,2018-01-10 17:42:46,马苏人品咋啦？求科普,3,2
4692,St_Egoista,男,2018-01-10 15:25:03,大一暑假去了欧洲，真的是感慨万千。他们的很多建筑内部虽然早已经现代化，但建筑本身都是保留百年，不论走在什么地方，都能够感受到历史和文化的气息。作为中国人，我是又自豪又惋惜，我们的历史丝毫不逊色于其他任何国家和地区，但是我走在大街是却只能看见零星的古代建筑，而且有一部分还是我们后人仿建的，真的希望有更多的城市能够修建我们自己风格的建筑，不要让历史只能在博物馆和书籍电影中才能感受到,9,5
4690,萌萌哒的柱子哥,男,2018-01-10 12:17:08,视频很好 弹幕却有点不舒服 我知道你们自豪 但没必要每个博物馆一出来就什么那啥那啥 没必要,6,0
4689,头等舱的西兰花,保密,2018-01-10 12:06:22,看到弹幕里说服装不对应该穿汉服的，我只想说一句：MDZZ！各种古装剧里刷服装不对简直有病。不过是懂个皮毛就嚷嚷“这不是汉服这是和服”，“这不是XX应该用XX”，才读了几年书就开始装，你了解的有史学家多？有专业的多？你看过各大博物馆里的古代服装么就在这瞎BB，央视难道不会比你讲究这些？真NM看着生气。,24,2
4688,妹妹说我是绅士,男,2018-01-10 10:28:37,这是关于中国纪录片撕逼最少的纪录片，没有**就是好,3,8
4687,啊啊啊啊啊里噜呀,保密,2018-01-10 10:17:54,对不起马苏不看:）请央视粑粑严格考核守护人,5,3
4686,榴花女神,保密,2018-01-10 01:12:35,一定要每个bgm出来都刷一波弹幕吗[小电视_发愁],0,0
4685,F锁清秋,保密,2018-01-10 00:42:48,贡献评论√,0,0
4684,粟田口大嫂b,女,2018-01-10 00:42:11,4677楼麻烦大家举报一下，不管怎样请你尊重一下演员好嘛？,0,2
4683,泠然御风,保密,2018-01-10 00:06:44,若传国玉玺仍在，何等震撼！！c(`Д?)?,5,2
4682,泠然御风,保密,2018-01-10 00:05:11,苏秦：臣是老实人（￣￣）,5,0
4681,泠然御风,保密,2018-01-10 00:05:00,老祖宗的好多技术，如今都成别人的专利了（￣へ￣）,0,0
4680,双木的长然,保密,2018-01-09 23:24:21,Mo ma da,3,0
4679,醉酒暮长歌,女,2018-01-09 22:49:06,真的非常喜欢这个节目！希望会有很多很多很多期！以及弹幕里刷剑三门派的大家一起举报一下吧，现在有的人弹幕礼仪都没有了吗？没人关心你游戏里儿子女儿什么样只觉得很恶熏←_←,6,0
4678,王权道,保密,2018-01-09 22:31:58,竟然有人吐槽马苏那段的表演，woc，你平时欣赏的都啥水平？？,1,2
4676,wifi君的陈情,保密,2018-01-09 21:34:43,壮哉我大西安,2,0
4675,社保了谢谢茄子,男,2018-01-09 21:15:17,妖猫记的杨贵妃很好看,2,2
4674,长千曲,保密,2018-01-09 21:08:27,西安人欢迎大家来一览盛世长安XD,4,0
4673,黑锋骑士依旧扯淡,保密,2018-01-09 21:03:18,"两大辣眼睛关键词，芦苇与屁鸡汪
建议弹幕屏蔽，不用感谢我。",4,0
4672,叁千本体是胖次パンシ,保密,2018-01-09 20:49:26,请各位不要刷bgm了好吗。我华夏国宝怎能让一首曲子抢了风头。,4,3
4671,逃出宫的膳食,保密,2018-01-09 20:05:32,"好想去唐朝(｀?ω??)包吃包住报销路费还送回礼(｀?ω??)

只见，陕西历史博物馆默默拿出虎符：“就问你服不服”",2,0
844,不要抢我白起老公,保密,2017-12-25 00:18:38,旅游攻略手册，艾玛笑死我了,0,0
843,愿请繁星飒踏来,保密,2017-12-25 00:18:36,赶紧￡(｀?ω??),0,0
842,Leinad_Evol_I,保密,2017-12-25 00:18:35,前1000？？,0,0
841,戴眼镜的鬼,女,2017-12-25 00:18:33,圣诞快乐！,0,0
840,一只想独立的雪雪,男,2017-12-25 00:18:09,前1000,0,0
839,圣晶石堆,保密,2017-12-25 00:17:59,人真不少,0,0
838,我老了，,男,2017-12-25 00:17:46,陕西历史博物馆，中国第一座大型现代化国家级博物馆。馆藏文物171.795万余件（在节目中的九个博物馆中，仅次于故宫186万余件），其中，一级文物762件（组），国宝级文物18件（组），居中国博物馆最前列。馆藏文物上起远古人类初始阶段使用的简单石器，下至1840年前社会生活中的各类器物，时间跨度长达一百多万年（给我一天，还你百万年）。文物不仅数量多、种类全，而且品位高、价值广。镇馆之宝通常为唐镶金兽首玛瑙杯（曾有价值半个香港之称）、西汉皇后玺（吕后御玺），秦杜虎符（节目中展示）和唐鎏金舞马衔杯纹银壶（这个超希望和何家村葡萄花鸟纹银香囊一起展出的说，这样唐玄宗和杨贵妃又能在一起了）等。陕西历史博物馆建筑的外观着意突出了盛唐风采，长安自古帝王都，历史上先后有周、秦、汉、隋、唐等十三个封建王朝在此建都，见证着中华民族统一多民族国家的起、兴、荣、盛，具有丰富的地上地下文物，形成了陕西独特的历史文化风貌。很多网友搞不清我馆的全名，我馆全名是‘’陕西历史博物馆‘’，陕西后面没有‘’省‘’字，此名是经过八年时间不断反复论证，于1985年10月才最终定为现名的，没有‘’省‘’字，就是为了突出是国家级博物馆。所以我馆的简称不叫省博，叫‘’陕历博‘’或者‘’陕博‘’。陕西省内国有可移动文物收藏量3009455套7748750件，总数位列全国第二名（仅次于北京）、总量占全国12.09%。其中在全国禁止出境展览的64件展品（国宝中的国宝）中，由陕西省出土的文物达16件，是全国34个省市区之首。现在12件分布于陕西省的各个博物馆中（西安市和宝鸡市），其余的全部永久珍藏于国家博物院。,236,14
837,异水小咩,保密,2017-12-25 00:17:45,前九百,0,0
836,ohmymaster,男,2017-12-25 00:17:44,趁圣诞过来看我们国家的宝藏,1,0
835,于三娘,女,2017-12-25 00:17:40,还好今天没有太让大家久等。诚惶诚恐地送上第四篇大考卷子，愿能不辜负诸君的热盼。赳赳老秦，煌煌大唐，战战兢兢，娓娓道来～,9688,253
834,进水可桂,男,2017-12-25 00:17:39,大唐盛世,1,0
833,土拨鼠QvQ,女,2017-12-25 00:17:38,啊啊啊啊啊啊啊前九百！！,0,0
832,紫色的夏天x,女,2017-12-25 00:17:38,哇哦（￣￣）,0,0
831,あいしてるAsuna,男,2017-12-25 00:17:34,让不让人睡觉了？？？？,0,0
830,Jennie邪魅一笑,保密,2017-12-25 00:17:33,刚看完第三期的我，惊喜的发现了第四期,0,0
829,西行寺之女,男,2017-12-25 00:17:32,我是831,0,0
828,二爻爻,女,2017-12-25 00:17:32,居然是前一千！！！！(???),0,0
827,漫漫古音,女,2017-12-25 00:17:30,投币，点赞，缓存,0,0
826,-万年竹,保密,2017-12-25 00:17:29,十六分钟前！！,0,0
825,穷碧落尽九泉,男,2017-12-25 00:17:24,半夜不睡觉看这个[小电视_赞],0,0
823,暴力泰坦尼克,男,2017-12-25 00:17:16,赳赳老秦，共赴国难！,0,0
822,蘑菇酱多希,女,2017-12-25 00:17:10,嘿呦喂，留名,1,0
821,灰胖小笼包,女,2017-12-25 00:17:09,820吗,0,0
819,夏月の香薷,女,2017-12-25 00:16:57,陕西人按爪，都来留个言,1,0
818,-Neuropathy-,男,2017-12-25 00:16:48,给国立老师疯狂打电话,1,0
817,坂田银子的灾难,保密,2017-12-25 00:16:45,1000能进吗？,0,0
816,卿相_鹤青,女,2017-12-25 00:16:43,央爸的合作对象已经不是松巴了。几年前就和音著协签了天价协议，凡是注册过音乐版权的所有音乐都可以直接拿来用。并且中国音著协是世界音著协会员，全球会员国之间具有代理权，也就是说别国注册过版权的音乐央视也可以通过代理直接拿来用。（来自网易云音乐歌单国家宝藏热评）请不要再刷什么有无版权这个问题了，央视怎么会没有版权呢？对吧[小电视_笑],8193,185
815,纳兰晓悠,女,2017-12-25 00:16:42,前一千！,0,0
814,绚藤沙罗,女,2017-12-25 00:16:39,为大陕西打call,0,0
813,TOMUnyielding,保密,2017-12-25 00:16:37,啦啦啦,0,0
812,果果bilibili,保密,2017-12-25 00:16:37,803,0,0
811,远离科学,保密,2017-12-25 00:16:31,第一次这么前！缓存明天看,2,0
810,遇见你家喵,保密,2017-12-25 00:16:29,啦啦啦，修仙党很开心,0,0
809,武能撕青椒,保密,2017-12-25 00:16:29,去陕西历史博物馆看过，带着讲解器一个个的听。特别喜欢，今天看了妖猫传，好喜欢里面的唐朝,0,0
808,盖饭星人,男,2017-12-25 00:16:26,"西安地铁施工队:“头儿，我们又挖出一个明朝墓!”[小A和小B_报警]
领导:“啥？这种小事也汇报？自己看着办!”[小A和小B_摊手]",3,0
807,深海苍岚,女,2017-12-25 00:16:23,先投币分享评论前排弹幕了在看,0,0
806,TUZIKK,女,2017-12-25 00:16:19,认命地拿起了耳机,0,0
805,玄鸟子喵,保密,2017-12-25 00:16:18,我觉得我明天起来看的时候要屏蔽圣诞弹幕……,3,0
804,月光下的叶砸,女,2017-12-25 00:16:16,刚从外面回来，缓存了再说,0,0
803,熊熊的小窝,男,2017-12-25 00:16:14,前一千(｀?ω??),0,0
802,苏花落,保密,2017-12-25 00:16:01,前600,0,0
801,我看你是个棒槌,保密,2017-12-25 00:15:41,1000内！,0,0
800,sorcherry,保密,2017-12-25 00:15:38,"(转载于舌尖上的中国第二季Armin叔评论)
1. 我在故宫修文物av3924328
2. 国脉・中国国家博物馆av4152415
3. 御膳房av4004813
4. 帝陵 av4619981
5. 中国通史av5670296
6. 北京中轴线av4378167
7. 大明宫av1730716
8. 大运河av4139898
9. 超级工程av6456542
10.航拍中国av8320409
11.舌尖上的中国第一季av3585546， 
第二季av4231881
12.长城av3122019
13.楚国八百年****2037
14.台北故宫av3578648
15.汉字五千年av250263
16.河西走廊av2229874
17.新丝绸之路av1242179
18.史说汉字av2483589
19.海昏侯大墓av3563428
20.复活的军团av522440
21.圆明园av1563053
22.东方帝王谷av2484328
23.望长安av4686831
24.布衣中国av8802176
25.大汉帝国av5332988
26.中华文明av3479721
27.历史的拐点av5957522
28.世界遗产在中国av4734362
29.再说长江av2120529
30.美丽中国av2251606
31.敦煌av5031538
32.敦煌画派****40353
33.与全世界做生意av2837502
34.留住手艺av3193310
35.第三极av8668069 
36.当卢浮宫遇见紫禁城av1458232
37.天河av2933029
38.光阴・西藏的西藏av4471131
39.中国高铁av9701763
40.筑梦路上av5053430
41.故宫100av4114589
42.我们诞生在中国av7346616
43.锦绣纪av6294513
44.古兵器大揭秘av5838576
45.大国重器av1806333
46.寻味顺德av4673559
47.味道云南av3692768
48.客从合出来av1088790
49.南宋av3613036
50.神秘的西夏av4670883",1,0
799,_敬娴兮,女,2017-12-25 00:15:36,前九百，明天看，睡了,0,0
798,一手摧残,男,2017-12-25 00:15:35,本来还想留着明天早上看的呢,1,0
797,奇异果失联,保密,2017-12-25 00:15:21,"本期介绍的三件国宝：
1.唐・葡萄花鸟纹银香囊。香囊外壁用银制，呈圆球形，通体镂空，以中部水平线为界平均分割成两个半球形，上下球体之间，以子母扣套合。此银香囊制作过程复杂，设计科学与巧妙，令今人叹绝。据传玄宗在马嵬坡赐死杨贵妃，后来自蜀地重返京都，念及旧情，密令改葬。当挖开旧冢时，发现当初埋葬时用于裹尸的紫色褥子以及尸体都已经腐烂，唯有香囊还好好的。

2.杜虎符，它是一只小小的老虎，却能调动千军万马，秦军武士都要听它号令。虎符上有错金铭文9行40字：“兵甲之符。右才(在)君，左在杜。凡兴士被甲，用兵五十人以上，必会君符，乃敢行之。燔燧之事，虽母(毋)会符，行殴(也)。”虎符“右在君，左在杜”，意思是说右半符存君王之处，左半符在杜地的军事长官手中，凡要调动军队五十人以上，杜地的左符就要与君王的右符会合，才能行军令。但遇有紧急情况，可以点燃烽火，不必会君王的右符。

3.阙楼仪仗图，懿德太子李重润是唐中宗李显的长子，高宗李治与武则天的孙子。大足元年遭谗言被武则天杖杀，时年19岁，中宗复位后，于神龙二年，以太子身份陪葬乾陵并号墓为陵。阙楼图是懿德太子墓壁画的一部分。巍峨的红色阙楼图，反映了皇家建筑的豪华气派和懿德太子生前的显赫地位，可以说是太子大朝时的情景再现。

另外，陕博这三件国宝虽不如吕后印，兽首杯，三王壶等知名度高。但确实是质量高，工艺精美并有着悠久历史的国宝。并且，也是很好编小剧场的国宝。第三期的弹幕说实话真的没法看，也有很多朋友反应小剧场没有前两期的精彩。历史越悠久的国宝，文字记录也会很少，甚至于没有一星半点的记录，所以小剧场只能靠小编开脑洞。本期的小剧场还是很精彩的，大家要为节目组疯狂打电话哦～",266,8
796,络合泥城,男,2017-12-25 00:15:20,"改正重发。最近两天上映的妖猫传和今天cctv播放的国家宝藏第三期一定是最好的安排?。只不过电影中陪杨玉环到最后的是黑猫，国家宝藏中是香囊。不管哪一个都好喜欢。还有就是2018送女友最佳礼物????――葡萄花鸟纹银香囊。（刚看了一下只能感叹一句某宝真是无所不能，低的几十包邮。广告语:香囊恒久远一枚永流传）????
妖猫传（推荐看，不要信什么评分。和捉妖记不是同类型的。算得上是盛唐文化之旅。把国家宝藏的第三个小剧场的唐朝建筑形象生动展示在你面前）",9,2
795,哆啦的喵,保密,2017-12-25 00:15:17,挤进前一千,0,0
794,花篮下雨,男,2017-12-25 00:15:15,"这次陕博拿出来的三样国宝，作为陕西人、西安人，从个人外行（看热闹）的角度来看还有一些很珍贵的的国宝（我知道你要说怕国博了），在这里想和大家分享一些我眼中极具价值的家乡国宝（在陕西文物很多，博物馆也很多，顶级国宝也不一定全都在陕博存放，还有法门寺和碑林博物馆等）。      
――――分割线――――
――――分割线――――

兽首玛瑙杯（鉴于之前湖北展出了两件镇馆之宝，我强烈感觉会展出这个，结果没有），全名为镶金兽首玛瑙杯，陕博镇馆之宝。唐代酒器，利用玉料的俏色纹理雕琢而成，杯体为角状兽首形，兽双角为杯柄。嘴部镶金帽，眼、耳、鼻皆刻划细微精确。唐兽首玛瑙杯是唐代玉雕艺术的精品，是至今所见的唐代唯一一件俏色玉雕。
铜浮屠又称鎏金浮屠，金银器，唐代文物，现藏于宝鸡法门寺博物馆。模铸成型，精致玲珑，四角正方形亭单层阁式，分为塔基、塔身、塔刹三部分。第四枚佛指舍利（真 佛祖指骨舍利）就在鎏金伽陵频迦鸟纹银棺的棺盖内。
八重宝函，唐懿宗赐赠金银器，是供奉佛祖释加牟尼真身佛指舍利（影骨舍利，即假的，用来受人供奉或糊弄灭佛的天子，但也极具历史价值）的一套盒函，宝函由八层构成，极尽之精美。
大秦景教流行中国碑，藏于西安碑林。景净（波斯传教士）撰，吕秀岩（吕洞宾，是的就是他，确有其人，道教人物）书并题额。大秦景教（基督教）流行碑是指吐火罗人伊斯（景净）受唐政府资助在国都长安义宁坊大秦寺修建。

其余还有很多极具价值的文物，有些耳熟能详的我就不废话了（兵马俑、唐三彩什么的），此外还有秦陵、乾陵（李世民）、昭陵（唐高宗、武则天）之墓由于众所周知的原因不曾挖掘，其中有何，无人敢想、可想（据说王羲之《兰亭集序》、钟繇墨宝就在昭陵之内），就说这四个吧（感兴趣大家在百度一下），哦，对了，以上四宝都是不出境展示文物。
中华上下五千年，祖宗留下来的不只有美景美食，还有那荡气回肠的历史，请大家有机会不妨去一下博物馆，去之前了解这些文物背后的故事，这样你看到的不仅仅是文物本身，还有他所承载的绵延不断的华夏文明。中华民族是最应该好好学历史的民族。激动之余码了这么些个废话，语句不通，如有弊漏请随意指责。最后再废话一句：圣诞快乐，陕西欢迎您。",19,9
793,甜崽的小卷毛,保密,2017-12-25 00:15:13,你们好快,0,0
792,酣睡sy,女,2017-12-25 00:15:12,这也太快了,0,0
791,你喜欢春天的熊吗,女,2017-12-25 00:15:12,圣诞快乐大家,1,0
790,色彩美丽,女,2017-12-25 00:15:12,这次好快呀0点就更了，官方终于不是1级官方了,0,0
789,isabel是你爸,女,2017-12-25 00:15:08,前排为国宝打call,0,0
788,沐倾欢,保密,2017-12-25 00:15:00,看之前先留个爪印,1,0
787,素衣Sama,保密,2017-12-25 00:15:00,来了来了,0,0
786,F锁清秋,保密,2017-12-25 00:14:57,三个文物都讲的好～(￣￣～),0,0
785,爱不一定做才叫爱,男,2017-12-25 00:14:53,"陕西历史博物馆，中国第一座大型现代化国家级博物馆，首批中国“4A”级旅游景点，被誉为“古都明珠，华夏宝库”。位于陕西省西安市雁塔区小寨东路91号，大雁塔西北侧。馆藏文物171.795万件（组）其中，一.级文物762件（组），国，宝，级，文物18件（组），其中2件为首批禁止出国（境）展览文物，居中国博物馆前列。
陕西历史博物馆建筑的外观着意突出了盛唐风采，长安自古帝王都，历史上先后有周、秦、汉、隋、唐等十三个封建王朝在此建都，具有丰富的地上地下文物，形成了陕西独特的历史文化风貌。
陕西历史博物馆前身为民，国三十三年（1944年）六月成立的“陕西省历史博物馆”，1950年改称西北历史陈列馆，1952年改称西北历史博物馆，1955年6月改称陕西省博物馆。1983年，根据周，恩，来总，理生前指示，开始在现址筹建新馆，1986年夏破土动工，1991年6月20日正式建成开放，并定名现名2016年，陕西历史博物馆被中国文物学会、中国建筑学会评选入“中国20世纪建筑遗产”
2008年，陕西历史博物馆被评为国家一，级博物馆，2009年被确定为中，央地方共建国家级重点博物馆。馆区占地 6.5万平方米。建筑面积5.56万平方米，文物库区面积8千平方米，展厅面积1.1万平方米。馆藏文物上起远古人类初始阶段使用的简单石器，下至1840年前社会生活中的各类器物，时间跨度长达一百多万年。文物不仅数量多、种类全，而且品位高、价值广。西北各省区，陕西为一。",13,1
784,聪OvO,保密,2017-12-25 00:14:52,前一千！,0,0
783,但将执念做残念,保密,2017-12-25 00:14:51,故宫博物馆最开始不是个男馆长么？求科普(=?ω?=),1,1
782,苍术混白术,保密,2017-12-25 00:14:37,下载进行时(⌒⌒),0,0
781,克洛雷斯,男,2017-12-25 00:14:35,前一千[小电视_赞],0,0
780,画房子的程序猿,保密,2017-12-25 00:14:31,人家过圣诞，我来给国宝打电话,2,0
779,青山载甜酒,保密,2017-12-25 00:14:30,"第一件银香囊，叉宝有仿品啊，高仿大概一千多，有兴趣可以买个回来。
还有李静训项链。",0,0
778,千岛梅花鹿,女,2017-12-25 00:14:23,陕历博陕历博陕历博！,1,0
777,方思柔,女,2017-12-25 00:14:18,哇！！！！,0,0
776,路人AIxx,保密,2017-12-25 00:14:15,先投币先投币明天看明天看[芮小凸小凹_哼],0,0
775,栗鼠九,保密,2017-12-25 00:14:14,前800嘻嘻,0,0
773,秦由由由由,保密,2017-12-25 00:14:11,比心心(?￣△￣)?,0,0
772,别点赞别回复,保密,2017-12-25 00:14:07,不过平安夜也不过圣诞节，没睡，就是为了等着点赞投币观看分享[小电视_赞],1,0
771,火星千宇,女,2017-12-25 00:14:05,今天是晚睡福利吗？(｀?ω??),0,0
770,伊比诺,男,2017-12-25 00:14:04,修仙党的福利……,0,0
769,儿童游乐场,保密,2017-12-25 00:13:58,800,0,0
768,落※雨,男,2017-12-25 00:13:56,这人数。。还是深夜嘛,0,0
767,qmkosd,保密,2017-12-25 00:13:55,前900留言，明天看，睡了,0,1
766,哔哩哔哩哗哗boom,保密,2017-12-25 00:13:54,哇！深夜福利！,0,0
765,不要过来呀CAD,男,2017-12-25 00:13:54,打卡，明早看。,0,0
764,香菜拌苦瓜,男,2017-12-25 00:13:51,伏地魔还是干不过你们这群老鹰B，一直刷新等着，还是。。。[小电视_哭泣],0,0
763,幼稚的小孩字,保密,2017-12-25 00:13:50,前1000,0,0
762,繁华之外,保密,2017-12-25 00:13:47,更新啦,0,0
761,霓裳羽衣ウ,保密,2017-12-25 00:13:43,能上个800楼吗？留着明天起来看2333,0,0
760,苏妃家的槿汐,女,2017-12-25 00:13:43,来啦来啦，白天看～～～,0,0
759,怎么了妹子,保密,2017-12-25 00:13:42,所谓圣诞节有什么过的？一个以色列人的生日，值得我们至少三千年文明的华夏子孙庆祝吗？,3,0
758,挪威撩神的迷妹,女,2017-12-25 00:13:38,哇哦⊙?⊙！,0,0
757,chen32peng,男,2017-12-25 00:13:38,挤进前一千,0,0
756,大乘虚怀苦,男,2017-12-25 00:13:28,"是否有名从来就不是评价一件文物优劣的标准
                                                                       ――鲁迅",2,0
755,如一_____,保密,2017-12-25 00:13:27,这也太快了,1,0
754,菲妮SAMA,保密,2017-12-25 00:13:26,更了更了更l,0,0
753,潇湘樱藤,保密,2017-12-25 00:13:26,在住院的我默默开启了流量,2,0
752,怡宇521,保密,2017-12-25 00:13:20,前排，下载完明天看,0,0
751,一年两个字太短,男,2017-12-25 00:13:19,央视的圣诞礼物，暂不讨论什么洋节不洋节，央视爸爸也是有心。?,1,0
750,安度因・污瑞恩,男,2017-12-25 00:13:15,我怕是要跌出1000了,0,0
749,LoveStella,保密,2017-12-25 00:13:14,刷新打卡！,0,0
748,混沌二泣,男,2017-12-25 00:13:13,同样的时长，这一期大了六百多兆，壮哉我陕博,6,1
747,小凶S,男,2017-12-25 00:13:11,一个个抢楼这么快，都是没有x生活的单身狗吧？(?；ω；`),1,0
746,樾下祁,女,2017-12-25 00:13:09,先留个名 （￣￣）明早看 （4G伤不起啊）,0,0
745,霖纱啊,保密,2017-12-25 00:13:08,已经在电视上看过一次了不过瘾，再来看弹幕版(°?°)?,0,0
744,亲爱的齐越,保密,2017-12-25 00:13:06,又有新的看了，开心[小电视_太太喜欢][小电视_太太喜欢],0,0
743,raylyl,女,2017-12-25 00:13:03,被迫修仙[小A和小B_低头],1,0
742,南之夭,保密,2017-12-25 00:13:03,哈哈，昨晚在CCTV3上看完啦,0,0
741,伍大毛biu,保密,2017-12-25 00:13:01,前八百,0,0
740,菜二话不多,女,2017-12-25 00:12:58,这么多人没睡啊,0,0
739,人渣学渣废渣的muzi,保密,2017-12-25 00:12:58,第一第一!,0,0
738,巨可爱_sama,男,2017-12-25 00:12:54,打call，占前排！！！！,0,0
737,地恩杰,男,2017-12-25 00:12:53,我就700了吗？,0,0
736,卡绝,保密,2017-12-25 00:12:51,前500？[2233娘_大笑],0,0
735,林小布,男,2017-12-25 00:12:50,忍住忍住，明天再看,1,0
734,伍大毛biu,保密,2017-12-25 00:12:45,留言留言,0,0
733,L凰歌,保密,2017-12-25 00:12:44,前1000吗！！！,0,0
732,天翼很坏,男,2017-12-25 00:12:43,抢滩登陆啊,0,0
731,SapphireSung,女,2017-12-25 00:12:41,考完研啦，来看国家宝藏！,0,0
730,地恩杰,男,2017-12-25 00:12:40,？？？,0,0
729,飞飞咻咻咻,保密,2017-12-25 00:12:40,大半夜的这么多人！,0,0
728,玄涧九,男,2017-12-25 00:12:38,明天看,0,0
727,芝兰生庭阶,保密,2017-12-25 00:12:38,周指活系列(=?ω?=),2,0
726,尤尤尤尤燃,女,2017-12-25 00:12:37,欧晚安,0,0
725,Bili_37645918,保密,2017-12-25 00:12:36,弹幕养肥点在看，忍住(=?ω?=),2,0
724,o别扭u,女,2017-12-25 00:12:31,哇哦！,0,0
723,intervention200,男,2017-12-25 00:12:31,前一千，壮哉我大秦帝国，壮哉我汉唐盛世！,0,0
722,卿源哥哥,男,2017-12-25 00:12:30,前八百,0,0
721,一程sama,保密,2017-12-25 00:12:29,留名啊，大家真迅速,0,0
720,我的世界理想三旬,保密,2017-12-25 00:12:29,来了????,0,0
719,请直走不左转,保密,2017-12-25 00:12:27,哇，好快,0,0
718,男孩男孩卖珠宝,男,2017-12-25 00:12:25,噜啦啦,0,0
717,寻川_,女,2017-12-25 00:12:24,抢不到500，抢个1000吧r(￣￣)q,0,0
716,最讨厌内裤了,保密,2017-12-25 00:12:21,深夜福利~~~,0,0
715,精神病院派来的猴子,保密,2017-12-25 00:12:17,前排啊,0,0
714,明庭主人,女,2017-12-25 00:12:15,前1000打卡！！,0,0
713,哎呦你这么棒啊,女,2017-12-25 00:12:15,今天好快啊～～,0,0
712,樱花吃土女王,女,2017-12-25 00:12:13,哇打call!,0,0
711,伯纳乌齐达内,男,2017-12-25 00:12:12,前5000留名,0,0
710,淡音清雨,女,2017-12-25 00:12:09,啊啊啊喜欢香囊,0,0
709,Q_,保密,2017-12-25 00:12:09,你们都不睡的吗？！这么快？,0,0
708,star球,男,2017-12-25 00:12:05,太夸张了就1分钟这么多人,0,0
707,盲目奔跑的小布丁,女,2017-12-25 00:12:00,来啦来啦来啦,0,0
706,如梦刘,保密,2017-12-25 00:11:59,前1000！,0,0
705,牛奶咖啡不加糖のyuuki,保密,2017-12-25 00:11:58,先缓存为敬,0,0
704,一片凡叶一遮天,保密,2017-12-25 00:11:57,卧槽，修仙党福利！,1,0
703,ffff常道,保密,2017-12-25 00:11:56,娃啊啊啊前！,1,0
702,h子Ooooh,女,2017-12-25 00:11:46,唐???,0,0
701,胡萝卜小明,保密,2017-12-25 00:11:46,这么快吗,0,0
700,紫夕风,男,2017-12-25 00:11:42,我又来了，今天感觉其实…香囊跟虎符我都挺喜欢，仪仗图就一般般了。,0,0
699,ROACHgs,男,2017-12-25 00:11:41,逼迫我修仙,0,0
698,勿与林,保密,2017-12-25 00:11:40,啦啦啦啦(??),0,0
697,哈尔不是流氓,保密,2017-12-25 00:11:40,现在放出来看来只有明天看了[小电视_发愁]现在看的话看完睡觉就晚了[小电视_发愁],1,0
696,凰宁,保密,2017-12-25 00:11:38,这么晚～,0,0
695,圈不好打,女,2017-12-25 00:11:37,哇这么早就发了！感谢官方(??ω`?),0,0
694,k-future,保密,2017-12-25 00:11:36,都掐着点来看的呢，这才几分钟，这么多播放量,0,0
693,命运螺丝钉,保密,2017-12-25 00:11:35,前700留名,0,0
692,周星星学长,保密,2017-12-25 00:11:35,1000？,0,0
691,阿谢子,女,2017-12-25 00:11:33,感觉还是刘涛气场足啊,0,0
690,-买买提不卖羊肉串哟,女,2017-12-25 00:11:31,打卡！！！打卡[小电视_害羞][小电视_害羞][小电视_害羞],0,0
689,亘古的月,保密,2017-12-25 00:11:30,第300么,0,2
688,水千瑶韵,女,2017-12-25 00:11:29,十一分钟，我猜现在还没转码完，明天我再来看，国家宝藏，晚安,0,0
687,我已经单身了500年,男,2017-12-25 00:11:25,我c，你们什么手速,0,0
686,lemoQo,男,2017-12-25 00:11:18,(=?ω?=),0,0
685,糖醋包子,保密,2017-12-25 00:11:17,来了~~,0,0
684,mrmrwave,男,2017-12-25 00:11:16,来得早呀,0,0
683,starting001,女,2017-12-25 00:11:15,我了个去！我还要上班的（/TДT)/,0,0
682,鹤歆魇瞑,男,2017-12-25 00:11:14,等了好久终于等到,0,0
681,少年蓝的六六,保密,2017-12-25 00:11:14,(=?ω?=),0,0
680,一片凡叶一遮天,保密,2017-12-25 00:11:10,.....,0,0
679,季李木子,保密,2017-12-25 00:11:09,大佬，才十分钟而已,0,0
678,CiErEr,女,2017-12-25 00:11:01,让弹幕飞一会,1,0
677,小喵爪拍鱼,保密,2017-12-25 00:10:56,哇！！！来啦！！,0,0
676,但将执念做残念,保密,2017-12-25 00:10:52,10分钟，这楼是第几层呢？,0,0
675,赵面瘫,保密,2017-12-25 00:10:48,嘿哈！,0,0
674,谁家丢了只狐狸,保密,2017-12-25 00:10:48,晚睡福利～,1,0
673,风烟封妖,保密,2017-12-25 00:10:43,我！来！了！,0,0
672,dade1207,男,2017-12-25 00:10:41,哇！好准时,0,0
671,调皮的小杰瑞,女,2017-12-25 00:10:37,前七百，哇咔咔,0,0
670,深夜逛寡妇村,女,2017-12-25 00:10:36,先收藏，白天再看(?￣△￣)?,0,0
669,轮回流转,保密,2017-12-25 00:10:30,我的天，猴鸡冻啊！,0,0
668,chengjinsone,保密,2017-12-25 00:10:29,拒绝休仙，早上再看。,0,0
667,冲鸭鸭,男,2017-12-25 00:10:28,快睡啊大家！熬夜脱发！,0,0
666,一王二木,保密,2017-12-25 00:10:26,前一千（￣￣）,0,1
665,始于暖恪于心,保密,2017-12-25 00:10:26,起来嗨嗨嗨嗨嗨嗨嗨嗨嗨嗨嗨嗨,0,0
664,壹号账号,保密,2017-12-25 00:10:26,前1000,0,0
663,相思小姐,保密,2017-12-25 00:10:25,大家大晚上不睡觉的么，这么多人（￣￣）,0,0
662,热血男孩1994,男,2017-12-25 00:10:23,（⌒⌒）看得我好膨胀，中国文化源远流长，先插会儿腰,1,0
661,拉斐尔乔,女,2017-12-25 00:10:22,先留名~,0,0
660,绝龙神吼_新星爆碎,保密,2017-12-25 00:10:21,河南洛阳人来支持一波陕历博！先评论后看,0,0
659,下班冰红茶,保密,2017-12-25 00:10:20,留名了,0,0
658,云胡_,女,2017-12-25 00:10:19,前！！！,0,0
657,大云OwO,保密,2017-12-25 00:10:19,看完再睡！,0,0
656,清苑泣花,女,2017-12-25 00:10:19,好吧一点都不前了(;???Д??`),0,0
655,Yukiho_ss,女,2017-12-25 00:10:19,啊啊啊啊啊,0,0
654,想让账号回来的咸鱼,女,2017-12-25 00:10:17,遵守弹幕礼仪，善用举报功能，创和平环境，人人有责！,0,0
653,肖雨北,女,2017-12-25 00:10:15,前一千,0,0
652,七宝的春天,保密,2017-12-25 00:10:15,终于更新了,0,0
651,我擅长发胖,女,2017-12-25 00:10:12,我来了哈哈哈我能熬,0,0
650,小黑妹我女神,男,2017-12-25 00:10:08,每次都是睡觉前投稿，身体撑不住啊,0,0
649,怎么了妹子,保密,2017-12-25 00:10:04,定都洛阳天下分，定都长安天下合，大陕西是中华之福地啊。,1,0
648,阿斯顿林肯郡,女,2017-12-25 00:10:04,就为这个一直没睡啊啊啊啊,0,0
647,顾家的叶子-滚去学习,女,2017-12-25 00:10:03,央视爸爸圣诞节快乐(??ω??)??,0,0
646,常清丶,男,2017-12-25 00:10:02,哦吼(｀?ω??)圣诞惊喜,0,0
645,江小妹,女,2017-12-25 00:10:01,为国修仙,0,0
644,东池小鱼,保密,2017-12-25 00:10:01,来了来了,0,0
643,一朵云格子,女,2017-12-25 00:09:59,前排打卡,0,0
642,瀛瀛joey,女,2017-12-25 00:09:57,终于更新了,1,0
641,阿鱼锅锅爱吃鱼,女,2017-12-25 00:09:50,前排，我来啦????，祝大家圣诞快乐,0,0
640,yukkiiiiiii,保密,2017-12-25 00:09:49,！！！！！深夜福利,0,0
639,Sherry淡沫,女,2017-12-25 00:09:46,八分钟前。来了这么多人了？？？？,0,0
638,清苑泣花,女,2017-12-25 00:09:45,前！！！！,0,0
637,梭罗墨想,保密,2017-12-25 00:09:45,520,0,0
636,我真的很穷超穷无敌穷,女,2017-12-25 00:09:45,啊啊啊啊啊啊啊啊,0,0
635,我的偶像是女神经,保密,2017-12-25 00:09:44,我是来求梨花颂无损资源的（梅葆玖先生，李胜素老师，胡文阁老师）随便哪一版都行[正经人_心]先谢谢啦！,1,0
634,废柴取名,女,2017-12-25 00:09:43,修仙党福利？？？,0,0
633,二二二爻,保密,2017-12-25 00:09:43,为陕西打call，为陕历博疯狂打call,2,0
631,王一截,保密,2017-12-25 00:09:37,"陕西历史博物馆――给我一天 还你万年。
为我陕博打call！！！",0,0
630,询博望君兮,保密,2017-12-25 00:09:36,九分钟播放量破3000，厉害了(°?°)?,0,1
629,懒澜白,女,2017-12-25 00:09:33,爱国宝阿,1,0
628,yy2xt,保密,2017-12-25 00:09:30,更新了，哈哈,0,0
627,阿老师的土拨鼠,保密,2017-12-25 00:09:30,前排(=?ω?=),0,0
626,猫咪不戴花,女,2017-12-25 00:09:26,明天再看[小电视_笑],0,0
625,讲声多谢乌蝇哥啊,保密,2017-12-25 00:09:25,你们大晚上的都在干嘛！不好好睡觉修什么仙，害得我都没抢到前排！,0,0
624,懒澜白,女,2017-12-25 00:09:23,已经看了直播但是还是要看一遍高清,1,0
623,LAWHANYAN,男,2017-12-25 00:09:21,前六百？,0,0
622,F锁清秋,保密,2017-12-25 00:09:20,"／　　　 ／ |
　　 Γ￣￣￣￣ |　|
　　 |【]::　　　 |　|
　　 |＿＿_＿＿|　|
　　 |[】::　　　 |　|
　　 |＿＿_＿＿|　|
???? |＿＿_＿＿|　|
.彡／(??ω?)　／|　|
　Γ￣￣￣￣ |　|／
　Ｌ＿＿＿＿|／",0,0
621,SAN叁忌,男,2017-12-25 00:09:19,第一刷！！！,1,0
620,无法解封,保密,2017-12-25 00:09:15,赶紧来看,0,0
619,我真的很穷超穷无敌穷,女,2017-12-25 00:09:15,更新真快,0,0
618,镁蝈的阿爸,男,2017-12-25 00:09:12,十二点更……（￣へ￣）,0,0
617,LAWHANYAN,男,2017-12-25 00:09:12,前七百！！,0,0
616,一只红襟燕,女,2017-12-25 00:09:10,终于等到你[2233娘_耶],0,0
615,顾庭谖,女,2017-12-25 00:09:08,前700打卡,0,0
614,度赋,男,2017-12-25 00:09:08,300,0,0
613,心中尘,保密,2017-12-25 00:09:07,混个前排,0,0
612,懒澜白,女,2017-12-25 00:09:03,Aaaaaaa,0,0
611,笙如夏花之绚烂,保密,2017-12-25 00:09:01,来啦hhh,1,0
610,水蜜桃滚滚,保密,2017-12-25 00:08:59,来打call,0,0
609,GOYOU团子,男,2017-12-25 00:08:59,leileleile,0,0
608,一只滑蛋,保密,2017-12-25 00:08:59,哇呀！更新了！！！,0,0
607,李瑞析,保密,2017-12-25 00:08:55,明天看！！！养肥弹幕！！！,0,0
606,我宁南柯一梦,保密,2017-12-25 00:08:55,啊600,0,0
605,一球卷耳,女,2017-12-25 00:08:53,终于更新啦,0,0
604,黑衣组织33号,女,2017-12-25 00:08:53,这次很快啊！我是先看为敬呢还是等弹幕养肥呢？,0,0
603,MartonMa,男,2017-12-25 00:08:52,应该放马漂亮的照片 放个石头他爸的…好喜庆啊????,0,0
602,言子宗,女,2017-12-25 00:08:52,准备睡觉来着。。。。。。。。。。不睡了，看起来,0,0
601,你不知我知不知道,保密,2017-12-25 00:08:50,前600？,0,0
600,我宁南柯一梦,保密,2017-12-25 00:08:48,我来了我来了我来了！！！！！！！！前700,0,0
599,Bunnyxxxxi,保密,2017-12-25 00:08:47,来了来了,0,0
598,步问风,保密,2017-12-25 00:08:45,"你们陕西男人都是圆脸吗？脑补了下我家嬴政⊙_⊙个高圆脸，长眼挺鼻，身姿挺拔，音似夏磊emmmmmmmmmmmm
圆脸的始皇帝么⊙_⊙",0,6
597,是张媛啊,保密,2017-12-25 00:08:42,啧啧啧，就晚了几分钟，已经来了这么多人,0,0
596,小阳不见了,男,2017-12-25 00:08:41,厉害了！,0,0
595,leisureANDsam,保密,2017-12-25 00:08:38,大家速度好快呀,0,0
594,爱文文文文,保密,2017-12-25 00:08:34,不是说陕西一铲子下去都能挖出来个墓吗？我要去陕西搬砖了,0,1
593,噗咔普咔,保密,2017-12-25 00:08:31,前600,0,0
592,平芜碧,保密,2017-12-25 00:08:30,来了！,0,0
591,二共第一斗士,保密,2017-12-25 00:08:29,啊。。。前100没了,0,0
590,蓝逸1993,男,2017-12-25 00:08:29,留个名吧,0,0
589,玛尔蒂娜,男,2017-12-25 00:08:28,前603多来点,0,0
588,一个机智的女孩子,女,2017-12-25 00:08:26,第一次这么前,0,0
587,LawTseYee,男,2017-12-25 00:08:22,睡前终于等到了 我先睡了 缓存了明天看~大家晚安,0,0
586,糸守V,女,2017-12-25 00:08:20,"陕西历史博物馆，中国第一座大型现代化国家级博物馆，首批中国“AAAA”级旅游景点，被誉为“古都明珠，华夏宝库”。位于陕西省西安市雁塔区小寨东路91号，大雁塔西北侧。馆藏文物171.795万件（组），其中，一级文物762件（组），国宝级文物18件（组），其中2件为首批禁止出国（境）展览文物，居中国博物馆前列。
陕西历史博物馆建筑的外观着意突出了盛唐风采，长安自古帝王都，历史上先后有周、秦、汉、隋、唐等十三个封建王朝在此建都，具有丰富的地上地下文物，形成了陕西独特的历史文化风貌。
陕西历史博物馆前身为民国三十三年（1944年）六月成立的“陕西历史博物馆，2016年，陕西历史博物馆被中国文物学会、中国建筑学会评选入“中国20世纪建筑遗产”。
2008年，陕西历史博物馆被评为国家一级博物馆，2009年被确定为中央地方共建国家级重点博物馆。文物库馆藏文物上起远古人类初始阶段使用的简单石器，下至1840年前社会生活中的各类器物，时间跨度长达一百多万年。文物不仅数量多、种类全，而且品位高、价值广。",18,1
585,CCCCC瓜,女,2017-12-25 00:08:20,熬夜看的带我一个,0,0
584,zcx201011,保密,2017-12-25 00:08:17,打卡打卡,0,0
583,梁上南鸢,女,2017-12-25 00:08:17,天佑我大唐，福祚绵长！,0,0
582,水云汐,保密,2017-12-25 00:08:12,想要国立老师开头的那段台词[2233娘_卖萌],0,0
581,一念却尘思,男,2017-12-25 00:08:12,前580,0,0
580,柒柒四十八,保密,2017-12-25 00:08:09,晚安晚安,1,0
579,羽人过境,男,2017-12-25 00:07:59,(=?ω?=) 如果我还在前一千。。。那么说明我来早了。,0,0
578,霜涉星走,男,2017-12-25 00:07:59,这次审核好快是因为央视爸爸答题了吗o(*RQ)ツ┏━┓拍桌狂笑,0,0
577,污蟹可击,男,2017-12-25 00:07:58,刚刚考研结束[小电视_哭泣],1,0
575,梦旅之遥Colya,保密,2017-12-25 00:07:49,不过洋节，来看国宝～[洛天依_爱你哦],2,4
574,荏苒若尘,保密,2017-12-25 00:07:45,前1000,0,0
573,请问你要吃一口皮蛋吗,保密,2017-12-25 00:07:41,你们看看进度条，超可爱的(｀?ω??),1,0
572,万岁威威,保密,2017-12-25 00:07:40,来晚了[狐妖_目瞪口呆],0,0
571,nichteinname,保密,2017-12-25 00:07:39,要是全国各大博物馆能联合推出一本passport就好了 去哪里搭一个章哈哈哈哈总有一天我要集齐一本的章(???),5,0
570,那个顶上的人,男,2017-12-25 00:07:39,前排刘明,0,0
569,画上折枝呀,女,2017-12-25 00:07:39,这回审核很准时呀(°?°)?,0,0
568,Hyper-bola,男,2017-12-25 00:07:38,前600,0,0
567,夏~梨,女,2017-12-25 00:07:36,收藏硬币一波 明天下班看,0,0
566,忘记密码停了手机号的宝宝,保密,2017-12-25 00:07:36,发现重要的事情说三次：我们有多年轻，中国上下五千年,0,0
565,花山独醉,男,2017-12-25 00:07:35,我擦，这次这么快？看来审核员心里终于有点数了,0,0
564,もしもし今晚吃什么,女,2017-12-25 00:07:34,啊啊啊啊啊啊啊来了！！！,0,0
563,用户后台程序,女,2017-12-25 00:07:32,整点更新？,0,0
562,金灿灿银闪闪,保密,2017-12-25 00:07:31,这么快的么，我来啦！！,0,0
561,雨天下的魔神,男,2017-12-25 00:07:26,好看。,0,0
560,一甩脸就是半个宇宙,男,2017-12-25 00:07:24,来了来了，前排,0,0
559,HUhuhuYF,保密,2017-12-25 00:07:23,！刘明,0,0
558,一拳一个嘤嘤怪ho,女,2017-12-25 00:07:23,前600[2233娘_耶][2233娘_耶],0,0
557,快使用扫堂腿,女,2017-12-25 00:07:19,不知道第几,0,0
556,Cielure,保密,2017-12-25 00:07:17,抢一个520QAQ,0,0
555,LawTseYee,男,2017-12-25 00:07:17,爸爸终于来了!!!,0,0
554,evapiano,女,2017-12-25 00:07:17,啊啊啊啊啊我大陕西博物馆！,0,0
553,~赫那拉的幻缡桥的,女,2017-12-25 00:07:16,来了来了，晚睡的福利啊，哈哈哈哈~~~,0,0
552,面面の小云澜です,女,2017-12-25 00:07:16,这评论区速度，服气[洛天依_可以],0,0
551,雨天下的魔神,男,2017-12-25 00:07:13,好看。,0,0
550,毛毛与泡泡,保密,2017-12-25 00:07:12,美滋滋，熬夜党的胜利,0,0
549,芷沂,保密,2017-12-25 00:07:10,西北望长安，可怜无数山。,0,0
548,Cielure,保密,2017-12-25 00:07:07,520么么哒～,0,0
547,太子大殿下,保密,2017-12-25 00:07:07,好早的一次,0,0
546,少年不器,男,2017-12-25 00:07:06,"赳赳老秦，独步天下。
花鸟相依，长恨歌散。
万国来朝，盛世威仪。
诗酒作伴，梦回长安。",1,0
543,柳下B,保密,2017-12-25 00:07:05,来晚了～,0,0
542,魉阿良,女,2017-12-25 00:07:03,今天守着直播看完了，虎符好萌啊辣么小一个,0,0
541,佛系燃烧,保密,2017-12-25 00:07:01,才六分钟就这么爆(⌒⌒),0,0
540,黑白女仆喵,女,2017-12-25 00:07:00,前排来也[小电视_害羞],0,0
539,平克6,男,2017-12-25 00:06:59,[小电视_赞]陕西历史博物馆,0,0
538,怎么办我也很想睡呀,保密,2017-12-25 00:06:58,前600？,0,0
537,缱绻浮生梦,女,2017-12-25 00:06:57,前六百占位置！,0,0
536,红红的树呀,保密,2017-12-25 00:06:55,肉眼可见速度,0,0
535,Anerbe,保密,2017-12-25 00:06:51,前排～,0,0
533,六合肄夜,保密,2017-12-25 00:06:46,啊啊啊啊啊！更新啦~~,0,0
532,Nitsu-,女,2017-12-25 00:06:42,这么刺激的时间啊,0,0
531,正义的坏蛋,保密,2017-12-25 00:06:39,前一千⊙⊙,0,0
530,一晌三更,女,2017-12-25 00:06:35,六分钟前！！！,0,0
529,百年抽象,保密,2017-12-25 00:06:35,521,0,0
528,liushenma,保密,2017-12-25 00:06:35,前一千,0,0
527,摩羯清竹VV,女,2017-12-25 00:06:32,今天刚去了河南博物院，期待有机会可以走遍九大博物馆,0,0
526,空扰大人,保密,2017-12-25 00:06:32,央视爸爸可不可以多出一些这样的节目，涉及各个领域，我们需要它们。这个想法是今天下午偶尔看到之前停办的青歌赛的视频才冒出来的，专业水准在同期无可匹敌，评委的演唱也是信手拈来，真的很震撼，之前一直跟着我爸在家看，现在看不到感觉好可惜。已经很少有看节目能激动到想哭的时候了，我们这一代的青年人，需要更多具有文化和专业的东西来引领、充实自我。这几年网络平台发展的那么快，有更多的人能够从各个渠道去了解、接触这些专业的知识，我知道做一档好节目很难，能被大众所接受更难，但是好的节目是经得起时间的考验，而且大家都会愿意为之宣传，暂时就想到这些，央视爸爸会不会看不到这个评论啊_(:з」∠)_,4,0
525,神明仔仔,保密,2017-12-25 00:06:31,居然不是第一????,0,0
524,aiko7lem,女,2017-12-25 00:06:31,我已经不是第一了,0,0
523,没错我是二货,保密,2017-12-25 00:06:29,来了！来了！,0,0
522,洒脱系智,保密,2017-12-25 00:06:29,前1000！,0,0
521,小雪的红头绳,女,2017-12-25 00:06:27,居然等到了,0,0
520,bilibili纪委监察部,保密,2017-12-25 00:06:25,你我坚守华夏的信仰，共筑中华的未来，你我便是那个从皇汉盛唐，到富宋刚明，到今天乃至未来的，永远的中国,4,0
519,这一勺甜,女,2017-12-25 00:06:25,来啦来啦,0,0
518,宝宝怕冷,保密,2017-12-25 00:06:22,大家都修仙的吗，天呐,0,0
517,Markleekiyomi,女,2017-12-25 00:06:22,来啦来啦,0,0
516,立志成为有锁骨的花花,女,2017-12-25 00:06:21,600！,0,0
515,还有最后50米,保密,2017-12-25 00:06:20,_(:3」∠)_,0,0
514,TiaBrrr,保密,2017-12-25 00:06:18,真准时！,0,0
513,游玩游趣,男,2017-12-25 00:06:17,520,0,0
512,今天九祺学习了吗,女,2017-12-25 00:06:16,一气呵成明天考完试再看,0,0
511,猪宝宝1,保密,2017-12-25 00:06:12,521！！！！,0,0
510,菲特saber,保密,2017-12-25 00:06:07,前排打call,0,0
509,立志成为有锁骨的花花,女,2017-12-25 00:06:07,前五百,1,0
508,二熊爱熊,女,2017-12-25 00:06:06,我是陕西咸阳人QAQ,0,2
507,泰完霉,保密,2017-12-25 00:06:06,500！！！！,0,0
506,流殇ギ,男,2017-12-25 00:06:04,抢不了250，我抢500还不行吗,1,1
505,铭记历史砥砺前行,男,2017-12-25 00:06:02,不过圣诞节来看国家宝藏ε=ε=(ノR?Q)ノ,2,1
504,蕾达鸭,男,2017-12-25 00:06:00,想上热评又想不到段子的我(?￣△￣)?,1,0
503,乌龙茶好喝呀,男,2017-12-25 00:05:59,陕历博的镇馆之宝唐兽首玛瑙杯 怎么没拿出来,0,0
502,影月乱,男,2017-12-25 00:05:57,能进前一千嘛？,0,0
501,苍南云,保密,2017-12-25 00:05:56,更新了,0,0
500,子规自归,女,2017-12-25 00:05:55,来啦来啦,0,0
499,风流月千秋,保密,2017-12-25 00:05:51,我来了！！给陕历博打电话！！,0,0
498,茶兔子咖啡,保密,2017-12-25 00:05:51,还能赶上500吗,1,0
495,询博望君兮,保密,2017-12-25 00:05:49,五分钟播放量破两千厉害了，大家都修仙啊????,0,0
494,大花假虎刺,女,2017-12-25 00:05:49,我来啦[小电视_笑],0,0
493,只可远观不可亵玩焉,保密,2017-12-25 00:05:48,梦回大唐(?；ω；`),0,0
492,立志成为有锁骨的花花,女,2017-12-25 00:05:48,前五百,0,0
491,喵kun,女,2017-12-25 00:05:48,央视要你熬夜，不敢不熬………,0,0
490,fugouyituo,男,2017-12-25 00:05:48,抢沙发啊,0,0
488,非笔_,女,2017-12-25 00:05:43,秦简那一期，小撒演的喜说到秦法“奖军功，设郡县”，当时听了就听了，没有多想，没想到在看虎符这段的时候，突然想起来。这简单的六个字，在历史上，其实也是很波澜壮阔的啊QwQ,15,0
487,sususli,女,2017-12-25 00:05:42,哇哇哇哇，开心,0,0
486,师诗2017,保密,2017-12-25 00:05:41,多少楼了？,0,0
485,铭记历史砥砺前行,男,2017-12-25 00:05:34,(=?ω?=),2,0
484,别叫我小芯,女,2017-12-25 00:05:33,先留个名，明天早上再看,0,0
483,笔心,男,2017-12-25 00:05:31,这，UP主你这是这么喜欢深夜投放啊_(:з」∠)_,0,0
482,不靠谱本谱,女,2017-12-25 00:05:30,晚睡福利～,0,0
481,bypppo,男,2017-12-25 00:05:24,等会儿画质好点再看。,0,0
480,桐离i,男,2017-12-25 00:05:24,国家宝藏  我来了,0,0
479,光阴的故事0822,保密,2017-12-25 00:05:23,哇哇哇，为我大陕西打call,0,0
478,小黑怪lbm,男,2017-12-25 00:05:19,438的我,0,0
477,青青的沫沫,保密,2017-12-25 00:05:17,哇哇哇，更新了啊,0,0
476,57牛奶_咸鱼一条,女,2017-12-25 00:05:17,前五百,0,0
475,蝎子尾巴9212,保密,2017-12-25 00:05:16,"欢迎大家走进陕历博感受三秦大地源远流长的历史积淀。（陕历博常设展览实行“免费不免票”参观制度，游客凭有效证件领取参观券进馆参观，大唐遗宝――何家村窖藏出土文物展和唐代壁画珍品馆则需付费参观。大唐遗宝展票价30元/人，唐代壁画珍品馆票价300元/人，学生票：150元/人。）参观完陕历博，你可以顺便去大慈恩寺、荐福寺、青龙寺、钟鼓楼、大明宫、城墙、书院门、关中书院、碑林、半坡遗址等看一看，这些名胜古迹均在市区内，公交车都能直达。Emmm......其余的等我想起来再补充.....
    陕历博基本每年都会去，每次去依旧会被震撼到。节目里提到的杜虎符和葡萄花鸟纹银香囊在常设展览就能看到。懿德太子墓壁画《阙楼仪仗图》藏于唐代壁画珍品馆，300元的票价少氪几个圣晶石也就省出来了，近距离感受历史绝对终生难忘。参观陕历博推荐大家在官网预约订票，现场排队领票的盛况请自行脑补。
    生于陕西，长于陕西，历史不是书籍上冷冰冰的几行字，也不是纪录片里默默声的几帧画面，它已经融于我们的生活，是有温度的，有情绪的。我们会和恋人在青龙寺赏美丽的樱花；会约朋友去鼓楼里的回坊大快朵颐；会和家人散步于大雁塔前看看喷泉，赏赏夜景；会登上城墙和五湖四海的朋友一起跑马拉松赛；会调侃自己的大学不发掘出个古墓会不好意思。
     这方水土可能并不完美，外界也有误解。撇下这些不谈，至少来这里感受厚重的历史一定不会错。耳听为虚，眼见为实，欢迎大家来我的家乡，带你们去吃正宗的三秦套餐（凉皮、肉夹馍、冰峰汽水）PS.请不要把网络上夹了青椒、咸菜之类的东西称之为肉夹馍，我第一个反对，谢谢。佛系用户电视上已经看过直播了，为了家乡就想来小破站说点什么。好累，去吃夜宵（油泼面）了，在西安等你们找我面基啊！",146,16
474,清汤牛肉粉,保密,2017-12-25 00:05:16,央视也爱凌晨发了吗(?Д?≡?д?)!?,1,0
473,blangkaz,保密,2017-12-25 00:05:15,等了一晚上了~,0,0
472,落英扶K,女,2017-12-25 00:05:12,终于等到陕西历史博物馆了！！！为陕西历史博物馆打call！！,1,0
471,兴欣公会_神说要有光,保密,2017-12-25 00:05:10,前排！！！,0,0
470,楠风凉妒津,保密,2017-12-25 00:05:09,日常签到,0,0
469,霉_1314,女,2017-12-25 00:05:08,（￣￣）,0,0
468,龟梨咩酱,男,2017-12-25 00:05:06,四分钟前,0,0
467,JoY桑不加糖,女,2017-12-25 00:05:06,留名表白！,0,0
466,纯洁白豆腐,保密,2017-12-25 00:05:04,四分钟前,0,0
465,wangkun141,保密,2017-12-25 00:05:04,我的天，你们都不睡觉的吗？,0,0
464,果子可以吃了吧,女,2017-12-25 00:05:02,打call！！！,0,0
463,4142lizn,男,2017-12-25 00:05:01,占住位置 前10000,0,0
462,攒一袋阳光,保密,2017-12-25 00:05:01,第一次这么前,0,0
461,一瞬间的时光,保密,2017-12-25 00:05:00,好快，默默抢个前500，B站二刷走起,0,0
460,就酱算了,保密,2017-12-25 00:05:00,白天刚看了妖猫传，晚上就是陕博，这一天美滴很,1,3
459,修身养心小生王也,保密,2017-12-25 00:05:00,大家晚上好，单身狗们，吃狗粮的日子到了,0,0
458,棒棒w,保密,2017-12-25 00:04:59,各大博物馆只去过陕博，前排看陕博,1,0
457,__啊噗__,女,2017-12-25 00:04:58,终于等到你(⌒⌒)算了明天还有课（#-_-)┯━┯,0,0
456,我亦浪迹至此,保密,2017-12-25 00:04:57,大家圣诞节快乐,0,0
455,梦周先生,女,2017-12-25 00:04:56,前排留名！！,1,0
454,爱吃芥末的majiko,男,2017-12-25 00:04:56,不是420我我我就嘤嘤嘤,0,0
453,特立独行的居y,保密,2017-12-25 00:04:54,前前前_(:3」∠)_,0,0
452,伊奢石年,女,2017-12-25 00:04:46,500！！！！,0,0
451,云间hhh,保密,2017-12-25 00:04:41,评论真的快,0,0
450,竹小息,保密,2017-12-25 00:04:41,更新啦~,0,0
449,卷毛bear,保密,2017-12-25 00:04:40,圣诞快乐，不知道第几，前,0,0
448,无产阶级之惩戒,男,2017-12-25 00:04:37,修仙学历史,0,0
447,乘风飒沓,男,2017-12-25 00:04:36,开头音乐贼好听,0,0
446,疯云海,男,2017-12-25 00:04:36,修仙啊！！官方不让休息的,0,0
445,新新生,女,2017-12-25 00:04:33,三分钟前？,0,0
444,羊咩咩mieang,保密,2017-12-25 00:04:32,前五百（￣￣）,0,0
443,mxsfen,保密,2017-12-25 00:04:31,坐前排,0,0
442,灵雨如歌,保密,2017-12-25 00:04:30,啥也不说了，先投币收藏推荐再观看，壮我中国,0,0
441,原为姑娘梦中人,保密,2017-12-25 00:04:30,_(:3」∠?)_,0,0
440,gbzwgbz,保密,2017-12-25 00:04:28,前500,0,0
439,设施农业科学与工程,男,2017-12-25 00:04:27,先来占个楼,0,0
438,落雪Sama,女,2017-12-25 00:04:27,你们怎么这么闲啊！！,0,0
437,TK0123,保密,2017-12-25 00:04:27,看到更新我就去睡觉,0,0
436,_满陂_,保密,2017-12-25 00:04:25,"黄帝自河南生，葬于陕西。
西周和东周。
李唐和武唐。
这两个【老年人】省份，似乎有种神秘的缘分。不知道节目组是不是刻意安排这两个在一起出现，一前一后。
河南博物院：“哎呀，果然是你。好久不见。”
陕西历史博物馆：“哈哈。再会再会。”(=?ω?=)",43,4
435,龙子御,男,2017-12-25 00:04:25,三分钟，300多评论(;?_?),0,0
434,C_云响儿,女,2017-12-25 00:04:25,终于等到你，还好没放弃,0,0
433,茶南小尹,男,2017-12-25 00:04:24,前1000,0,0
432,苏草纸,保密,2017-12-25 00:04:22,你们都不用睡觉的吗？,0,0
431,山下有棵扶苏树,保密,2017-12-25 00:04:21,前四百！,0,0
430,树执,保密,2017-12-25 00:04:21,嗷嗷！前排！,0,0
429,李小疯子vi,保密,2017-12-25 00:04:21,一连看完三期，把昨天当成周天，12点等了很久，都没有,0,0
428,AntiSym君,保密,2017-12-25 00:04:21,先投币再来看[小电视_害羞],0,0
427,我叫超级懒,男,2017-12-25 00:04:20,西安啊西安，十三朝古都,0,0
426,SavageNIAN,保密,2017-12-25 00:04:20,"前排来了


[小电视_赞]",0,0
424,默默流泪,男,2017-12-25 00:04:20,厉害啦[小电视_笑],0,0
423,泽畔。,女,2017-12-25 00:04:18,前500？,0,0
422,荆於之,保密,2017-12-25 00:04:16,前500为央视打call！,0,0
421,各种睡不醒,男,2017-12-25 00:04:16,终于等到了！！,0,0
420,萌芽孢子,女,2017-12-25 00:04:15,前排留名[狐妖_前排][狐妖_沙发],0,0
419,RRRR_酱prpr,女,2017-12-25 00:04:10,前前前,0,0
418,修改昵称用了6枚硬币,保密,2017-12-25 00:04:10,很好看,0,0
417,HAC鲨鱼坏旭旭,保密,2017-12-25 00:04:10,陕历博的18件镇馆之宝里面，只拿出来了一件阙楼仪仗图,1,0
416,沉迷美颜的Yuffy君,女,2017-12-25 00:04:07,审核越来越快了开心c(○^?^)??,0,0
415,-柳霖-,男,2017-12-25 00:04:05,二刷，电视直播看到那个香囊，心里woc这不是陀螺仪吗？[小电视_吃惊],1,0
414,Azazelasdez,男,2017-12-25 00:04:04,yoxi!,0,0
413,肿泡泡泡泡,女,2017-12-25 00:04:03,不睡了扶我起来,1,0
412,K9-K9,保密,2017-12-25 00:04:02,刚考完研追我大中华！,0,0
411,相思小姐,保密,2017-12-25 00:04:02,收藏投币一条龙(°?°)?,0,0
410,桐离i,男,2017-12-25 00:04:01,这次居然这么快,0,0
409,闪闪二飞酱,保密,2017-12-25 00:04:00,得天独厚四个字形容陕历博可以说是非常精辟了，个人是唐文化重度爱好者，唐诗万万首，王维的一句，九天阊阖开宫殿，万国衣冠拜冕旒，在我心中就是大唐盛世最贴切的形容。,23,0
408,Guo_Kevin,男,2017-12-25 00:03:59,看看时长想想明天周一上班，屁嘞，有什么好想的！,1,0
407,dys捣大蒜,女,2017-12-25 00:03:59,三分钟前！,0,0
406,此星程,保密,2017-12-25 00:03:57,终于等到你,0,0
405,慢慢来丶莫慌,男,2017-12-25 00:03:55,这是我见过评论涨最快的了。,0,0
404,MascaraLyx,女,2017-12-25 00:03:54,前…排…？,0,0
403,此名随机生成,男,2017-12-25 00:03:54,我说我怎么刷不出来，忘关注了，，，,0,0
402,蚊子今天学习了吗,保密,2017-12-25 00:03:53,啊！为什么要在睡觉前看到！www熬夜也要看！！,0,0
401,k线图图,保密,2017-12-25 00:03:53,啊啊啊啊啊啊啊我是第几,0,0
400,小邪的瓶子,女,2017-12-25 00:03:52,大家好快啊????,0,0
399,弥巷家,保密,2017-12-25 00:03:49,啊啊啊啊终于等到了,0,0
397,咸鱼干嗷,女,2017-12-25 00:03:47,前四百,0,0
396,kylit,保密,2017-12-25 00:03:47,可怕的评论 留个爪,0,0
395,独奕无二丶,保密,2017-12-25 00:03:46,我是不是第一个,0,0
394,苍天羽,男,2017-12-25 00:03:44,抢个前500,0,0
393,画畔听雨,保密,2017-12-25 00:03:42,圣诞快乐！,0,0
392,Alice千琪,女,2017-12-25 00:03:41,啊啊啊封面[小电视_太太喜欢][小电视_太太喜欢],0,0
391,请问你要吃一口皮蛋吗,保密,2017-12-25 00:03:41,来啦来啦,0,0
390,突击步枪48,保密,2017-12-25 00:03:41,前排前排,0,0
389,圣人惠的大胜利,女,2017-12-25 00:03:40,刷一发,0,0
388,甘木哎唉G,保密,2017-12-25 00:03:40,想看，但又想等段子弹幕来。很纠结，那就先祝大家圣诞快乐吧(=?ω?=),6,0
387,楚清欢,女,2017-12-25 00:03:38,来了来了,0,0
386,Cyrilm,男,2017-12-25 00:03:37,怎么不是超清？,1,0
385,fengsheng哈,保密,2017-12-25 00:03:36,修仙福利，虽然明天还要上班，无所畏惧r(￣￣)q,0,0
384,猫耳洛熙,男,2017-12-25 00:03:35,来了来了~~,0,0
383,弥巷家,保密,2017-12-25 00:03:33,下载下载,0,0
382,隔壁家的小司机,保密,2017-12-25 00:03:32,400_(:_」∠)_,0,0
381,来一碗番茄酱,保密,2017-12-25 00:03:32,算前排吗,0,0
380,隐居者cc,保密,2017-12-25 00:03:27,第几？,0,0
379,黄绿色盲,保密,2017-12-25 00:03:26,谁能告诉我苹果手机怎么更新弹幕？？,0,5
378,鲲-湫,男,2017-12-25 00:03:25,前五百，圣诞快乐,0,0
377,猫,保密,2017-12-25 00:03:24,好的，前四百,0,0
376,阿梵酱,保密,2017-12-25 00:03:24,(?￣△￣)?,0,0
375,隐约感,男,2017-12-25 00:03:23,????12点整，特意为陕博打call！,1,0
374,蓝苏打绿,男,2017-12-25 00:03:22,唐朝，啦啦啦，我最喜欢的朝代,0,0
373,朱一凤,保密,2017-12-25 00:03:21,卧槽卧槽看我发现了什么了不得的东东,0,0
372,尔山尔山,保密,2017-12-25 00:03:21,陕西人表示，壮哉我陕历博（?ò ? ó?）,1,0
371,汉之乔木,保密,2017-12-25 00:03:17,南方的才子北方的将，陕西的黄土埋皇上，东方帝王谷，秦川自古帝王乡……给拥有170余万件馆藏文物的陕西历史博物馆（没有省哦）疯狂打电话了……另外特别安利一个陕西本土up主的“三分钟陕西话讲历史”系列，例如这个【西安最贵的车-秦始皇陵铜车马】av10644571,0,0
370,四夕奈奈子,女,2017-12-25 00:03:16,明天放假的我终于能第一时间刷宝藏了哈哈,0,0
369,落花时节又逢君_暮雪,女,2017-12-25 00:03:14,打卡！,0,0
368,joker＆luna,保密,2017-12-25 00:03:13,秦(°?°)?,0,0
367,茗枫,保密,2017-12-25 00:03:12,修仙修仙！！！！圣诞快乐,0,0
366,失落的圣朝,男,2017-12-25 00:03:12,考完了考完了，来看看祖国的灿烂文化（￣￣）,0,5
365,嘻嘻嘻你已难逃一吸惹,保密,2017-12-25 00:03:11,前排给央视爸爸投上硬币[小电视_太太喜欢],0,0
364,活在冰城的异次元迷弟,保密,2017-12-25 00:03:10,来啦嘻嘻,0,0
363,_红豆年糕汤,保密,2017-12-25 00:03:06,来了来了来了！,0,0
362,忍冬科的金银花,女,2017-12-25 00:03:06,先下载,0,0
361,梦里看花花似叶,保密,2017-12-25 00:03:05,这数度，服,0,0
360,泣星,保密,2017-12-25 00:03:05,等弹幕肥了再看,0,0
359,可不得了,保密,2017-12-25 00:03:02,惊了，2分钟都300多楼,0,0
358,本honey是我,女,2017-12-25 00:03:02,来了来了,0,0
357,小原理事长,女,2017-12-25 00:03:02,两分钟！！！,0,0
356,百变小刚,男,2017-12-25 00:03:02,哟哟哟,0,0
355,若为良人,保密,2017-12-25 00:03:01,大家请努力发弹幕，明天有课，明天再补。,0,0
354,清殇苏墨,保密,2017-12-25 00:02:59,打call,0,0
353,德意志元首AH,男,2017-12-25 00:02:59,320是我的,0,0
352,失道者薛洋,保密,2017-12-25 00:02:58,前排？,0,0
351,你这辈子是我的人,男,2017-12-25 00:02:57,好准时啊,0,0
350,良药苦口酱,保密,2017-12-25 00:02:57,来啦！～(￣￣～),0,0
349,Mamapink扛旗大队长,女,2017-12-25 00:02:56,表白各大博物馆，特别期待我大湖南博物馆。不知道什么时候播,0,0
348,波川大介,保密,2017-12-25 00:02:56,我是250吗？,0,0
347,奇异果失联,保密,2017-12-25 00:02:55,挤进前400,0,0
346,ivystony,保密,2017-12-25 00:02:55,啊啊啊啊啊啊,0,0
345,忘记密码停了手机号的宝宝,保密,2017-12-25 00:02:54,2分钟！,0,0
344,夜斗夜斗姬,女,2017-12-25 00:02:54,啊啊啊更新了,0,0
343,旺旺DUT,男,2017-12-25 00:02:53,350,0,0
342,弟娃老父亲,男,2017-12-25 00:02:53,你们这些人的手速……为我大陕博疯狂打call！！,0,0
341,Lahhhhhm,保密,2017-12-25 00:02:52,这么快更新啊,0,0
340,hitdog,男,2017-12-25 00:02:51,两分钟！,0,0
339,Fan201701,女,2017-12-25 00:02:51,终于等到你,0,0
338,德意志元首AH,男,2017-12-25 00:02:51,391,0,0
337,爱唱小虫的歌,男,2017-12-25 00:02:50,"弹幕里面刷地名的，大家还是多多包容吧，毕竟看见自己家乡的国宝，那种荣誉感还有归属感爆棚，发自己的家乡地名也是情有可原嘛[小电视_害羞]
另外已经准备好随时举报喷子跟地域黑们",38,2
336,翩翩ct,保密,2017-12-25 00:02:49,陕历博????,0,0
335,菇呦菇呦嘿嘿嘿,保密,2017-12-25 00:02:48,我来晚了！哇！对不起我大陕西（/TДT)/,0,0
334,XK豆沙包,男,2017-12-25 00:02:48,不睡了！考试也不考了！我要学习历史！[2233娘_大笑],1,0
333,潇楠猞,保密,2017-12-25 00:02:47,哈哈哈，专门蹲着看,0,0
332,夏天过敏,女,2017-12-25 00:02:46,开始修仙吧各位！,1,0
331,德意志元首AH,男,2017-12-25 00:02:45,我来了,0,0
330,飞贼老爷,男,2017-12-25 00:02:44,www,0,0
329,一期一会Ci,保密,2017-12-25 00:02:44,终于等到你，陕博我不久前去过(??_?`),0,0
328,thug4mee,男,2017-12-25 00:02:42,哎，断网了,0,0
327,五十六只蚊子,保密,2017-12-25 00:02:41,300！,0,0
326,MDZZ李云龙,男,2017-12-25 00:02:40,圣诞快乐QAQ,0,0
325,流落_crd,保密,2017-12-25 00:02:40,谁他妈这么快,0,0
324,故事女皇雨zu,保密,2017-12-25 00:02:39,修仙福利?！！！！(°?°)?,0,0
323,昀昀尼啊,保密,2017-12-25 00:02:39,前三百啊,0,0
322,伤害全都靠吼,男,2017-12-25 00:02:38,1分钟300评论,0,0
321,XXQHHQ,保密,2017-12-25 00:02:37,275,0,0
320,backy太子,男,2017-12-25 00:02:36,打卡打卡,0,0
319,闰馀成岁,女,2017-12-25 00:02:36,评论是弹幕两倍，你们是人吗,1,1
318,汐漓洛,保密,2017-12-25 00:02:36,前五百,0,0
317,有所系,男,2017-12-25 00:02:35,"想起了大带川普游故宫……

大:我们的文明有五千年了

川普:我知道埃及有八千年

大:是，他们更长一点，但唯一没有断过延续下来的只有中华文明，哼哼，切

川普:that&#39;s great that&#39;s great
  
（当时听到大大那两个语气词就笑出了声，不信可以找出视频仔细听听）",3,0
316,木林森447,男,2017-12-25 00:02:35,来了来了,0,0
315,Chris疼,男,2017-12-25 00:02:34,打call 打call,0,0
314,三生之约一念通达,女,2017-12-25 00:02:34,看我刷到了啥（￣￣）为陕博打call（￣￣）,0,0
313,mercijio,保密,2017-12-25 00:02:34,前三百,0,0
312,知无卡夫卡,保密,2017-12-25 00:02:33,陕西的乡党们让我看到你们手里的荧光棒!!!,0,0
311,玄鸟子喵,保密,2017-12-25 00:02:33,第几！,0,0
310,NgKeiFung,保密,2017-12-25 00:02:33,你们都是长在这个破站的吗？！,0,0
309,昀酱→,保密,2017-12-25 00:02:32,前排(=?ω?=),0,0
308,好梦不长留,保密,2017-12-25 00:02:32,太快了,0,0
307,鸦熳,保密,2017-12-25 00:02:30,真准时,0,0
306,汉之乔木,保密,2017-12-25 00:02:30,南方的才子北方的将，陕西的黄土埋皇上，东方帝王谷，秦川自古帝王乡……给拥有170余万件馆藏文物的陕西历史博物馆（没有省哦）疯狂打电话了……另外特别安利一个陕西本土up主的“三分钟陕西话讲历史”系列，例如这个【西安最贵的车-秦始皇陵铜车马】av10644571,40,1
305,三山修,男,2017-12-25 00:02:28,关上前200的大门。并且往里面放一群二哈,0,0
304,怀中猫意中人呢呢,女,2017-12-25 00:02:28,圣诞快乐,0,0
303,晃晃林打唔,女,2017-12-25 00:02:28,老秦人在此～,0,0
302,luvlier,保密,2017-12-25 00:02:27,来啦来啦,0,0
301,弥巷家,保密,2017-12-25 00:02:27,等到了,0,0
300,回收越南小媳妇,保密,2017-12-25 00:02:26,快来人,1,0
299,轩然如心,保密,2017-12-25 00:02:25,[2233娘_吃惊]哇  准时更了,1,0
298,yaoyaod2,保密,2017-12-25 00:02:24,三百内吗？,0,0
297,Ciel_Zin,保密,2017-12-25 00:02:24,"(转载于舌尖上的中国第二季Armin叔评论)
1. 我在故宫修文物av3924328
2. 国脉・中国国家博物馆av4152415
3. 御膳房av4004813
4. 帝陵 av4619981
5. 中国通史av5670296
6. 北京中轴线av4378167
7. 大明宫av1730716
8. 大运河av4139898
9. 超级工程av6456542
10.航拍中国av8320409
11.舌尖上的中国第一季av3585546， 
第二季av4231881
12.长城av3122019
13.楚国八百年****2037
14.台北故宫av3578648
15.汉字五千年av250263
16.河西走廊av2229874
17.新丝绸之路av1242179
18.史说汉字av2483589
19.海昏侯大墓av3563428
20.复活的军团av522440
21.圆明园av1563053
22.东方帝王谷av2484328
23.望长安av4686831
24.布衣中国av8802176
25.大汉帝国av5332988
26.中华文明av3479721
27.历史的拐点av5957522
28.世界遗产在中国av4734362
29.再说长江av2120529
30.美丽中国av2251606
31.敦煌av5031538
32.敦煌画派****40353
33.与全世界做生意av2837502
34.留住手艺av3193310
35.第三极av8668069 
36.当卢浮宫遇见紫禁城av1458232
37.天河av2933029
38.光阴・西藏的西藏av4471131
39.中国高铁av9701763
40.筑梦路上av5053430
41.故宫100av4114589
42.我们诞生在中国av7346616
43.锦绣纪av6294513
44.古兵器大揭秘av5838576
45.大国重器av1806333
46.寻味顺德av4673559
47.味道云南av3692768
48.客从合出来av1088790
49.南宋av3613036
50.神秘的西夏av4670883",8873,194
296,hSAMA,男,2017-12-25 00:02:24,就专门等着更新呢,0,0
295,许墨的娘子,女,2017-12-25 00:02:23,我还以为我比较快,0,0
294,百里未离,男,2017-12-25 00:02:23,机智我哈哈哈,0,0
293,生煎斗真,保密,2017-12-25 00:02:22,来了！（￣￣）,0,0
292,mercijio,保密,2017-12-25 00:02:22,啊啊啊啊,0,0
291,欧派比较大了啦,女,2017-12-25 00:02:22,前三百？,0,0
290,大支哇,男,2017-12-25 00:02:21,前三百,0,0
289,询博望君兮,保密,2017-12-25 00:02:20,来了来了小激动(｀?ω??),0,0
288,我已走过,男,2017-12-25 00:02:19,250,0,0
287,墨小忘哟,男,2017-12-25 00:02:19,各位大佬圣诞快乐[2233娘_卖萌][洛天依_打尻],1,1
286,蝶舞天涯-苏雪,保密,2017-12-25 00:02:17,守着点啊！！,0,0
285,狐家小球,女,2017-12-25 00:02:16,来了来了~,0,0
284,元の硫酸,保密,2017-12-25 00:02:15,前300(°?°)?(°?°)?(°?°)?,0,0
282,XyXy805,男,2017-12-25 00:02:14,来了来了,0,0
281,O无昵称用户O,保密,2017-12-25 00:02:14,2**,0,0
280,弥巷家,保密,2017-12-25 00:02:14,啊啊啊啊啊,0,0
279,相思小姐,保密,2017-12-25 00:02:13,前排，终于等到了,0,0
278,玄鸟子喵,保密,2017-12-25 00:02:13,第几！,0,0
277,爱不一定做才叫爱,男,2017-12-25 00:02:13,稳不稳？,0,0
276,酒九九,保密,2017-12-25 00:02:12,"诸君，我想要上头条

第一次这么前排",0,0
274,书与惊鸿,女,2017-12-25 00:02:11,你们都是魔鬼吗？！！！,1,0
273,运命と恋心,男,2017-12-25 00:02:10,250[2233娘_疑问],0,0
272,长安_长安,女,2017-12-25 00:02:10,250嘛？,0,0
271,gsgsas,保密,2017-12-25 00:02:09,(⌒⌒),0,0
270,まふちゃん,女,2017-12-25 00:02:08,真的是准时准点啊 不到12点就是不更 哈哈哈哈,1,0
269,莫小菱,女,2017-12-25 00:02:07,来了来了,1,0
268,aiqinghai,保密,2017-12-25 00:02:06,前300！！,1,0
267,francium,女,2017-12-25 00:02:05,为陕博打电话！！！！！！！,0,0
266,糖炒栗子龟,保密,2017-12-25 00:02:05,占座啦！,0,0
265,荡漾疯,男,2017-12-25 00:02:04,(=?ω?=)前排,0,0
264,滋儿哇的沈砚奚,女,2017-12-25 00:02:03,准时啊,0,0
263,各种控のSsing,女,2017-12-25 00:02:03,!!!,0,0
261,Duの枭,男,2017-12-25 00:02:03,250,0,0
260,我不是哎呦哥哥噢,男,2017-12-25 00:02:02,我来了,0,0
259,阳光星宇,保密,2017-12-25 00:02:02,给起来,0,0
258,苍痕远景,保密,2017-12-25 00:02:02,！！！！！,0,0
257,流殇ギ,男,2017-12-25 00:02:01,250,0,0
256,第67号试验品,男,2017-12-25 00:02:01,前300！！！！！,1,0
255,_意中人_sweetheart,女,2017-12-25 00:02:01,关上前七十的大门，并踢了七十一的屁股,1,1
254,只想做你的影子A,男,2017-12-25 00:02:00,666666,0,0
253,莫子絮,保密,2017-12-25 00:02:00,这么多人,0,0
251,置酒高殿上,男,2017-12-25 00:01:59,来了来了,0,0
250,明月高楼休独倚,保密,2017-12-25 00:01:59,快，扶我起来，抢250,233,17
249,绍兴一杰,男,2017-12-25 00:01:59,陕西西安人在此，哈哈，撩咋嘞。,0,0
248,热河路有一家理发店,保密,2017-12-25 00:01:59,二百大门,0,0
247,水果店老板小啾一,女,2017-12-25 00:01:59,第一次直面更新（￣￣）,0,0
246,小花蛮}两三升丶,女,2017-12-25 00:01:57,前排~,0,0
245,allmzyryl,保密,2017-12-25 00:01:57,我是250(=?ω?=),1,0
244,吉E-12450,男,2017-12-25 00:01:57,在陕西上大学的路过。。。,0,0
243,挽韶光,女,2017-12-25 00:01:56,前排!,0,0
242,biliKF,女,2017-12-25 00:01:56,早！！！！！,0,0
241,行万里路回到内心深处,保密,2017-12-25 00:01:55,祝我成为时差党的一员,0,0
240,吃甜点的hero,保密,2017-12-25 00:01:53,陕博！！！[小电视_哭泣][小电视_哭泣][小电视_哭泣],0,0
239,运命と恋心,男,2017-12-25 00:01:53,250[2233娘_疑问],0,0
238,疯猫KrazyKat,男,2017-12-25 00:01:53,太棒啦,1,0
237,墨小忘哟,男,2017-12-25 00:01:50,哇(=?ω?=),1,0
234,热河路有一家理发店,保密,2017-12-25 00:01:49,关上二百大门,0,0
233,凋落幻,男,2017-12-25 00:01:49,前排留名央视十分的准时,0,0
232,初音ミク公主殿下赛高,保密,2017-12-25 00:01:49,哦，前两百！,0,0
231,翩叶惊鸿,保密,2017-12-25 00:01:48,今天上线好准时,0,0
230,后来的ki酱,保密,2017-12-25 00:01:48,终于等到你,0,0
229,南湾不冬,保密,2017-12-25 00:01:48,深夜福利！！,0,0
228,彡问卿知否彡,男,2017-12-25 00:01:47,这盖楼速度,0,0
227,沉歌君,保密,2017-12-25 00:01:47,前排我的,0,0
226,亦木雨,保密,2017-12-25 00:01:47,抢到了,0,0
225,OOKKKKKNNN,保密,2017-12-25 00:01:46,悄无声息的更新,0,0
224,董斯特洛夫斯基政伪,男,2017-12-25 00:01:45,我能上神评吗？？？,0,0
223,让蛐蛐身怀六甲的大爷,保密,2017-12-25 00:01:45,前排！！！！央视爸爸越来越准时了ε=ε=(ノR?Q)ノ打call！！！【准备自我膨胀！！！】,1,0
222,一小朵糖花,保密,2017-12-25 00:01:44,100,0,1
221,流殇ギ,男,2017-12-25 00:01:44,250,0,0
220,爱宝V宝,女,2017-12-25 00:01:43,前排~,0,0
219,专治不服1997,男,2017-12-25 00:01:43,先投币再收藏,0,0
218,YgTrece,保密,2017-12-25 00:01:43,前三百！,0,0
217,南村群妻夸我壮有力,男,2017-12-25 00:01:43,前500,0,0
216,沉默小丑皇,女,2017-12-25 00:01:42,我的妈呀，真的准时。我都快睡着了，终于出了！,0,0
215,JIUJINGYIFEN,保密,2017-12-25 00:01:41,前排 看完电视看b站,0,0
214,yoonakim_sul,保密,2017-12-25 00:01:41,刚上！！,0,0
213,zonkid,女,2017-12-25 00:01:41,第一名！！！,0,0
211,长安_长安,女,2017-12-25 00:01:40,噫你啥时候就4级了?!!!!,2,0
210,allmzyryl,保密,2017-12-25 00:01:40,我是250(=?ω?=),0,0
209,CHENGDIEYII,保密,2017-12-25 00:01:39,圣诞快乐！,0,0
208,杰杰杰杰的笑,保密,2017-12-25 00:01:39,前200（￣￣）,0,0
207,yybibix,保密,2017-12-25 00:01:39,来了来了,0,0
206,我在存,保密,2017-12-25 00:01:38,陕西人前来打卡！,0,0
205,JeromeDJ,男,2017-12-25 00:01:38,哈哈哈,0,0
204,长安任游侠,保密,2017-12-25 00:01:37,哇哇哇 激动啊,0,0
203,两颗肾且无毒,男,2017-12-25 00:01:36,大家圣诞快乐啦(=?ω?=),0,0
202,小海是我的,女,2017-12-25 00:01:35,真准时[小电视_吃惊],0,0
201,有所系,男,2017-12-25 00:01:35,"想起了大带川普游故宫……

大:我们的文明有五千年了

川普:我知道埃及有八千年

大:是，他们更长一点，但唯一没有断过延续下来的只有中华文明，哼哼，切

川普:that&#39;s great that&#39;s great
  
（当时听到大大那两个语气词就笑出了声，不信可以找出视频仔细听听）",15,3
200,流殇ギ,男,2017-12-25 00:01:35,250,0,0
199,秋色荡漾的酒,男,2017-12-25 00:01:34,前100,0,0
198,七十七号韭菜精,女,2017-12-25 00:01:34,前排(=?ω?=),1,0
197,七月夏祗,保密,2017-12-25 00:01:34,前前前,0,0
196,北纬三十五度七,男,2017-12-25 00:01:34,"国之重器，还得看我中华！

   随便来一句圣诞快乐",1,0
195,鱼鱼鱼鱼粉,女,2017-12-25 00:01:33,前120? .? ?,0,0
194,月月的食谱,男,2017-12-25 00:01:33,前二百,0,0
192,松云TY,男,2017-12-25 00:01:32,前一千，熬夜看,0,0
191,好学生福尔马,女,2017-12-25 00:01:32,哎呦好靠前(°?°)?,0,0
190,嗳书生,保密,2017-12-25 00:01:31,前排（￣￣）（￣￣）（￣￣）,0,0
189,地球照样转,保密,2017-12-25 00:01:31,250,0,0
188,拉姆豆豆,保密,2017-12-25 00:01:31,啊啊啊啊准时啊！,0,0
187,allmzyryl,保密,2017-12-25 00:01:31,我是250(=?ω?=),0,0
186,红烧排骨我最爱,男,2017-12-25 00:01:28,前500(｀?ω??),0,0
185,梦梦梦梦一场,女,2017-12-25 00:01:27,终于更新了,0,0
184,ddddddcfvdd,保密,2017-12-25 00:01:27,赶上了,0,0
183,能不能可_,保密,2017-12-25 00:01:26,啊啊啊啊啊啊为我大陕西疯狂打call！！！,1,0
182,别卖萌了元首,男,2017-12-25 00:01:26,先马后看,0,0
181,银色星辰,保密,2017-12-25 00:01:26,前排围观,0,0
180,lilliantong,女,2017-12-25 00:01:25,占楼！！！,0,0
179,键盘一顿乱按的大黑狗,男,2017-12-25 00:01:24,(⌒⌒),0,0
178,弦歌是也,保密,2017-12-25 00:01:23,平安夜！！看我刷出什么了（￣￣）然而明天要上课,0,0
177,线段,男,2017-12-25 00:01:23,前排哟,0,0
176,一个柠檬不够酸,男,2017-12-25 00:01:22,看能第几[2233娘_耶],0,0
175,日天huck,男,2017-12-25 00:01:22,圣诞快乐啊！！！！！,0,0
174,程锦秋,男,2017-12-25 00:01:21,前110,1,0
173,空弦响,男,2017-12-25 00:01:21,真准时,0,0
172,Lw王某,保密,2017-12-25 00:01:21,靠前评论,0,0
171,四水斋主,保密,2017-12-25 00:01:21,前排啊,0,0
170,_意中人_sweetheart,女,2017-12-25 00:01:21,前排表白央视爸爸,1,0
168,金秀贤撒狼黑,保密,2017-12-25 00:01:20,占一个。,0,0
167,我是一只小小仙女,保密,2017-12-25 00:01:20,刚一分钟……,0,0
166,你不吃西红柿吗,保密,2017-12-25 00:01:19,看看能不能关上什么大门之类的,0,0
165,银发的多串君,保密,2017-12-25 00:01:19,哇，大家都好快。,0,0
164,Youmu_Konpaku,男,2017-12-25 00:01:19,为陕博打卡,0,0
163,不如琴断,保密,2017-12-25 00:01:19,前~~耶耶耶耶耶,0,0
162,咿哟咿哟喂,保密,2017-12-25 00:01:19,可怕的速度,0,0
161,KRWKRW,男,2017-12-25 00:01:18,真准时啊[小电视_笑],1,0
160,VictoriaGao1995,女,2017-12-25 00:01:17,这次比较及时的赶上了,0,0
159,99个比利,女,2017-12-25 00:01:16,啊哈哈,0,0
158,ぁ,女,2017-12-25 00:01:16,(?￣△￣)?,0,0
157,allmzyryl,保密,2017-12-25 00:01:15,我是250(=?ω?=),0,0
156,一念长安一念天涯,保密,2017-12-25 00:01:15,来了。[芮小凸小凹_超棒],0,0
155,金蝶缀满万梨花,保密,2017-12-25 00:01:15,秦中自古帝王都～,0,0
154,幻想乡管理员,保密,2017-12-25 00:01:14,打卡！,0,0
153,果果是我哒,男,2017-12-25 00:01:14,喵喵喵,0,0
152,狂爆的野兽,男,2017-12-25 00:01:14,播放量不到一百，评论都这么多了？,0,0
151,kk长臂猿,保密,2017-12-25 00:01:14,第一次前一百留名,0,0
150,KaZezzzz,女,2017-12-25 00:01:14,前50！！,0,0
149,孟相言,女,2017-12-25 00:01:11,啊啊啊啊啊啊啊啊啊,0,0
148,单推坂道,保密,2017-12-25 00:01:11,好前啊,0,0
147,大c刺身,保密,2017-12-25 00:01:11,110,0,0
146,昵称是什么233,保密,2017-12-25 00:01:11,前排占座,0,0
145,乌兰夜之星,保密,2017-12-25 00:01:11,哈哈哈哈哈哈哈,0,0
144,Ar1241,保密,2017-12-25 00:01:11,准时上线,0,0
143,吧唧阿盟,女,2017-12-25 00:01:10,零点！！顺便祝大家圣诞节快乐,0,0
142,SeanHou,保密,2017-12-25 00:01:10,前排，老陕打卡。,0,0
141,Ashley_Ray,女,2017-12-25 00:01:10,前排打电话！！！！！,0,0
140,叶澜枫,女,2017-12-25 00:01:10,前排！！,0,0
139,罗小白不是猫,男,2017-12-25 00:01:09,养肥了再看,0,0
138,大桃子小西瓜,男,2017-12-25 00:01:09,刚刚好,0,0
137,Anpooi,男,2017-12-25 00:01:08,这么快 我的妈,0,0
136,XUPENG117,男,2017-12-25 00:01:08,前排！,0,0
135,李貅是只汪,女,2017-12-25 00:01:08,啊啊啊啊啊啊，终于等到你！,0,0
134,终有同归成殊途,女,2017-12-25 00:01:08,前30！,0,0
133,浩瀚吴垠,保密,2017-12-25 00:01:07,更新啦,0,0
132,五杀暴走,男,2017-12-25 00:01:07,这么准时的吗？,0,0
131,景严233,男,2017-12-25 00:01:07,前好多,0,0
130,你那下雪了嘛,男,2017-12-25 00:01:06,第几？,0,0
129,爱的火龙果,保密,2017-12-25 00:01:06,前排前排,0,0
128,糖醋香辣排骨大米饭,保密,2017-12-25 00:01:06,承包4个楼层[小电视_赞][小电视_赞][小电视_赞],0,0
127,看剑灰,男,2017-12-25 00:01:06,圣诞礼物吗这是,0,0
126,-明b-,男,2017-12-25 00:01:05,前排～(￣￣～)~,0,0
125,斯科皮麻麻,保密,2017-12-25 00:01:04,秒秒钟就100了,0,0
124,bilibili要优雅不要污,保密,2017-12-25 00:01:04,你们太快了吧,0,0
123,天下无双黑月酱,保密,2017-12-25 00:01:04,前排打卡明天看,0,0
122,我是随便取得,保密,2017-12-25 00:01:03,熬夜守国宝,0,0
120,一王杰希一,保密,2017-12-25 00:01:02,第一次这么前?,0,0
119,风则H7,男,2017-12-25 00:01:02,等弹幕,0,0
118,夏晓陌,女,2017-12-25 00:01:02,前排？！,0,0
117,青瞳冥月,女,2017-12-25 00:01:02,101,0,0
116,我超帅气啊,保密,2017-12-25 00:01:02,c(`Д?)?还让不让人睡觉了,0,0
115,_意中人_sweetheart,女,2017-12-25 00:01:01,哇，前排,1,0
114,翔炎飞凤,保密,2017-12-25 00:01:01,抢座位置50,0,0
113,毛嗲嗲的黑眼圈,保密,2017-12-25 00:01:01,哇哇哇,0,0
112,雪泣,女,2017-12-25 00:01:01,审核给力啊！,0,0
111,小黄书book,保密,2017-12-25 00:01:01,前排！！,0,0
110,起名很费脑细胞,女,2017-12-25 00:01:00,西安人来报道,0,0
109,简一~子,保密,2017-12-25 00:01:00,第一次那么前面,0,0
108,吧唧哥哥的李子,保密,2017-12-25 00:01:00,好前(??),0,0
107,SIXIANAA,保密,2017-12-25 00:00:57,前50嘻嘻,1,3
106,无奈小涔哥,保密,2017-12-25 00:00:57,前排前排楼,0,0
105,AnkaString,保密,2017-12-25 00:00:57,来啦！,0,0
104,仁慈的走走看看,男,2017-12-25 00:00:56,沙发！,0,0
103,黍。黍,男,2017-12-25 00:00:56,88！,0,0
102,威廉小饱,保密,2017-12-25 00:00:56,前排！！！！！,0,0
101,康娜酱什么的最喜欢了,男,2017-12-25 00:00:56,前前前,0,0
100,云间hhh,保密,2017-12-25 00:00:55,前100？,3,0
99,allmzyryl,保密,2017-12-25 00:00:55,我是250,0,0
98,Ciel_Zin,保密,2017-12-25 00:00:55,前排!!!,0,0
97,余冽lemon,保密,2017-12-25 00:00:54,快快快,0,0
96,那谁是我,保密,2017-12-25 00:00:54,100,0,0
95,逗鱼的星咖mon,女,2017-12-25 00:00:54,前60[小电视_赞],0,0
94,堂吉诃德ぅ,保密,2017-12-25 00:00:54,前排啊啊啊,0,0
93,长安_长安,女,2017-12-25 00:00:54,这次要抢到前排表白陕博!!!,1,1
92,OVO,女,2017-12-25 00:00:53,哎呀，更新！,0,0
91,璐璐不识路,女,2017-12-25 00:00:53,今天一定前排，拼了！！！(°?°)?,0,0
90,男男魅惑众生,女,2017-12-25 00:00:52,.前！！！！！,0,0
89,薇亦柔止99,保密,2017-12-25 00:00:52,前100不死于话多,0,0
88,狂爆的野兽,男,2017-12-25 00:00:52,前排围观,0,0
87,O起司猫君O,男,2017-12-25 00:00:52,打卡!,0,0
86,清水河探,保密,2017-12-25 00:00:51,"唯一一个一家老少一起追的综艺，爷爷尤其喜爱。幼时开始，便是爷爷与我讲各种各样的历史故事。从他的口中我知道了春秋战国，知道了秦皇汉武，知道了朝代更迭背后的心酸与野心，知道了中华大地历年来的荣耀与伤疤。一笔史书就是一个朝代的崛起，合起书卷就是一个帝国的消亡。有许多人出生，有许多人离去，有许多人一生野心未曾实现，有许多人孤勇过后含恨而终。
一把剑可能背负着家国的希望，一管笛子寄托的就是情义千秋。
当我们今天站在这里，细数历经风雨的国家至宝的时候，仿佛能闻到他们身上时隔千百年的泥土香，他们承载着当时创造他们的人的一份心愿，流芳至此，与我们不期而遇。
感谢『国家宝藏』这么有深度的节目出现，让我知道这些宝物背后的故事，或深恩大义，或悲哀恸人，更清楚的知道他们的重量等同国人的信念，更想用实际行动为保护国家宝藏做些什么。
我们中国有多年轻呢，上下五千年，而我们年轻人，就是这国家二字中一撇一捺汇成的脊梁，吾辈当自强！",8,1
85,不加冰神秘嘉宾,男,2017-12-25 00:00:51,哈哈哈,0,0
84,昵称壹,保密,2017-12-25 00:00:51,留名留名,0,0
83,DeathGazer1,保密,2017-12-25 00:00:51,终于等到爸爸的红包了~(｀?ω??),0,0
82,糖醋香辣排骨大米饭,保密,2017-12-25 00:00:50,开心c(○^?^)??,0,0
81,我爱春天啊,男,2017-12-25 00:00:50,前排！！！！,0,0
80,茯苓霜霜霜霜霜,保密,2017-12-25 00:00:49,哇啊啊啊啊啊啊啊啊前,0,0
79,不如一笑化云天,保密,2017-12-25 00:00:49,前排！！！,0,0
78,丶丶苏浅言,女,2017-12-25 00:00:47,果然准点,0,0
77,烨郇_玖,保密,2017-12-25 00:00:47,熬夜等到,1,0
76,法师安德森,保密,2017-12-25 00:00:47,前100,0,0
75,天行小健,保密,2017-12-25 00:00:47,没人，我来了！,0,0
74,EveCcyY,女,2017-12-25 00:00:45,哇！！,0,0
73,恋上筱可爱,男,2017-12-25 00:00:45,前排啊,0,0
72,你这么美我一定爱你,保密,2017-12-25 00:00:45,来啦???!(??????)??,0,0
71,乌鸦晨儿,保密,2017-12-25 00:00:45,深夜福利啊啊啊啊啊啊,0,0
70,小香批OvO,女,2017-12-25 00:00:45,终于等到了！,0,0
69,至苏夥莨妨,保密,2017-12-25 00:00:45,（￣￣）,0,0
68,爱画画的琼琼,女,2017-12-25 00:00:44,前100[小电视_赞],0,0
67,ove絮絮,男,2017-12-25 00:00:44,哈哈哈，赶上了,0,0
66,Sggggg,女,2017-12-25 00:00:44,前！！！！,0,0
65,六花よ,保密,2017-12-25 00:00:44,前100,0,0
64,有所系,男,2017-12-25 00:00:43,"想起了大带川普游故宫……

大:我们的文明有五千年了

川普:我知道埃及有八千年

大:是，他们更长一点，但唯一没有断过延续下来的只有中华文明，哼哼，切

川普:that&#39;s great that&#39;s great
  
（当时听到大大那两个语气词就笑出了声，不信可以找出视频仔细听听）",4,0
63,giao先辈,男,2017-12-25 00:00:43,诸位圣诞快乐哦！,0,0
62,慢慢来丶莫慌,男,2017-12-25 00:00:43,沙发！,0,0
61,提比茨,保密,2017-12-25 00:00:43,前排[2233娘_耶](=?ω?=),0,0
60,无奈小涔哥,保密,2017-12-25 00:00:42,前五十,0,0
59,逆战加油,男,2017-12-25 00:00:42,前排我来了,0,0
58,萧峰的酒,女,2017-12-25 00:00:42,前排，前排!,0,0
57,1156681771,女,2017-12-25 00:00:41,前前前前前！！！！(????ω????),0,0
56,心忆雨,保密,2017-12-25 00:00:41,更新这么快？,0,0
55,井上沙树,保密,2017-12-25 00:00:41,前!!!!!!(⌒⌒),0,0
54,-容与-,保密,2017-12-25 00:00:40,(￣3￣),0,0
53,糖醋香辣排骨大米饭,保密,2017-12-25 00:00:40,终于等到了,0,0
52,陕一小瞎子,保密,2017-12-25 00:00:40,吗？前十,0,0
51,空白yk,男,2017-12-25 00:00:39,抢第一失败啊,0,0
50,陈先生的哔哩哔哩,男,2017-12-25 00:00:39,这个就厉害了,0,0
49,吃梨子的羊,男,2017-12-25 00:00:39,(=?ω?=)汉中人前来报到～,1,0
48,allmzyryl,保密,2017-12-25 00:00:39,250,0,0
47,唐无晏,女,2017-12-25 00:00:39,哈哈！前排！！,0,0
46,爱萌a,女,2017-12-25 00:00:38,第一！,0,0
45,水之鉴,保密,2017-12-25 00:00:38,～(￣￣～)~,0,1
44,一月笼沙,女,2017-12-25 00:00:38,前100,0,1
43,扔掉面包边,保密,2017-12-25 00:00:37,十二点赶来,0,0
42,白木mua,男,2017-12-25 00:00:36,前！！,0,0
41,不要抢我白起老公,保密,2017-12-25 00:00:36,打卡，我来了,0,0
40,鬼枯,女,2017-12-25 00:00:35,前排！！！,0,0
39,S白菜啊,男,2017-12-25 00:00:35,前五十,0,0
38,王小黑是大坏蛋,保密,2017-12-25 00:00:35,前100,0,0
37,我叫大灰狠,保密,2017-12-25 00:00:35,报道d(●??｀●)?哇～,1,0
36,奶奶说不能用b站,男,2017-12-25 00:00:35,刚刚！,0,0
35,心梦灬雨滴,保密,2017-12-25 00:00:34,又睡不了觉了,0,0
34,风则H7,男,2017-12-25 00:00:34,刚刚。,0,0
33,ljmblack,男,2017-12-25 00:00:34,第一啊,0,0
32,ove絮絮,男,2017-12-25 00:00:34,前排，前排,0,0
31,爱吃老友粉的小七黑,保密,2017-12-25 00:00:34,前十名,0,0
30,家小哥我本命i,保密,2017-12-25 00:00:33,前排！！！,0,0
29,酒笙夏栀d,男,2017-12-25 00:00:33,我先来占个座[小电视_赞],0,0
28,独酌南轩,保密,2017-12-25 00:00:32,前10,0,0
27,博士贝,女,2017-12-25 00:00:32,我太开心啦！！！！,0,0
26,雪泣,女,2017-12-25 00:00:31,卧槽这么快！,0,0
25,苏三省老婆,男,2017-12-25 00:00:31,前十？,0,0
24,zappeor,男,2017-12-25 00:00:30,七！！,0,0
23,爱不一定做才叫爱,男,2017-12-25 00:00:30,好好学习，天天向上口牙！整个大西北，陕西而言是最有存在感的省（区）了！木有其他,0,0
22,糖醋香辣排骨大米饭,保密,2017-12-25 00:00:29,第8了,0,0
21,阿_卡_林,保密,2017-12-25 00:00:29,前排！！,0,0
20,瑞Aria,女,2017-12-25 00:00:29,哇 来了,0,0
19,如如yu,保密,2017-12-25 00:00:27,(⌒⌒)(⌒⌒)(⌒⌒),0,1
18,黄螺子,保密,2017-12-25 00:00:27,第一？,1,0
17,虞凰o,保密,2017-12-25 00:00:26,前排  我擦,0,0
16,驱逐r雨,保密,2017-12-25 00:00:25,咻咻咻,0,0
15,沫沫的小仓仓,保密,2017-12-25 00:00:25,啊啊啊啊啊啊前排！！！,0,0
14,准五蕴皆空,男,2017-12-25 00:00:25,来了来了！！！！,0,0
13,如果我们的铁骑继续,保密,2017-12-25 00:00:24,第一个,0,0
12,有枚一姬,保密,2017-12-25 00:00:24,啊啊啊,0,0
11,丶哩,保密,2017-12-25 00:00:24,_(??`」 ∠)__,1,0
10,时卿_逐世浮华仗剑行,男,2017-12-25 00:00:24,前十！,0,0
9,静宝1999,男,2017-12-25 00:00:22,第一!,0,0
8,陈先生的哔哩哔哩,男,2017-12-25 00:00:22,第一？,1,0
7,天将明明喵,保密,2017-12-25 00:00:20,第一个,1,0
6,啦啦啦啦呜呜飞,保密,2017-12-25 00:00:20,第一 啦啦啦啊,0,0
5,中国驻妙木山长者虫莫,男,2017-12-25 00:00:18,第一第一,1,0
4,博士贝,女,2017-12-25 00:00:18,第一期前收缩,0,1
3,空白yk,男,2017-12-25 00:00:16,第一？,0,0
2,驱车向晚,男,2017-12-25 00:00:16,国家宝藏(=?ω?=)我来了,1,0
