2081,rain绛,保密,2018-02-11 21:34:08,正在看最后一期，这回剑三BGM的覆盖率真的太高了，感动(?；ω；`),0,0
2080,空气の幽灵,男,2018-02-11 21:18:25,我全都要[2233娘_耶],1,0
2079,WOW丑婆,女,2018-02-11 21:08:44,啊啊啊啊啊啊，最后一期看了直播，心空,1,0
2078,一夜化雨,保密,2018-02-11 21:04:18,请收下我的膝盖[芮小凸小凹_膜拜]最后一期太棒了,3,0
2077,Sunny_柚子,女,2018-02-11 21:03:11,将进酒好炸！！！！(°?°)?,5,0
2076,紫玉winry,保密,2018-02-11 21:03:09,南京这期，婉约中透着一股大气！！很喜欢,6,0
2075,宋南光咣咣咣,保密,2018-02-11 20:53:25,"哇――才反应过来是最后了。还想再看哇――
今年高考，要努力去考上好的历史系或者考古系啦！",6,0
2074,大日琉璃,保密,2018-02-11 20:51:53,求把我是中国人的词贴出来（/TДT)/,4,0
2073,大日琉璃,保密,2018-02-11 20:45:12,今生不悔入华夏（/TДT)/,5,0
2072,鱼爱吃猫,男,2018-02-11 20:41:46,傅申老先生真的让我敬佩，二十一世纪是我们中国人的世纪！,8,0
2071,-莫紫-,女,2018-02-11 20:41:39,在看最后一期，还有刚才我好像听到笛子版的大鱼…(???),3,0
2070,捏一下呱一声,保密,2018-02-11 20:40:32,生在中国太好了，真的感动,1,0
2069,柠萌酸萌丶,保密,2018-02-11 20:29:18,哈哈哈哈。最后一集。。。和大人和纪大人又怼起来了,4,1
2068,柠萌酸萌丶,保密,2018-02-11 20:21:37,正在看最后一期直播。不得不说。最后一期太好看了 助演一起上[小电视_笑]国宝大汇总。。。不过限量版的门票好像要啊啊啊[2233娘_卖萌]，，看完直播发现央视爸爸好像看了B站小伙伴的留言和弹幕。,7,2
2067,亦非梦12345,保密,2018-02-11 20:05:29,哈哈，南博是明朝真爱粉啊,6,0
2066,伽微,保密,2018-02-11 19:59:27,太喜欢这期了，所以来三刷，还有( ?_f｀)我想知道那些ky的“历史学家”知道什么叫历史悖论吗？,0,0
2065,薪火T士,男,2018-02-11 19:56:54,玉琮玉琮！！！！,0,0
2064,薪火T士,男,2018-02-11 19:48:18,最後一期^看中,1,0
2063,夏夏啦啦啦啦啦,保密,2018-02-11 19:46:57,正在电视上看最后一期,2,0
2062,黛水,保密,2018-02-11 19:42:55,追了这么久，终于能在家看直播了，嘻嘻,1,0
2061,我是金针菇呀,保密,2018-02-11 19:41:20,完结了吗？,0,0
2060,乐墨丶,女,2018-02-11 19:38:23,国家宝藏好像真的要上春晚⊙?⊙！,2,0
2059,silence星尘,保密,2018-02-11 19:31:29,CCTV1等最后一期(=?ω?=),2,0
2058,雷斯垂德探长,保密,2018-02-11 18:04:55,哈哈哈哈哈哈，前天“过来铜”李依洋回复我微博了，昨天朱峰大大回复我微博了，高兴了一整天。ε=ε=(ノR?Q)ノ对了，朱峰大大告诉我冒海飞是被他派到《声临其境》当执行导演了。,14,0
2057,果花的性别是果花,男,2018-02-11 17:34:57,小六都快高兴坏了,0,0
2056,Lil_RainB,保密,2018-02-11 17:05:46,完结了吗,0,0
2055,micangqiong,男,2018-02-11 16:38:19,康熙多有远见？造枪炮的戴梓被他打发到北大荒种地,7,0
2054,玛德智力超群,女,2018-02-11 16:08:55,大家可以去看一下北京台的一个综艺，有请到国家宝藏助演和导演，B站上就有,0,1
2053,尼采不姓尼,男,2018-02-11 15:50:00,"不是明粉，但对明末的确很感兴趣，之前看到坤舆万国全图出来的时候也是挺激动的，明末的确是对中国乃至之后中华文化走向发展的一大机遇，可惜被强行打断了，好多人都不了解那段历史，利玛窦和徐光启还是好友。
徐光启翻译过大名鼎鼎的几何原本，并说”此书为用至广，在此时尤所急需，余译竟，随偕同好者梓传之。利先生作序，亦最喜其亟传也，意欲公诸人人，令当世亟习焉，而习者盖寡，窃意，百年之后必人人习之，即又以为习之晚也，而谬谓余先识，余何先识之有？”“此书为益，能令学理者祛其浮气，练其精心，学事者资其定法，发其巧思，故举世无一人不当学。……能精此书者，无一事不可精，好学此书者，无一事不可学。”徐光启的思想反映了当时已经收到西方思想的影响，已经开始注重理论的研究。中国传统的科技是以实践经验为基础，缺乏理论研究，这在传统农耕文明之下与西方的差距并不明显，自进入近代以来，西方逐渐走向了重视理论研究的学习西方科技的方向。徐光启已经认识到了这一点，在其著作中有明显的体现。",17,4
2052,Mr大好人,男,2018-02-11 13:55:20,厉害了?,0,0
2051,Mannstein,男,2018-02-11 13:10:53,前排挂一下，1969楼的这位BelmontZhang，已经失去人性，在他看来地域歧视比国家荣辱更重要，已举报。,7,0
2050,你才是萌妹,保密,2018-02-11 13:04:30,只有这一次，我想说一句：感谢cctv。不是梗，真心的。助演在线，内涵在线，就连广告都这么有气质。央视一出，谁与争锋。,12,1
2049,畸孕-,保密,2018-02-11 12:18:13,不希望地方台盗版这类节目。。嘛，这样的综艺还是央视爸爸弄比较好，不会不伦不类,14,0
2048,拉了3天3夜,保密,2018-02-11 11:26:54,1269万？第一期都只有200多万啊,2,1
2047,那一年我也变成光,男,2018-02-11 09:32:30,喜欢这节目，很有代表性。,0,0
2046,明茉,保密,2018-02-11 07:02:16,- -沈阳以前还叫盛京，真的服给城市改名字的人,0,2
2045,彼岸花蕊无刺,男,2018-02-11 04:25:58,"去年圆月时 花市灯如昼
月上柳梢头 人约黄昏后
今年圆月时 月月灯依旧
不见去年人 泪湿春衫袖",3,1
2044,彼岸花蕊无刺,男,2018-02-11 04:22:11,提到明朝我总能联想到 宣德炉 景泰蓝 万历柜,0,0
2043,彼岸花蕊无刺,男,2018-02-11 04:19:38,秦海璐和李湘是不是陷入过三角恋 没记错的话 多好的演员啊 支持,0,0
2042,彼岸花蕊无刺,男,2018-02-11 04:17:46,看到弹幕有人问为什么有的叫博物馆有的叫博物院 博物馆主要是陈列展示 博物院侧重文物研究  行政没有高低区分,1,0
2041,CandiceQin,保密,2018-02-11 02:14:22,山西博物馆刚翻修，我去年去了一下，真的很棒！希望能有山西博物馆，作为一个历史名城！,6,0
2040,Rolos,男,2018-02-11 01:10:40,"期待第二季
发现十年前故宫白去了，什么都不懂就在宫里东跑西跑看房子[小电视_发愁]
下个月一定去本地的四川博物院看看[小电视_太太喜欢]",7,0
2039,RossandJack,保密,2018-02-11 00:40:33,我在这o_O,0,0
2038,JELLY-兔,女,2018-02-11 00:31:05,说砖画上古琴就是反的 其实想想就知道 最初的粉本是画的正确的方向 模子按照粉本制作 印出来的砖画当然就是反的了( ?_f｀),2,2
2037,rF乃,保密,2018-02-10 23:46:36,弹幕很多半灌水，和优酷那边差不多，提到魏晋就只知道五石散。丝毫不考虑当时的历史背景，一味小看古人，只懂用愤青的观点去看一些问题 。我也是那个年龄段过来的人，知道和这个阶段的人辩论是没用的。有些东西真的要上点年纪才能想得通，看的全面,9,1
2036,浅色男子,保密,2018-02-10 23:00:27,张口满遗闭口满遗。换个词吧。这个词非常容易引战。并且很容易误导他人并造成联想。并且这个词本身就分两种解释。两种代表。很容易玩文字游戏。可大可小。请不要成为别人引战的工具。。客观的说，别有用心的人还是有的,10,0
2035,僖坝邢kashiyuka,保密,2018-02-10 22:46:07,我是南京人，我不介意别人说我们南京是徽京，南京人很包容的，能给安徽的同胞们带来医疗上的便利和福利，让苏南的某些偏激分子嘲讽下无所谓，来宁的安徽朋友确实比较多，但是这又如何呢？如果一座城市的人不能包容其他地域的文化，这种小肚鸡肠的心态我想和我们华夏的文化背道而驰吧，这世界就是和而不同才美，南京人都是包容和博爱的，南京的便利和现代化设施面向周边的所有朋友开放，周边的朋友们都要常来玩，当然也包括一些偏激的人，徽京在我们的意识里，根本不是一句嘲讽的词语。,18,7
2034,安K鱼,女,2018-02-10 21:53:17,郑和是皈依佛教的“菩萨戒弟子”法名“福善”，明永乐元年（1413年）刊刻的《优婆塞戒经》卷七上，郑和题记：大明国奉佛信官太监郑和，法名速南吒释，即福吉祥,3,3
2032,向日葵开过旧夏天,女,2018-02-10 21:25:08,关弹幕，保智商。,2,0
2031,鱼鱼031,保密,2018-02-10 20:35:45,是我网络不好吗？所有的完整国家宝藏内容都不能看，只能看几分钟的那种。,0,0
2030,巴拉桐人,保密,2018-02-10 20:22:53,画错了emmmm,0,0
2029,雪夜逆流,男,2018-02-10 20:11:02,明粉迟早把自己开除出地球去，笑死我了( ?_f｀),2,0
2028,许沐笙,保密,2018-02-10 20:07:55,某位同志，居然把我屏蔽了，本来还想和你客观的讨论历史，既然你这么主观，我也没有办法。就在这儿说吧，我说，有些人把清朝说成外族入侵我很心寒，咋的了？你是歧视满族还是想搞民族分裂？你还非要把日本的占领，说成大和名族西迁，还说我是不是也很心寒，我心寒个毛啊！占领能一样？非要扭曲我的话的意思。你，我没有屏蔽，随便说。本想和你客观谈谈历史，你要把我屏蔽，那我就无奈了r（s＿t）q我看你最近在评论区挺活跃，应该可以知道我说的是你。我可不打算和你撕，我们就客观的评价历史，不带情绪，可好？,9,22
2027,冰室辰也,男,2018-02-10 20:06:20,上体育课，学校操场上挖出陶瓷片……送到市里博物馆去了。,2,3
2026,姑苏城外寒山士,保密,2018-02-10 19:26:51,我想问问广陵散流传于世了吗？,0,2
2025,黑川小五郎,保密,2018-02-10 19:04:19,中央王国  说得太明显了吧。低调，低调！虽然我心里就这么想的嘻嘻(?B屺B?),1,0
2024,yunz19,女,2018-02-10 18:15:07,看个视频还要举报，累死我了( ?_f｀),2,1
2023,均_YUJUN,女,2018-02-10 18:09:04,有些人弹幕礼仪真的白学了,1,0
2022,假借不了,男,2018-02-10 17:07:29,"心疼大报恩寺_(:3」∠)_
另，城市交流周这个系列真的不错唉，希望有更多城市可以对外沟通起来(￣3￣)
对于美好事物的追求，一直在路上（￣￣）",3,0
2021,夏天在沙滩冲浪,保密,2018-02-10 15:59:45,在南京做都城的六朝除了东晋103年外，其他没有一个超过百年，所以南京是金粉之地，短命王朝。秦始皇觉得金陵王气盛，挖了秦淮河，楚威王也觉得金陵王气盛，挖了玄武湖，所以这样一折腾，南京的龙脉彻底掘断。,1,5
2020,卓韵未央,保密,2018-02-10 15:57:52,守护历史 守护锦锈华夏,0,0
2019,落樱吹雪,男,2018-02-10 15:55:59,弹幕人均历史学家，您要是生在大明，汉人定不至于被外族屠戮；您要是生在大清，中国人定不至于被列强欺压。那么问题来了，您老现在在哪个部当部长报效祖国呢？,20,6
2018,卓韵未央,保密,2018-02-10 15:53:31,不知道第二季有什么惊喜,0,0
2017,卓韵未央,保密,2018-02-10 15:52:11,挺好看的 期待,0,0
2015,怪物之旅无名以泊,保密,2018-02-10 14:32:38,"旗袍是民国时期的特殊服饰。跟奥黛有点姐妹花的意思。不是满族的民族服饰。满族对外时也不穿旗袍。至于喜不喜欢它，那就随便了。
说汉服不方便，到底戳到什么痛处，要争个不休。最方便的服饰当然是现代的运动服、卫衣之类。据我所知，除了夏威夷的服饰真轻盈方便外，其他民族服饰或多或少都是不方便的。
旧时代的东西跟这个时代，比方便能比的过吗？说个汉服不方便，就等于把汉服判死刑了吗？看开点吧。明星穿的礼服多数也是不方便的，但不妨碍各大时装品牌年年出各种礼服，红毯礼服秀年年都是花样。",16,12
2012,bigyellow在hall1,男,2018-02-10 14:05:08,本季最佳：乾隆[狐妖_大笑],2,0
2011,神游太虚99,男,2018-02-10 13:56:04,这期也挺棒的[小电视_赞],1,0
2010,幸福像花儿一样_5891,女,2018-02-10 13:15:46,不了解历史的人，一定会重复历史。希望每个华夏儿女都能为祖国争光[小电视_赞],6,0
2009,轰焦冻今日也要荞麦面,保密,2018-02-10 11:55:42,一看评论区，就能知道弹幕乱成什么样了。。算了，我去电视上看(-_-#),0,0
2008,二十四桥ming,男,2018-02-10 11:30:00,没有山东省的伤心,1,0
2007,惊蛰时夭,保密,2018-02-10 11:11:06,哎太棒了，期待第二季啊！,0,0
2006,光若无影,男,2018-02-10 09:29:44,每一期都很好看~,0,0
2005,SHEYLFOREVER,保密,2018-02-10 09:15:04,我终于get到了为什么说云锦灿若云霞,0,0
2004,葱头的纹身,保密,2018-02-10 09:12:35,前几天刚带学生去过，来重温,0,0
2003,圣诞书,保密,2018-02-10 08:58:49,你确定你俩在一个频道,0,0
2002,圣诞书,保密,2018-02-10 08:58:30,(???)(???)( ?_f｀)←_←卧槽，，你还懂丈,0,0
2001,圣诞书,保密,2018-02-10 08:57:44,大松果。，卧槽金,0,0
2000,圣诞书,保密,2018-02-10 08:56:42,河南类,0,0
1999,圣诞书,保密,2018-02-10 08:56:32,不是我,0,0
1998,圣诞书,保密,2018-02-10 08:56:19,天呐？了,0,0
1997,圣诞书,保密,2018-02-10 08:56:02,去哪里等,0,0
1996,在下纯牛奶,保密,2018-02-10 08:10:29,我现在都不敢开弹幕了，素质怎么就那么低？低就算了你还喜欢出来显摆显摆？？哪来的脸？？,0,1
1995,秋声辞,女,2018-02-10 08:03:29,昨天在学校里看到这期，看到大报恩寺那段时忍不住跟同桌说“古代南京真是梦一样的一座城”,0,0
1994,脑洞磊叔,男,2018-02-10 03:37:48,"水井坊是出镜最少的赞助商，然而存在感一点也不弱好吗，总有弹幕在提醒大家看水井坊2333
这是打了一场漂亮的营销战啊，和当年赞助《中国好声音》的加多宝一样",9,0
1993,心火树花,保密,2018-02-10 01:26:00,塔好漂亮，放在游戏里会不会那个场景绝了,0,0
1992,bwuzhehddj,保密,2018-02-10 00:35:28,"幸亏出来没多久就看了(｀?ω??)，之前有一期就因为戾气太重一直没看，准备过年之后看。
评论区的评论意料之中，明清←_←确实是个撕点，就算不是汉服党也是重大的撕点(?￣△￣)?。谈到明十之八九会扯到清。
其实吧，关于民族之间的恩怨，平时倒没事，但在一些人眼里这些未必是消除的r(￣￣)q。有些东西不好说(&lt;_&lt;)虽然我也不怎么太喜欢满清，但是呢，有些东西还真的别那么敏感(=?ω?=)。只能说幸亏我不是明粉和清粉，争论太累。",7,3
1989,开心宝贝战队,男,2018-02-09 23:17:16,这一集有关琉璃塔的剧场让我想起旅行青蛙的就我一个？琉璃塔是佛塔，而旅行青蛙也是佛系游戏，那个田兄就像那只青蛙，走了之后就不知道何时能回来，常回家看看（￣￣）,4,0
1988,w小白梦雅w,女,2018-02-09 23:13:41,学古琴的我看到最后一个超兴奋！,0,0
1987,三叶堇,保密,2018-02-09 23:12:11,看到弹幕里说，知道长颈鹿和麒麟的一定看过aph吧。。。emmmmmmm 。。我想说，郑和下西洋带回长颈鹿认为是麒麟，这个故事，真的是有的，拿自己来讲，第一次知道是看当年明月的?明朝那些事儿?，还在纪录片里看到过，历史书上还是历史老师口中都提过。。所以说，是个挺平常的故事。。。aph也是拿它做梗。。。,1,2
1986,九纾,保密,2018-02-09 23:10:50,为什么要屏蔽关键字安徽啊,0,1
1985,acg可怕的世界,保密,2018-02-09 23:00:14,喜欢张晨光老师,1,0
1984,浅色男子,保密,2018-02-09 22:43:40,看完节目，看到这个地图，。结合历史。个人感觉六国联军侵华。实际上是必然事件。,4,8
1983,玉洗藻前,女,2018-02-09 22:37:02,看完留名( ????? ),0,0
1982,吃货萌梓喵,保密,2018-02-09 22:23:14,地域黑就是地域黑，请不要和历史扯上关系，不要一副自己很懂得历史的样子。历史是庄重的不是让你用来骂人的,10,2
1981,safufu,保密,2018-02-09 22:23:07,说点什么呗~,0,0
1980,safufu,保密,2018-02-09 22:23:02,最后一期了，发现弹幕还有人不知道水井坊是干嘛的？卖酒的，顺便是国家重点文保单位，没办法，中国几千年历史，连个酒坊都随便几百年历史。这个赞助商与节目很契合啊，隐藏的文物。,9,0
1979,滑稽党委员长,保密,2018-02-09 22:08:21,总有人把满族和狗清政府联系起来，狗清是爱新觉罗家的，满族和汉族一样都是被爱新觉罗家压迫的，狗清造孽和满族同胞无关，满族同胞也不要敏感，我们只对爱新觉罗家族有意见，你们不要在意。一竿子打翻一船人的，他们是皇汉的耻辱。满族没有爱新觉罗家族，也没毛病。,3,3
1978,PQ九州,男,2018-02-09 21:59:32,拍影！拍影！拍影！把27件古物之前世今生串起砼某27部影！,1,0
1977,陆临兮,女,2018-02-09 21:15:04,这一期怎么戾气这么重，两朝互黑，地域黑叫嚣，衣服形制咯啥的，已经9集下去了，传统文化宣扬了9集怕是只看了没学会吧,7,1
1976,lycc578231,保密,2018-02-09 21:08:17,我特别喜欢所有国宝的今生故事部分，可以多介绍这些吗？,0,0
1975,阿尤的猫哟w,女,2018-02-09 20:36:29,明朝为什么亡了，大家心里不清楚么，为什么要吹。一个王朝会结束都是有原因的。我是汉人，但是真的无语那些一直推崇某个朝代或诋毁某个朝代人。咱们只能看到古代高层人的生活，切记不要把这些都幻想到古代所有人身上。,14,4
1974,大秦v始皇帝,保密,2018-02-09 20:32:02,明粉多半都是脑惨，明明没啥文化还使劲吹,2,2
1973,许沐笙,保密,2018-02-09 19:54:36,明清的朝代更迭被说成外族入侵我很心寒啊。。。你们是来看国宝了解历史的吗？历史从来不是主观臆造，也不是那么简单，不是说你知道一点史实就可以黑某某某个时代了。没有一个时代是完美的。历史从来都没有真相，有的只是一个残存的道理罢了。我们只需要取其精华就好，至于某某某个朝代的功过，不是你一个人说一点点史实就能够批判得了的！历史果然还是留给后人玩味啊……就说这么多了,4,8
1972,许沐笙,保密,2018-02-09 19:36:21,不懂哪些明黑和清黑有什么好吵的。已经成为历史，留给后人玩味罢了。不论以往朝代如何，都是大中国啊！,7,0
1971,许沐笙,保密,2018-02-09 19:33:33,明明都是我们大中国，有什么好争的?,1,0
1970,BHooo,保密,2018-02-09 18:59:30,请问电视有播吗？,0,2
1966,犬王麻鬼,保密,2018-02-09 14:44:27,期待下期的盛典！,0,0
1965,雪落黄河寂无声,保密,2018-02-09 14:19:12,地图炮一下，一向觉得朝代粉挺搞笑的，BB再多不还是亡了，一副某朝最好某朝最高的嘴脸，可不是把追星那一套到处玩哦。朝代不是一个人，哪里有好和不好能概括的，大凡有点真历史观的谁会把朝代当爱豆吹。就算是大唐盛世那也不过是一种向往而已，谁特么当爱豆吹谁**。,29,5
1964,哈士奇老爷,男,2018-02-09 13:36:24,想问个问题，大明时期就有看世界的地图了，为什么大清连英国都不知道在哪？,9,9
1963,看到小甜饼们就很开心,保密,2018-02-09 13:09:02,每次仲谋馆长一出来我就好想笑，一大堆人发弹幕表白，不过他真的很有气质啊,9,0
1962,SandWeigh,保密,2018-02-09 12:59:01,"别说了，明朝亡在制度，封建帝制你还想怎么发展。自古以来只要是统一的王朝都是自封大国，一辈子就困在世界一角，也难怪官员眼界太小。京官多年不下乡，情报传达不方便，地方蛇盘虎踞，皇帝生下来就死困在一城内，可不就知道为难眼前人吗。
我倒看那些遥在京都发出**旨意的京官上战场体会人间地狱还有没有脸讲什么听训圣人，孔老头替这些坏了心肝的人背了多少锅啊。
现实一点兄弟，大明亡了，大唐也亡了，周秦汉楚都亡了，有什么可吵的呢，是我们种花人民共和国对你们不好吗？",14,8
1961,听说改名可以活得欧气,保密,2018-02-09 12:57:53,万国图没有展出...,0,0
1960,正在放假三当家,男,2018-02-09 12:04:17,"哪个博物馆不重要，反正都是我大天朝的，兄弟我也不在意那些地域黑和地域吹，这节目兄弟看到的是文明的瑰宝，看的是真正的演员和艺人（不包括关傻彤和它的傻朋友等人，也不包括）以及辅演（蔡丞相、过来铜等）精湛的演技，是无数文明传承者和保护者的努力，是文明的颂歌！
要是你们真心觉得兄弟我在黑某些德艺双失的明星大可以举报我，但是让兄弟我被某些明星的水军举报、辱骂、骚扰，或者被13屎手底下的裁决团封禁我就是不服！",11,0
1959,噬神之蛇,男,2018-02-09 11:07:19,我问个事，日本不仅抢中国值钱的东西，还抢了不少的古书。这是真的吗？（从UC那看到的）,7,11
1958,捡起我的小月亮呀,保密,2018-02-09 08:19:20,期待！！(°?°)?,1,0
1957,骁骑营正黄旗都统一等子爵韦小宝,男,2018-02-09 03:17:58,"鞑清狄国倩聋蝗L 这人是引战的 恶心完了换ID 有种你别跑啊？你以为你换了ID就找不到你？
CONSABC",10,2
1956,逗贝勒,保密,2018-02-09 02:39:47,期待第二季，话说第二季的博物馆会有那些呢？？？,0,0
1955,古桥老哥,男,2018-02-09 00:20:10,金陵……,0,0
1954,幻妙星,男,2018-02-08 23:49:17,旗袍……这个没啥好撕的……因为现在你们所认为的旗袍是民国根据西方立体剪裁弄出来的服饰而已……和旗装关系不是很大……,17,5
1953,滚去学习看什么看,保密,2018-02-08 23:43:44,期待下一期,0,0
1952,Greech,女,2018-02-08 23:31:42,只是觉得清朝为了洗白自己拼命抹黑明朝很恶心罢了，连正史都带插画的朝代emmmm实在觉得搞笑。,12,0
1951,房顶上变成现,男,2018-02-08 22:54:45,哎，不同民族屠杀就显得很刺眼，没说他们对，但是屠杀哪朝都有，张献忠，太平天国。那个都不手软。至于清末，换了那个封建王朝不签不平等协议，要是明朝还在就更有意思了，君王死社稷，与列强战争一失败皇帝先死为敬，留下全国群臣无主，最后内乱亡国？文化没得洗，所以我喜欢宋朝。最后说一点点清朝的功绩，有了清朝，中国才有东北三省，漠河，绥远(内蒙古)，新疆，西藏这六省。所以，清朝没那么恶心，只是历史必然。,8,48
1950,时崎狂四,女,2018-02-08 22:53:19,希望最后一期有台北博物馆！！,3,0
1949,骨灰级老书虫,女,2018-02-08 22:39:16,"突然明白为什么这一集明黑和清黑吵得这么严重了。因为这一集三个明星全程演技在线，没法像前面几集一样吵演技问题，就只能吵起朝代问题了。
其实也没什么可吵的，每个朝代都有闪光点，比谁更厉害也不是三言两语能比出来的。有人看版图，有人看统治者，还有经济、军事、民生等等。就算比出来了也没啥意义。更多的只是为自己偏爱的朝代争口气而已。
每个人都要自己的喜好。比如我，我最喜欢还是现代哈哈哈。当然排末位的是元和清，倒不是因为非汉族统治，古代也不只这两个朝代是少数民族统治的，为什么不少人只喜欢黑这两个呢？我想，主要是因为元朝给不同民族分等级，清朝早期有屠杀、强制性同化汉人，后期又是一段屈辱史。不管是哪个民族的人，读了这些历史都难以喜欢起来吧。但是，再不喜欢元清，也不能去否认这两个朝代的贡献和优点。
每个朝代都是历史的一部分，是历史的必然。基于史实，实事求是，不要因为个人感性就拼命鼓吹或者诋毁抹黑某个朝代，才是尊重历史。
读历史是为了取其精华，弃其糟粕，以史为鉴，以免重蹈覆辙，而不是让人吵架，甚至闹出分裂这样离谱的笑话。
话说，就算有些弹幕对清朝的看法偏激了，也只是在黑一个灭亡的朝代而已，怎么就有一些弹幕上升到了搞民族分裂的问题？难不成是有人特意带节奏？",31,15
1948,北月半川,保密,2018-02-08 21:25:22,有第十集吗,0,2
1947,好名字♂,保密,2018-02-08 20:47:13,太棒了这期！！下期见！！,1,0
1945,倩若荨,保密,2018-02-08 19:43:36,表白南博,0,0
1944,积玉成山,保密,2018-02-08 19:21:03,张晨光整个过程都让我有种他很自豪，要叉会腰的感觉～(￣￣～)~,19,1
1943,丰碑下丶断桥边,保密,2018-02-08 19:18:21,那0.1是怎么回事,0,0
1942,柯里利斯.V,男,2018-02-08 18:54:50,"刚才看了一下微信国宝投票，金拱门（啊呸）琉璃拱门原来票数最少，现在竟然被刷到最高了。
是不是有一种钦定的感觉。",4,1
1941,是黝黝啊,男,2018-02-08 18:43:00,一直好奇，现场的观众是花钱进的还是请来的？(=?ω?=),0,3
1940,吴家小佛爷吴邪,保密,2018-02-08 18:27:52,善用举报，切勿撕逼。说话责任，三思后行。,10,0
1939,柯里利斯.V,男,2018-02-08 18:16:34,看了一下热评总结的守护语，感觉还是各种釉彩大瓶的守护语最稳，实在想不出好词了，干脆就“国之瑰宝”，二十七件文物全都能用r(￣￣)q,7,0
1938,上善若邪-,女,2018-02-08 18:07:47,如果每个博物馆只能选一个的话，我选故宫千里江山图、鄂博云梦睡虎地秦简、豫博妇好{尊、陕博杜虎符、辽博万岁通天帖、湘博皿方、沪博大克鼎【这个超难选，三个都喜欢】、浙博七弦琴、南博万国堪舆图,5,0
1937,荷夜若棋,保密,2018-02-08 18:06:39,"https://pan.baidu.com/s/1c37ow4w
这个是35分那里的bgm截取片段，实在找不到原音乐",4,0
1936,ouyangyumeng,保密,2018-02-08 18:05:33,真的，很不错，希望以后多出一些我们自己创作的节目,1,0
1935,白菜^,男,2018-02-08 17:11:16,"坤舆万国全图这个守护人今生故事里面
高俊老先生谈vr ar全息技术时有一段对话

张晨光：所以这些发明告诉我们，以后没有什么秘密了，咱们得小心行事。
张国立：你再小心我也可以到你们家里去。

张晨光是台湾人，张国立的这句看似调侃的潜台词真是别有深意啊~
(?；ω；`)是我想多了？",12,5
1934,红楼非酒,保密,2018-02-08 16:38:47,第十集是什么？,0,2
1933,超酷的小爷,保密,2018-02-08 16:15:42,为什么南博这集播放量这么少,1,4
1932,一朕惊一,男,2018-02-08 16:06:08,好看！舍不得！期待第二季,0,0
1931,尹相识,男,2018-02-08 15:51:23,不知道为什么突然想看各朝各代的君王坐在一起讨论现在中国的样子。。。原谅我脑洞大开（/TДT)/,21,8
1930,Bili_2528724,男,2018-02-08 15:47:42,我并没有说太平天国是个什么好鸟，但是曾国藩这种恶心玩意居然被捧为圣人和王阳明相提并论实在是某些人居心叵测，王阳明立功、立言、立德。他立了个什么?立功:平太平天国，知道他怎么平定的吗？屠城！所到之处不光太平军，他所带领的湘军沿路所有老百姓，上至80岁老人下至嗷嗷待哺的婴儿，见人就杀！见女人就奸杀！  立言:曾国藩家书?就这玩意？ 立德:综上所述可以知道他是个什么玩意,4,3
1929,Anonymousonion丶,保密,2018-02-08 15:07:05,打卡，继湖博后最好看的一期[小电视_太太喜欢],3,0
1928,知鹤sama,男,2018-02-08 14:57:32,有些人长一张嘴什么话都敢讲，太平天国运动的落后性不讲大学教育了，你中学历史没学过?封建小农阶级的糟粕能和无产阶级的**相提并论??还有为滥杀无辜洗白的，真是人不要脸，天下无敌,4,0
1927,袖珍国度,保密,2018-02-08 14:56:51,求 云锦绣 bgm,0,0
1926,核蛋鲜疯HLB17,男,2018-02-08 14:35:40,B战弹幕严重低龄化，看的揪心，还是关掉比较好,8,0
1925,Airzey,保密,2018-02-08 14:26:32,希望下一季能请张博来作守护人，我真的特别喜欢他，觉得他演的嬴稷特别好，要是能演个秦朝的前世传奇，就太好了！！！！！,4,1
1924,我为你写歌,保密,2018-02-08 14:18:51,"清朝还用黑吗？哥们？你真的没看过历史书？清军入关后共造下扬州十日、嘉定三屠、苏州之屠、南昌之屠、赣州之屠、江阴之屠、昆山之屠、嘉兴之屠、海宁之屠、济南之屠、金华之屠、厦门之屠、潮州之屠，沅江之屠、舟山之屠、湘潭之屠、南雄之屠、泾县之屠、大同之屠、汾州、太谷、泌州、泽州等等等，这些惨无人道的残杀，其手段之残忍，罪孽之深重比之岛国更甚。喜欢吹康雍乾？康雍乾三朝是清代文字狱肇始和为祸最烈的时代，规定了种种禁忌，甚至扑风捉影，对知识份子实行严格的思想管制，一有犯禁即遭到杀头甚至于灭族。祖孙三代合记十二次下江南，极尽奢靡挥霍，沿途百姓官府不堪重负，隋炀帝六下江南留下一条大运河，你清只留给御用文人写出“微服私访记”。纵容贪污，吏治腐败，养了八旗社会垃圾。最有名的就是“宁赠友邦，不予家奴”“扼杀维新变法……，翻开满清的历史，除了“屠杀”外能看见的就只有两个词：愚昧、卖国――从满清开始，直到一九一一年辛亥**前，世界史上再也没有一个中国籍科学名人、没有哪怕一项属于中国的技术发明，这个朝代签了那么多不平等条约，给外人夺取了那么多文明瑰宝！你告诉我这个朝代我需要去黑吗？
当然，我们骂的从来都是满清，以及那个时期的满人，那时候他们属于外敌入侵中国，我们中国原住民被他们奴役。和现在的满族人根本不是一回事。为什么总有人把满清和现在的满族绑架在一起?视频地下都有满族人自己表达了不要把满清和现在的满族相提并论的意愿，有些人一个个加什么戏呢？难道因为现在中国有日裔中国人，我还不能骂日本侵华了？客观看待历史有这么难吗？如果日本**大方方承认南京大屠杀，中国人对日本人的恨意肯定比现在轻多了不是吗？。藏着掖着只会起到反效果，洗白满清犯下的罪孽更是破坏当今民族团结的罪魁祸首!",29,5
1923,艾琪拉的猫,保密,2018-02-08 13:56:46,期待第十集盛典，我决定去全选了,0,0
1922,滚去学习看什么看,保密,2018-02-08 13:45:07,秦海璐厉害了,0,0
1921,清风何故乱翻书丶,男,2018-02-08 13:34:33,生么鬼玩意儿这么多撕逼的,0,0
1920,清风何故乱翻书丶,男,2018-02-08 11:56:00,进度条？？？,0,0
1919,成吉思汗大帝,男,2018-02-08 11:33:16,不是有人说有第十期台北故宫博物院吗？看来果然是假的。,2,2
1918,依袂然,女,2018-02-08 11:08:19,我很喜欢《国家宝藏》这个节目，国家，宝藏，我想每个人都能明白这个含义，中国的国家的中国人的宝藏，所以，我们每位中国人都应该悉心保护国家宝藏，保护中华文化！,5,0
1917,孤独的女鬼,保密,2018-02-08 10:52:12,这塔算是朱棣对生母的记念吧,0,0
1916,孤独的女鬼,保密,2018-02-08 10:50:14,田氏兄弟，也许人家搞基了，真是的。,0,1
1915,j24876122358,男,2018-02-08 09:54:50,撕撕撕，为衣服撕，为朝代撕，为民族撕……撕你妹啊！你们是来了解国宝的吗？别特么侮辱国宝了！傻X！大傻X！,25,5
1914,南羡鱼,女,2018-02-08 09:52:07,今天出发去南京博物院！！！,3,1
1913,漆黑烈焰使-卡洛,保密,2018-02-08 09:14:58,看完九期印象最深的就是各种油菜大瓶，每期弹幕都有这个梗[那兔_深思],10,0
1912,M_Osterreich,男,2018-02-08 02:07:03,"强行科普一下，鬼畜区的各位注意了啊
第二段请来的张晨光老师是咱们经典的鬼畜全明星之一，虽然大家可能没认出来
张晨光曾在2008念参演电视剧《欢喜来逗阵》，其中有一个桥段，是黄家新店开业，强尼却送来一堆花圈，黄家一把手（张晨光饰）非常生气，痛打了强尼一顿，然后强尼说是有人逼我的我才送过来啊，黄老追问“谁逼你的？”强尼说“我**得”，黄叔非常生气，说“**逼的？”旁边人也打岔说“是他**的”
23333333333",14,0
1911,雷斯垂德探长,保密,2018-02-08 01:12:52,我想看袁弘带着主演们喝酒的花絮。。。,8,0
1910,aijiedeyao,女,2018-02-08 00:51:46,江南佳丽地，金陵帝王州，表白南京博物院,2,0
1908,Junita猫,保密,2018-02-08 00:24:22,男明星的西装很出戏。亚洲男的穿西装怪怪的。而且西装给人一种过于硬朗、僵硬的感觉，比较严肃，不飘逸，不符合中国人的审美。男明星应该穿中山装或者汉服，或者民国长衫。,2,5
1906,风蓝高瑟,女,2018-02-08 00:01:54,古代朝代更替兴盛与败落都有迹可寻，明代是很好那它又为什么灭亡了呢？清代就真的百般不好吗？！历史就放那里你了解看完后侧重那一点这就属主观意识了……喜好哪个朝代属个人爱好就如我：特别钟爱唐比较不喜宋这都不算事……但一些人开始在弹幕评论里一出现明清与清朝就疯狂踩满人口口声声外族人～满～狗等等一些侮辱性词语的→_→这就让我很反感了这种感觉自己还高人一等的自信哪来的？？朝代分久必合合久必分的局面在古代有几千年的历史了，让一少数民族夺了天下就另眼相看了(；一_一)我国五十六个民族这种“血统论”的无疑是另一种心胸狭隘(;?_?)与之相对的是另一方对满族皇！姓！追捧……目前两方撕～逼在两件明朝国宝间相互撕←_←请还算理智的看客，像我一样不要参与一起举报屏蔽了省心省力( ?_f｀),15,2
1905,栗子同学君,保密,2018-02-07 23:29:41,不建议开弹幕惹,0,0
1904,沐橙惜,女,2018-02-07 23:13:52,哇  赞！[2233娘_卖萌][2233娘_耶],0,0
1903,鸟小虫,女,2018-02-07 22:52:11,弹幕里有一个人一直引战，像个神经病患者。前一秒还一口一个蛮夷，满遗，满人都该死。还说中华民族只指汉族。后一秒又自己精分说满族都是一家人，只喷当权的满族。大家别回他了，善用举报。因为有不同民族的融合，我们中华民族才有了各种各样的文化瑰宝。历史只是一段时间的进程，不管什么民族，都是中国人，都是一家人啊。,50,3
1901,苏梦枕的刀,保密,2018-02-07 22:21:14,这期弹幕怎么回事？引战的好多哦,3,4
1900,小香批OvO,女,2018-02-07 22:04:30,云锦真滴好看，有小伙伴知道南京哪里有卖吗(=?ω?=),2,5
1899,Amazinghyh,男,2018-02-07 21:55:55,这一期只有30多万播放量，难受,2,3
1898,越意拙溪,男,2018-02-07 21:54:49,好看到想骂人(｀?ω??),0,0
1897,殊漠轻轻,女,2018-02-07 21:41:13,弹幕飘过古人名字都好美的……我想说，能让你知道名字的都属于青史留名啦，张三李四王五古代怎么没有呀，不过已经消失在历史烟河中。这些美美的名字代表的是文化历史的符号，和我们印象中现代人的名字不好比的_(:3」∠)_,4,0
1896,傲然月,男,2018-02-07 21:37:57,期待第二季啊，希望能有我们广西[小电视_嘟嘴],3,0
1895,凰之鸣,女,2018-02-07 21:28:15,我都看过，但当时不知道这些文化背景啊[小电视_太太喜欢],1,0
1894,啃树皮的野人,男,2018-02-07 21:27:40,什么，还有一集啊,0,0
1893,泽言哥哥的柴犬,女,2018-02-07 21:27:10,啊啊啊啊啊啊啊啊啊啊好喜欢！！,0,0
1892,千结成歌,保密,2018-02-07 21:20:43,期待最后一期的盛典！,1,0
1891,shakk,保密,2018-02-07 21:07:28,"塔的外观色调一般都比较单调,琉璃平添亮丽色彩 也是一种引领当年代的时尚",0,0
1890,猗猗碧虚郎,保密,2018-02-07 20:54:39,这是最好的时代，也是最坏的时代。不要厚古薄今啊！,2,1
1889,秋北へ,男,2018-02-07 20:48:48,若无闲事挂心头,0,0
1888,桃酥卷卷,女,2018-02-07 20:45:07,这么晚才刷真是对不起我的央视爸爸但是真的舍不得（/TДT)/最后一期了,0,1
1887,双良大法好,保密,2018-02-07 20:36:50,"从家窗看过去就能看到重建的琉璃塔啦。为我大南京盖章。
顺便我觉得说什么徽京内斗的其实都是省外人在瞎抖机灵罢了……",7,0
1886,德赫斯,保密,2018-02-07 20:30:31,"关于塔的层数

塔的层数皆为奇数，单层、三层、五层、……十三层、十五层、十七层，偶数层的塔极罕见，连塔刹相轮也不例外。而培的平面智为偶数边形，如四角、六角、八角、十二角塔等，绝对没有奇数边的平面形式。除了构造上的原因外，其构思乃出于中国阴阳对立统一的宇宙观。数字在中国除了它的运算功能外，还被赋予哲学的意义。数字有奇有偶，有阴有阳。天数奇数，为阳数，生数；地数偶数，为阴数，成数。天在上，是圆的，向高发展要用天奇数；地在下，是方的，平面展开要用地偶数，这是中国人对数的讲究。天覆地载，高天厚地，天地合一，“所以成变化而行鬼神”，方才有“博厚配天，高明配地，悠久无疆”崇高境界的追求。  
 
　　当然，佛教也有自己的解释：塔的四边，象征四圣谛；六边象征六道轮回；八边即是八相成道；十二边指十二因缘等等，而塔的奇数层在佛教中则表示清白与崇高，“七级浮屠”之说亦为常人所知。不管怎样，印度串堵波在与中国楼阁的结合过程中，前者已被后者大大地同化了。",10,0
1885,蟹啦啦啦啦,保密,2018-02-07 19:55:01,南京博物院和南京博物馆千万不要搞错(??_?`),6,0
1884,憨货大战小黄鸡,女,2018-02-07 19:15:03,为我大湖北博物馆打电话,1,0
1883,憨货大战小黄鸡,女,2018-02-07 19:13:55,配音插曲妆容赞赞赞,1,0
1882,sshaonvxin,保密,2018-02-07 19:01:35,这期太美了，赏心悦目！,0,0
1881,大芮宝,女,2018-02-07 19:01:35,有很多城市都曾被命名为南京，但只有金陵城让南京这个名字得以永生。最让我骄傲的并不是古都的历史，六朝的繁华，而是无论这座城市经历过什么，她都不会自怨自艾，而是以自己独有的风骨活成一种姿态，从未泯灭于历史的尘埃之中,31,0
1879,初恋女友叫Gakki,女,2018-02-07 18:34:56,明天有约一波南博的吗？,1,0
1878,九九还久久,女,2018-02-07 18:18:47,看到那些评价太平天国和清朝历史的，一句呵呵，既然开如此纯粹的上帝视角，不如不看历史,3,4
1877,黄少天对象是我,女,2018-02-07 18:08:22,"我仅仅表达一下个人观点，一个朝代有一个朝代的辉煌和衰弱，这是历史发展的必然结果。尊重历史就好，逞口舌之快能给活在现代的你，带来什么？你有权去评价历史，但希望结果是从中得到教训，而不是一味责怪，“读史使人明智。”这句话送给你们。为中华之崛起而读书。
有点语无伦次了好像qwq但是弹幕实在是……
你们懂我意思就行。",15,3
1876,Sunsunzhang,保密,2018-02-07 17:32:02,好像我们学院的院长！,0,0
1875,有鱼年年,女,2018-02-07 17:28:03,安徽省会这个梗是以前11年12年左右宁杭对掐，一些杭州人给南京起的，当时是嘲讽DTS南京人都死光了，加上南京与周边一些城市的矛盾，所以南京的外号被更多地域狗联合叫起来（杭州也被起了个豫杭，不过影响力就没这么大了），弹幕跟风嘲嘻嘻哈哈的，只有我们知道这是侮辱，南京还有人，我们有归属感我们也像你们一样爱自己的家乡，请考虑一下更多南京人的心情,38,1
1874,艾婉婉,保密,2018-02-07 16:30:40,这期也好棒好棒！！,0,0
1873,_Loong_,保密,2018-02-07 16:14:21,"常胤绪《两仪玄览图序》译文：
我们探究天与地的范围内，其中大、小地方都有，而且各类物体间错落有致，不相冲突。探究天地造化的玄机与奥秘所在，粗粗细细都不会遗漏。其中的道理无穷无尽，是好学者尽情发挥的一门大学问。这种学问没有尽头，学习它的人一辈子的时间都学不完。这不是在贬低自己，而是来自西方国家的一位名叫利玛窦（西泰）的人的观点。 利玛窦来中国时，随身带着先进的工具和仪器。他不畏艰险，走了八万里水路和陆路，经过了几百个国家。想亲自看一看这个世界到底有多大，我们能说不是吗？他带着图籍航海，研究、测量天地间的物体，南极和北极所处位置的上、下，白天、黑夜的长短，空旷深远的宇宙（九重天），用以辨别和区分春、夏、秋、冬及天文、地理、人道（七政）的排序，弄清楚天地造化的深邃玄机所在，我们能说不是吗？ 利玛窦说过，我们脚下的大地就像一个圆形的球体，高悬在宇宙苍穹之间。上、下、左、右，四面八方的人依附在圆球的表面居住和生活。利玛窦是基督教徒，信奉天主教，为人厚道诚信，他所说的话是有道理的，是有依据的，并非怪异荒诞的邪说。因此，我及周围喜好这方面学问的同僚、名士，如都尉侯虞山公（侯拱宸），及缙绅宪臬冯慕（冯应京）、铨衡吴左海（吴中明）、缮部李我存（李之藻）、典客祁念东（祁光宗）、驾部杨疑始（杨景淳）、都水陈坚白（陈民志）、世胄李省勿（李应试）、阮余吾（阮泰元）等人，不仅相信利玛窦说的话，还慕名与他相识，学习他的知识，协助他完成《两仪玄览图》的制作和地图的刊刻。这一举动，使得周围的人，从前不知道的知道了，未见过的见到了，并让他们从中明白了许多的道理，包括天地之间无穷无尽的奥秘。而这些道理，要比跟在利玛窦身边的接待、翻译人员所说的还要深奥、宽广。即便是才智过人的文人雅士，极有修养的儒学者，也必须仔细认真地去研究和揣摩才能领会含义。从这幅前所未有的地图上，我们懂得了天地之大，造化之精妙。由于精力、能力和知识所限，上面所写的许多地方都是我们所从未去过的，甚至从来没有听人讲过，心里也没有意识过的。如此看来，在我们的周边，蕴含着最深刻的知识和道理的东西，就是这幅地图了。",6,2
1872,七月流火ッ,保密,2018-02-07 15:49:22,南京人表示不喜欢徽京的戏称，开玩笑最好也不要提，对于南京人来说这就是个骂人的名词。。。最早是用来嘲讽南京**屠杀死光了外来安徽人太多，现在说徽京是骂南京作为江苏省会却辐射安徽发展，很多都是想挑起江苏省内斗的，最好别提,23,0
1871,西瓜桃子四果汤,保密,2018-02-07 15:49:05,真真厉害，厉害(? ??_??)?，棒棒棒,0,0
1870,lilynisakura,保密,2018-02-07 15:46:47,说实在的，虽然战乱，尤其是农民起义毁掉了不少东西，但是也在精神层面兴起了不少，也深刻威胁着统治阶级，告诉他们如果做不好的下场是什么，也是我们国家能够代代交替而不像欧洲那样一个中世纪持续那么多年的原因。不能因为他们毁掉的就去过度责怪这些没受多少教育而且容易煽动的普通人，最多我们谴责下领导农民起义的有一定知识的人,3,1
1869,du12345du,保密,2018-02-07 15:24:38,借机瞎比比的，咋不说阿房宫还是被项羽烧毁的，古代哪次打仗不烧几个老建筑，黄鹤楼在唐末被军阀毁过，岳阳楼在民国被军阀毁过，咋不见你们逼逼……,4,1
1868,茉莉莉的茶儿,保密,2018-02-07 15:18:37,秦海璐（￣￣）佩服,3,0
